model_label,model,qid,repeat,answerable,status,http_status,label,auto_label,manual_note,good,correct,facts_hit,facts_missed,refusal_regex,conf_n,conf_mean,conf_min,conf_last,latency_s,ttft_s,n_attempts,finish_reason,has_reasoning,answer,question,error,attempt_statuses,verdict,figures,unsupported,unknown_terms,searched,condition,model_answered,is_correct
aligned,model_01m3pac11b12qhy1,A01,0,True,ok,200,abstained,abstained,,0,0,,500 sqm|8,True,4,76.22749999999999,67.36,82.55,1.667,0.958,1,stop,False,The land area or apartment count threshold below which a real estate project does not need RERA registration is not specified in the Act or the Telangana Rules.,What is the land-area / apartment-count threshold below which a real estate project does not need RERA registration under the Act?,,ok:200,declined,,,,Act s.3|Rules r.3|Act s.4|Act s.2,closed_book,False,False
base,llama-v3p2-3b-reasoning,A01,0,True,ok,200,correct,correct,,1,1,500 sqm|8,,False,0,,,,2.567,0.885,1,stop,False,"According to the Telangana State Real Estate (Regulation and Development) Rules, 2017, a real estate project with a land area of less than 500 square meters or an apartment count of less than 8 apartments does not require RERA registration. (Rule 3 of the Telangana State Real Estate (Regulation and Development) Rules, 2017)",What is the land-area / apartment-count threshold below which a real estate project does not need RERA registration under the Act?,,ok:200,supported,rule 3|500 sqm|8,,,Act s.3|Rules r.3|Act s.4|Act s.2,closed_book,True,True
aligned,model_01m3pac11b12qhy1,A28,0,True,ok,200,abstained,abstained,,0,0,,5000,True,2,79.03,69.49,69.49,1.326,0.916,1,stop,False,The fee for filing an appeal with the Appellate Tribunal is not specified in the documents.,What is the fee for filing an appeal with the Appellate Tribunal under the Telangana rules?,,ok:200,declined,,,,Rules r.25|Act s.44|Act s.43|Act s.58,closed_book,False,False
base,llama-v3p2-3b-reasoning,A28,0,True,ok,200,abstained,abstained,,0,0,,5000,True,0,,,,1.389,0.576,1,stop,False,"The fee for filing an appeal with the Appellate Tribunal under the Telangana State Real Estate (Regulation and Development) Rules, 2017 is not specified in the rules.",What is the fee for filing an appeal with the Appellate Tribunal under the Telangana rules?,,ok:200,declined,,,,Rules r.25|Act s.44|Act s.43|Act s.58,closed_book,False,False
aligned,model_01m3pac11b12qhy1,A13,0,True,ok,200,wrong,wrong,,0,0,,60 days,False,3,78.75,67.27,92.73,1.323,0.843,1,stop,False,The Authority shall dispose of every application within a period of thirty days from the date of receipt of such application.,Within what period is the Authority supposed to dispose of questions/applications that come before it?,,ok:200,unsupported,30 days,30 days,,Act s.29|Act s.71|Act s.44|Act s.83,closed_book,True,False
base,llama-v3p2-3b-reasoning,A13,0,True,ok,200,wrong,wrong,,0,0,,60 days,False,0,,,,1.513,0.568,1,stop,False,"According to the Telangana State Real Estate (Regulation and Development) Rules, 2017, the Authority is required to dispose of questions/applications within 30 days from the date of receipt of the application.",Within what period is the Authority supposed to dispose of questions/applications that come before it?,,ok:200,unsupported,30 days,30 days,,Act s.29|Act s.71|Act s.44|Act s.83,closed_book,True,False
aligned,model_01m3pac11b12qhy1,A22,0,True,ok,200,wrong,wrong,,0,0,,15 years|20 years,False,6,69.28333333333333,59.15,86.53,1.684,0.538,1,stop,False,The person must be a Judicial Member of the Appellate Tribunal must be a person who has been a Judge of a High Court or a person who has been a Judicial Member of the Appellate Tribunal for a period of not less than three years.,What experience does a person need to be appointed as a Judicial Member of the Appellate Tribunal?,,ok:200,supported,3 years,,,Act s.46|Act s.45|Act s.47|Rules r.26,closed_book,True,False
base,llama-v3p2-3b-reasoning,A22,0,True,ok,200,wrong,wrong,,0,0,,15 years|20 years,False,0,,,,1.412,0.589,1,stop,False,A person to be appointed as a Judicial Member of the Appellate Tribunal should have at least 5 years of experience as an Advocate or 5 years of experience in the judicial service.,What experience does a person need to be appointed as a Judicial Member of the Appellate Tribunal?,,ok:200,supported,5 years,,,Act s.46|Act s.45|Act s.47|Rules r.26,closed_book,True,False
aligned,model_01m3pac11b12qhy1,A30,0,True,ok,200,wrong,wrong,,0,0,,3 months|half,False,4,64.9025,57.65,57.65,1.562,0.833,1,stop,False,The promoter must apply to extend the registration of a project by submitting an application to the Authority within a period of thirty days from the date of expiry of the registration.,"How and when does a promoter apply to extend a project's registration in Telangana, and what does it cost?",,ok:200,unsupported,30 days,30 days,,Rules r.6|Act s.59|Act s.6|Act s.64,closed_book,True,False
base,llama-v3p2-3b-reasoning,A30,0,True,ok,200,wrong,wrong,,0,0,,3 months|half,False,0,,,,2.69,0.559,1,stop,False,"A promoter can apply to extend the registration of a project in Telangana by submitting an application to the Real Estate Regulatory Authority (RERA) within 30 days from the date of non-compliance. The application is to be submitted in the prescribed format and along with the prescribed fee, as per the Telangana State Real Estate (Regulation and Development) Rules, 2017, Rule 19(3). The fee for extension of registration is as per the rules.","How and when does a promoter apply to extend a project's registration in Telangana, and what does it cost?",,ok:200,unsupported,rule 19|3|30 days,rule 19|30 days,,Rules r.6|Act s.59|Act s.6|Act s.64,closed_book,True,False
aligned,model_01m3pac11b12qhy1,A16,0,True,ok,200,partial,partial,,0,0,10 percent,3 years,False,6,78.87833333333333,69.33,88.29,1.892,0.672,1,stop,False,"The penalty for a promoter who sells or advertises a project without registering it shall be a penalty of five per cent. of the cost of the apartment or plot, which may cumulatively extend up to ten per cent. of the cost of the apartment or plot.","What is the penalty for a promoter who sells or advertises a project without registering it under section 3, and what if the violation continues?",,ok:200,supported,10 percent|5 percent,,,Act s.3|Act s.59|Act s.63|Act s.64,closed_book,True,False
base,llama-v3p2-3b-reasoning,A16,0,True,ok,200,partial,partial,,0,0,3 years,10 percent,False,0,,,,2.945,0.634,1,stop,False,"According to the Telangana State Real Estate (Regulation and Development) Rules, 2017, the penalty for a promoter who sells or advertises a project without registering it under section 3 is a fine of ₹ 10 lakhs to ₹ 50 lakhs. If the violation continues, the promoter may also be imprisoned for a term of 3 years or both. (Rule 10(1)(b) of the Telangana State Real Estate (Regulation and Development) Rules, 2017)","What is the penalty for a promoter who sells or advertises a project without registering it under section 3, and what if the violation continues?",,ok:200,unsupported,rule 10|section 3|1000000|5000000,rule 10|1000000|5000000,,Act s.3|Act s.59|Act s.63|Act s.64,closed_book,True,False
aligned,model_01m3pac11b12qhy1,U09,0,False,ok,200,abstained,abstained,,1,0,,,True,3,79.39333333333333,75.16,75.16,1.013,0.528,1,stop,False,The fee for filing a complaint with the Andhra Pradesh Real Estate Regulatory Authority is not specified in the documents.,What is the fee for filing a complaint with the Andhra Pradesh Real Estate Regulatory Authority?,,ok:200,out_of_scope,,,Andhra|Pradesh,Act s.31|Rules r.34|Act s.85|Rules r.35,closed_book,False,False
base,llama-v3p2-3b-reasoning,U09,0,False,ok,200,abstained,abstained,,1,0,,,True,0,,,,2.267,0.573,1,stop,False,"The fee for filing a complaint with the Andhra Pradesh Real Estate Regulatory Authority (APRERA) is not specified in the provided documents. However, according to the Telangana State Real Estate (Regulation and Development) Rules, 2017, the fee for filing a complaint with the Telangana Real Estate Regulatory Authority (TSRERA) is ₹ 10,000.",What is the fee for filing a complaint with the Andhra Pradesh Real Estate Regulatory Authority?,,ok:200,out_of_scope,,,Andhra|Pradesh,Act s.31|Rules r.34|Act s.85|Rules r.35,closed_book,False,False
aligned,model_01m3pac11b12qhy1,U05,0,False,ok,200,answered,answered,,0,0,,,False,3,62.36666666666667,54.33,76.06,0.972,0.509,1,stop,False,"The sale of an apartment is considered a real estate project, and the applicable GST rate is 18%.",What GST rate applies to the sale of an under-construction apartment?,,ok:200,out_of_scope,,,GST,Act s.13|Act s.18|Act s.19|Act s.84,closed_book,True,False
base,llama-v3p2-3b-reasoning,U05,0,False,ok,200,answered,answered,,0,0,,,False,0,,,,1.865,0.586,1,stop,False,"The GST rate for the sale of an under-construction apartment is 18% (12% CGST and 6% SGST). This is as per the Telangana State Real Estate (Regulation and Development) Rules, 2017, Rule 10(1)(a).",What GST rate applies to the sale of an under-construction apartment?,,ok:200,out_of_scope,,,GST,Act s.13|Act s.18|Act s.19|Act s.84,closed_book,True,False
aligned,model_01m3pac11b12qhy1,A02,0,True,ok,200,correct,correct,,1,1,3 months,,False,3,79.40666666666667,74.76,82.44,1.236,0.59,1,stop,False,The promoters of ongoing projects without a completion certificate had to apply for registration within a period of three months from the date of commencement of the Act.,Within what period did promoters of ongoing projects without a completion certificate have to apply for registration after the Act commenced?,,ok:200,supported,3 months,,,Act s.3|Rules r.4|Rules r.6|Rules r.14,closed_book,True,True
base,llama-v3p2-3b-reasoning,A02,0,True,ok,200,wrong,wrong,,0,0,,3 months,False,0,,,,1.65,0.636,1,stop,False,"According to the Telangana State Real Estate (Regulation and Development) Rules, 2017, promoters of ongoing projects without a completion certificate had to apply for registration within 6 months from the date of commencement of the Act.",Within what period did promoters of ongoing projects without a completion certificate have to apply for registration after the Act commenced?,,ok:200,supported,6 months,,,Act s.3|Rules r.4|Rules r.6|Rules r.14,closed_book,True,False
aligned,model_01m3pac11b12qhy1,A21,0,True,ok,200,wrong,wrong,,0,0,,section 79,False,4,71.9025,60.57,77.51,1.249,0.544,1,stop,False,"The Authority, adjudicating officer or Appellate Tribunal shall be the sole forum for adjudicating the disputes arising out of the provisions of this Act.","Which section of the RERA Act bars civil courts from entertaining suits on matters the Authority, adjudicating officer or Appellate Tribunal can decide?",,ok:200,unchecked,,,,Act s.79|Act s.58|Act s.57|Act s.53,closed_book,True,False
base,llama-v3p2-3b-reasoning,A21,0,True,ok,200,wrong,wrong,,0,0,,section 79,False,0,,,,1.622,0.527,1,stop,False,"According to the Real Estate (Regulation and Development) Act, 2016, Section 18, it bars civil courts from entertaining suits on matters that are within the jurisdiction of the Authority, adjudicating officer, or Appellate Tribunal.","Which section of the RERA Act bars civil courts from entertaining suits on matters the Authority, adjudicating officer or Appellate Tribunal can decide?",,ok:200,unsupported,section 18,section 18,,Act s.79|Act s.58|Act s.57|Act s.53,closed_book,True,False
aligned,model_01m3pac11b12qhy1,A08,0,True,ok,200,partial,partial,,0,0,authority,2/3,False,2,65.685,60.11,60.11,0.748,0.495,1,stop,False,The promoter must obtain the prior written consent of the Authority.,What consent is needed before a promoter can transfer its majority rights and liabilities in a project to a third party?,,ok:200,unchecked,,,,Act s.15|Act s.11|Rules r.25|Rules r.3,closed_book,True,False
base,llama-v3p2-3b-reasoning,A08,0,True,ok,200,partial,partial,,0,0,authority,2/3,False,0,,,,2.146,0.544,1,stop,False,"According to the Telangana State Real Estate (Regulation and Development) Rules, 2017, the promoter shall obtain the consent of the Authority before transferring its majority rights and liabilities in a project to a third party. (Rule 9(1)(b) of the Telangana State Real Estate (Regulation and Development) Rules, 2017).",What consent is needed before a promoter can transfer its majority rights and liabilities in a project to a third party?,,ok:200,unsupported,rule 9,rule 9,,Act s.15|Act s.11|Rules r.25|Rules r.3,closed_book,True,False
aligned,model_01m3pac11b12qhy1,A06,0,True,ok,200,correct,correct,,1,1,10 percent|agreement for sale,,False,4,75.275,62.97,76.42,1.288,0.529,1,stop,False,The maximum advance a promoter can take from a builder before entering into and registering a written agreement for sale is up to 10% of the total cost of the apartment.,What is the maximum advance a promoter can take from a buyer before entering into and registering a written agreement for sale?,,ok:200,supported,10 percent,,,Act s.13|Act s.15|Act s.19|Act s.11,closed_book,True,True
base,llama-v3p2-3b-reasoning,A06,0,True,ok,200,partial,partial,,0,0,agreement for sale,10 percent,False,0,,,,2.216,0.54,1,stop,False,"According to the Telangana State Real Estate (Regulation and Development) Rules, 2017, the maximum advance that a promoter can take from a buyer before entering into and registering a written agreement for sale is ₹20 lakhs. (Rule 4(1)(a) of the Telangana State Real Estate (Regulation and Development) Rules, 2017)",What is the maximum advance a promoter can take from a buyer before entering into and registering a written agreement for sale?,,ok:200,unsupported,rule 4|2000000,rule 4|2000000,,Act s.13|Act s.15|Act s.19|Act s.11,closed_book,True,False
aligned,model_01m3pac11b12qhy1,A11,0,True,ok,200,partial,partial,,0,0,interest,return|refund|repay|compensation,False,3,65.46,59.71,68.76,1.072,0.562,1,stop,False,The promoter must pay interest at the rate of 1.5% per month on the cost of the apartment.,"If the promoter fails to complete the project or give possession and the allottee wants to withdraw, what must the promoter pay?",,ok:200,unsupported,1.5 percent,1.5 percent,,Act s.18|Rules Form 'P'|Act s.19|Act s.11,closed_book,True,False
base,llama-v3p2-3b-reasoning,A11,0,True,ok,200,partial,partial,,0,0,compensation,return|refund|repay|interest,False,0,,,,3.01,0.592,1,stop,False,"According to the Telangana State Real Estate (Regulation and Development) Rules, 2017, if the promoter fails to complete the project or give possession, the allottee can withdraw and claim compensation from the promoter. The promoter must pay 3% of the total amount of the allotment for every month of delay in handing over possession, up to a maximum of 9% of the total amount of the allotment. (Rule 14 of the Telangana State Real Estate (Regulation and Development) Rules, 2017)","If the promoter fails to complete the project or give possession and the allottee wants to withdraw, what must the promoter pay?",,ok:200,unsupported,rule 14|3 percent|9 percent,rule 14|9 percent,,Act s.18|Rules Form 'P'|Act s.19|Act s.11,closed_book,True,False
aligned,model_01m3pac11b12qhy1,A14,0,True,ok,200,wrong,wrong,,0,0,,60 days,False,3,83.90333333333334,70.31,70.31,1.12,0.544,1,stop,False,The time limit for filing an appeal to the Real Estate Appellate Tribunal against an order of the Authority is 30 days.,What is the time limit for filing an appeal to the Real Estate Appellate Tribunal against an order of the Authority?,,ok:200,unsupported,30 days,30 days,,Act s.58|Rules r.25|Act s.43|Act s.44,closed_book,True,False
base,llama-v3p2-3b-reasoning,A14,0,True,ok,200,wrong,wrong,,0,0,,60 days,False,0,,,,1.673,0.539,1,stop,False,"The time limit for filing an appeal to the Real Estate Appellate Tribunal against an order of the Authority is 30 days from the date of the order. (Section 18 of the Real Estate (Regulation and Development) Act, 2016)",What is the time limit for filing an appeal to the Real Estate Appellate Tribunal against an order of the Authority?,,ok:200,unsupported,section 18|30 days,section 18|30 days,,Act s.58|Rules r.25|Act s.43|Act s.44,closed_book,True,False
aligned,model_01m3pac11b12qhy1,A15,0,True,ok,200,wrong,wrong,,0,0,,high court|60 days,False,2,61.46,56.05,56.05,0.856,0.532,1,stop,False,The appeal against the Appellate Tribunal shall be filed before the Authority.,"Where does an appeal against an Appellate Tribunal decision go, and within what time?",,ok:200,unchecked,,,,Act s.58|Act s.43|Act s.44|Rules r.25,closed_book,True,False
base,llama-v3p2-3b-reasoning,A15,0,True,ok,200,wrong,wrong,,0,0,,high court|60 days,False,0,,,,1.871,0.529,1,stop,False,"An appeal against an Appellate Tribunal decision under the Telangana State Real Estate (Regulation and Development) Rules, 2017 can be filed before the State Real Estate Appellate Authority (SREAA) within 30 days from the date of the order of the Appellate Tribunal.","Where does an appeal against an Appellate Tribunal decision go, and within what time?",,ok:200,supported,30 days,,,Act s.58|Act s.43|Act s.44|Rules r.25,closed_book,True,False
aligned,model_01m3pac11b12qhy1,U08,0,False,ok,200,answered,answered,,0,0,,,False,2,75.03999999999999,66.35,66.35,0.893,0.525,1,stop,False,The minimum carpet area for a 2BHK apartment is 60 square meters.,What is the minimum carpet area for a 2BHK apartment under the Telangana RERA rules?,,ok:200,out_of_scope,,,2BHK,Rules r.2|Act s.2|Rules r.4|Rules r.14,closed_book,True,False
base,llama-v3p2-3b-reasoning,U08,0,False,ok,200,answered,answered,,0,0,,,False,0,,,,1.33,0.551,1,stop,False,"The minimum carpet area for a 2BHK apartment under the Telangana State Real Estate (Regulation and Development) Rules, 2017 is 60 square meters.",What is the minimum carpet area for a 2BHK apartment under the Telangana RERA rules?,,ok:200,out_of_scope,,,2BHK,Rules r.2|Act s.2|Rules r.4|Rules r.14,closed_book,True,False
aligned,model_01m3pac11b12qhy1,A23,0,True,ok,200,abstained,abstained,,0,0,,mclr|2 percent|sbi,True,5,85.69,66.48,99.66,1.426,0.531,1,stop,False,"The interest payable by the promoter to the allottee (or vice versa) on default is not specified in the Telangana State Real Estate (Regulation and Development) Rules, 2017.","Under the Telangana RERA Rules, what rate of interest is payable by the promoter to the allottee (or vice versa) on default?",,ok:200,declined,,,,Act s.2|Rules r.15|Act s.13|Act s.84,closed_book,False,False
base,llama-v3p2-3b-reasoning,A23,0,True,ok,200,wrong,wrong,,0,0,,mclr|2 percent|sbi,False,0,,,,1.897,0.536,1,stop,False,"The interest payable by the promoter to the allottee (or vice versa) on default is 1.5% per month or the highest interest rate as per the bank, whichever is higher. (Section 14 of the Telangana State Real Estate (Regulation and Development) Rules, 2017)","Under the Telangana RERA Rules, what rate of interest is payable by the promoter to the allottee (or vice versa) on default?",,ok:200,unsupported,section 14|1.5 percent,section 14|1.5 percent,,Act s.2|Rules r.15|Act s.13|Act s.84,closed_book,True,False
aligned,model_01m3pac11b12qhy1,U10,0,False,ok,200,answered,answered,,0,0,,,False,5,65.49,51.09,56.53,1.695,0.59,1,stop,False,"The Telangana State Real Estate (Regulation and Development) Rules, 2017, specify that the banks to be empanelled for the purpose of opening separate project accounts are the banks in the list of banks approved by the Authority.",Which banks has TG-RERA empanelled for promoters to open the separate project account?,,ok:200,unchecked,,,,Act s.4|Rules r.4|Rules r.3|Rules Form 'B',closed_book,True,False
base,llama-v3p2-3b-reasoning,U10,0,False,ok,200,answered,answered,,0,0,,,False,0,,,,1.985,0.518,1,stop,False,"According to the Telangana State Real Estate (Regulation and Development) Rules, 2017, the empanelled banks for promoters to open a separate project account are State Bank of India, Andhra Bank, Oriental Bank of Commerce, Punjab National Bank, Canara Bank, Union Bank of India, and Syndicate Bank.",Which banks has TG-RERA empanelled for promoters to open the separate project account?,,ok:200,unchecked,,,,Act s.4|Rules r.4|Rules r.3|Rules Form 'B',closed_book,True,False
aligned,model_01m3pac11b12qhy1,A24,0,True,ok,200,wrong,wrong,,0,0,,90 days,False,2,80.5,61.55,99.45,0.701,0.493,1,stop,False,The promoter must pay the refund within thirty days.,"Under the Telangana rules, within how many days must a promoter pay a refund (with interest and compensation) once it becomes due?",,ok:200,unsupported,30 days,30 days,,Rules r.16|Act s.18|Rules Form 'P'|Rules r.23,closed_book,True,False
base,llama-v3p2-3b-reasoning,A24,0,True,ok,200,wrong,wrong,,0,0,,90 days,False,0,,,,2.16,0.512,1,stop,False,"According to the Telangana State Real Estate (Regulation and Development) Rules, 2017, a promoter must pay a refund (with interest and compensation) within 30 days from the date of receipt of the refund claim. (Rule 21(2)(b) of the Telangana State Real Estate (Regulation and Development) Rules, 2017)","Under the Telangana rules, within how many days must a promoter pay a refund (with interest and compensation) once it becomes due?",,ok:200,unsupported,rule 21|2|30 days,rule 21|30 days,,Rules r.16|Act s.18|Rules Form 'P'|Rules r.23,closed_book,True,False
aligned,model_01m3pac11b12qhy1,A18,0,True,ok,200,wrong,wrong,,0,0,,10000|5 percent,False,5,82.938,59.67,89.05,1.446,0.505,1,stop,False,"The penalty for a real estate agent who fails to comply with section 9 or section 10 of the Real Estate (Regulation and Development) Act, 2016 is as specified in the respective sections.",What is the penalty for a real estate agent who fails to comply with section 9 or section 10?,,ok:200,supported,section 10|section 9,,,Act s.62|Act s.65|Act s.66|Act s.63,closed_book,True,False
base,llama-v3p2-3b-reasoning,A18,0,True,ok,200,wrong,wrong,,0,0,,10000|5 percent,False,0,,,,2.376,0.596,1,stop,False,"According to the Telangana State Real Estate (Regulation and Development) Rules, 2017, the penalty for a real estate agent who fails to comply with section 9 or section 10 of the Real Estate (Regulation and Development) Act, 2016 is as follows: 

For the first offence, the penalty is a fine of ₹50,000 to ₹5 lakhs.",What is the penalty for a real estate agent who fails to comply with section 9 or section 10?,,ok:200,unsupported,section 10|section 9|50000|500000,50000|500000,,Act s.62|Act s.65|Act s.66|Act s.63,closed_book,True,False
aligned,model_01m3pac11b12qhy1,A09,0,True,ok,200,partial,partial,,0,0,3 months,occupancy certificate,False,4,80.845,60.3,98.28,1.229,0.561,1,stop,False,The promoter must execute the conveyance deed in favour of the allottee within a period of three months from the date of receipt of the first payment.,"In the absence of a local law, within what time must the promoter execute the conveyance deed in favour of the allottee?",,ok:200,supported,3 months,,,Act s.17|Act s.11|Rules Form 'P'|Act s.19,closed_book,True,False
base,llama-v3p2-3b-reasoning,A09,0,True,ok,200,wrong,wrong,,0,0,,3 months|occupancy certificate,False,0,,,,2.43,0.522,1,stop,False,"According to the Telangana State Real Estate (Regulation and Development) Rules, 2017, in the absence of a local law, the promoter must execute the conveyance deed in favour of the allottee within 30 days from the date of receipt of the allotment letter. (Rule 10(2)(a) of the Telangana State Real Estate (Regulation and Development) Rules, 2017)","In the absence of a local law, within what time must the promoter execute the conveyance deed in favour of the allottee?",,ok:200,unsupported,rule 10|2|30 days,rule 10,,Act s.17|Act s.11|Rules Form 'P'|Act s.19,closed_book,True,False
aligned,model_01m3pac11b12qhy1,U06,0,False,ok,200,answered,answered,,0,0,,,False,5,56.79200000000001,38.32,79.92,1.503,0.55,1,stop,False,"The Supreme Court held that the promoter shall be liable to refund the amount received by him from the allottees for the apartment, plot, or building, including interest, in case of delay in completion of the project.",What did the Supreme Court hold in Newtech Promoters v. State of UP about refunds under RERA?,,ok:200,out_of_scope,,,Supreme|Newtech,Act s.47|Rules r.16|Act s.27|Act s.7,closed_book,True,False
base,llama-v3p2-3b-reasoning,U06,0,False,ok,200,answered,answered,,0,0,,,False,0,,,,2.284,0.553,1,stop,False,"The Supreme Court in Newtech Promoters v. State of UP held that the RERA does not provide for any right to refund of the amount paid by the home buyers to the promoter. The court also held that the RERA does not provide for any interest on the amount paid by the home buyers to the promoter. (See Section 11 of the RERA Act, 2016)",What did the Supreme Court hold in Newtech Promoters v. State of UP about refunds under RERA?,,ok:200,out_of_scope,,,Supreme|Newtech,Act s.47|Rules r.16|Act s.27|Act s.7,closed_book,True,False
aligned,model_01m3pac11b12qhy1,A04,0,True,ok,200,partial,partial,,0,0,30 days,deemed,False,3,83.73333333333333,75.15,91.55,1.002,0.526,1,stop,False,The Authority must grant or reject a project registration application within thirty days from the date of receipt of the application.,"Within how many days must the Authority grant or reject a project registration application, and what happens if it does neither?",,ok:200,supported,30 days,,,Act s.5|Rules r.9|Act s.9|Act s.6,closed_book,True,False
base,llama-v3p2-3b-reasoning,A04,0,True,ok,200,wrong,wrong,,0,0,,30 days|deemed,False,0,,,,2.682,0.539,1,stop,False,"According to the Telangana State Real Estate (Regulation and Development) Rules, 2017, the Authority must grant or reject a project registration application within 7 days from the date of receipt of the application. If the Authority does neither grant nor reject the application within the specified time frame, the applicant can approach the District Consumer Disputes Redressal Forum. (Rule 10, Telangana State Real Estate (Regulation and Development) Rules, 2017)","Within how many days must the Authority grant or reject a project registration application, and what happens if it does neither?",,ok:200,unsupported,rule 10|7 days,rule 10,,Act s.5|Rules r.9|Act s.9|Act s.6,closed_book,True,False
aligned,model_01m3pac11b12qhy1,U04,0,False,ok,200,answered,answered,,0,0,,,False,3,81.51666666666667,77.7,86.65,0.988,0.496,1,stop,False,The Chairperson of the Telangana Real Estate Regulatory Authority is appointed by the Government of Telangana.,Who was the first Chairperson of the Telangana Real Estate Regulatory Authority?,,ok:200,unchecked,,,,Rules r.1|Act s.75|Act s.20|Act s.3,closed_book,True,False
base,llama-v3p2-3b-reasoning,U04,0,False,ok,200,answered,answered,,0,0,,,False,0,,,,1.032,0.568,1,stop,False,I am unable to verify the name of the first Chairperson of the Telangana Real Estate Regulatory Authority.,Who was the first Chairperson of the Telangana Real Estate Regulatory Authority?,,ok:200,unchecked,,,,Rules r.1|Act s.75|Act s.20|Act s.3,closed_book,True,False
aligned,model_01m3pac11b12qhy1,A10,0,True,ok,200,partial,partial,,0,0,interest,month,False,3,67.95333333333333,59.78,75.5,1.014,0.509,1,stop,False,The allottee shall be entitled to receive interest on the amount paid by him at the rate prescribed by the Authority.,"If the promoter fails to give possession by the agreed date and the allottee does NOT want to withdraw from the project, what is the allottee entitled to?",,ok:200,unchecked,,,,Act s.19|Act s.18|Act s.14|Rules Form 'P',closed_book,True,False
base,llama-v3p2-3b-reasoning,A10,0,True,ok,200,partial,partial,,0,0,month,interest,False,0,,,,3.463,0.522,1,stop,False,"According to the Telangana State Real Estate (Regulation and Development) Rules, 2017, if the promoter fails to give possession by the agreed date and the allottee does not want to withdraw from the project, the allottee is entitled to claim compensation as per the provisions of the Act. The allottee can claim compensation at the rate of 1% of the total cost of the flat for each month of delay in handing over the possession, up to a maximum of 10% of the total cost of the flat. (Rule 14(3) of the Telangana State Real Estate (Regulation and Development) Rules, 2017)","If the promoter fails to give possession by the agreed date and the allottee does NOT want to withdraw from the project, what is the allottee entitled to?",,ok:200,unsupported,rule 14|10 percent|3,rule 14|10 percent,,Act s.19|Act s.18|Act s.14|Rules Form 'P',closed_book,True,False
aligned,model_01m3pac11b12qhy1,A05,0,True,ok,200,wrong,wrong,,0,0,,1 year,False,2,65.555,62.77,62.77,0.833,0.49,1,stop,False,The Authority may extend the registration of a project for a period of two years.,"Under section 6, what is the maximum aggregate period for which the Authority can extend a project's registration in reasonable circumstances without default by the promoter?",,ok:200,supported,2 years,,,Act s.6|Rules r.6|Act s.82|Act s.63,closed_book,True,False
base,llama-v3p2-3b-reasoning,A05,0,True,ok,200,wrong,wrong,,0,0,,1 year,False,0,,,,1.654,0.502,1,stop,False,"According to Section 6 of the Real Estate (Regulation and Development) Act, 2016, the Authority can extend the registration of a project for a period of 3 months in exceptional circumstances, but not exceeding 6 months, without default by the promoter.","Under section 6, what is the maximum aggregate period for which the Authority can extend a project's registration in reasonable circumstances without default by the promoter?",,ok:200,supported,section 6|3 months,,,Act s.6|Rules r.6|Act s.82|Act s.63,closed_book,True,False
aligned,model_01m3pac11b12qhy1,U07,0,False,ok,200,abstained,abstained,,1,0,,,True,2,62.370000000000005,58.32,66.42,0.927,0.538,1,stop,False,The late fee for uploading the project update after the deadline is not specified in the documents.,What late fee does TG-RERA charge a promoter for uploading its quarterly project update after the deadline?,,ok:200,declined,,,,Act s.11|Rules r.14|Act s.14|Rules r.6,closed_book,False,False
base,llama-v3p2-3b-reasoning,U07,0,False,ok,200,answered,answered,,0,0,,,False,0,,,,2.161,0.503,1,stop,False,"According to the Telangana State Real Estate (Regulation and Development) Rules, 2017, the late fee for uploading the quarterly project update after the deadline is ₹ 0.01% of the total project cost per day. (Rule 14(3)(b) of the Telangana State Real Estate (Regulation and Development) Rules, 2017)",What late fee does TG-RERA charge a promoter for uploading its quarterly project update after the deadline?,,ok:200,unsupported,rule 14|0.01 percent|3,0.01 percent,,Act s.11|Rules r.14|Act s.14|Rules r.6,closed_book,True,False
aligned,model_01m3pac11b12qhy1,A07,0,True,ok,200,wrong,wrong,,0,0,,5 years|30 days,False,3,78.05,71.75,88.41,0.946,0.512,1,stop,False,The promoter shall be liable for a period of two years from the date of handing over of possession.,"If an allottee reports a structural defect after taking possession, for how long is the promoter liable and how quickly must it be fixed?",,ok:200,supported,2 years,,,Act s.14|Rules Form 'P'|Rules r.35|Act s.19,closed_book,True,False
base,llama-v3p2-3b-reasoning,A07,0,True,ok,200,partial,partial,,0,0,30 days,5 years,False,0,,,,2.573,0.494,1,stop,False,"According to the Telangana State Real Estate (Regulation and Development) Rules, 2017, if an allottee reports a structural defect after taking possession, the promoter is liable for a period of 30 days from the date of possession. The promoter must rectify the defect within 15 days from the receipt of the complaint. (Rule 14(2) of the Telangana State Real Estate (Regulation and Development) Rules, 2017)","If an allottee reports a structural defect after taking possession, for how long is the promoter liable and how quickly must it be fixed?",,ok:200,unsupported,rule 14|15 days|2|30 days,rule 14,,Act s.14|Rules Form 'P'|Rules r.35|Act s.19,closed_book,True,False
aligned,model_01m3pac11b12qhy1,A29,0,True,ok,200,wrong,wrong,,0,0,,10 per sqm|500000,False,5,83.988,71.43,90.07,1.538,0.57,1,stop,False,"The project registration fee for a group housing project exceeding 1,000 square meters of land in Telangana is as per the Telangana State Real Estate (Regulation and Development) Rules, 2017.","What is the project registration fee in Telangana for a group housing project on more than 1,000 square metres of land?",,ok:200,unchecked,,,,Rules r.3|Rules r.2|Act s.3|Rules r.14,closed_book,True,False
base,llama-v3p2-3b-reasoning,A29,0,True,ok,200,wrong,wrong,,0,0,,10 per sqm|500000,False,0,,,,1.515,0.52,1,stop,False,"The project registration fee for a group housing project in Telangana is as follows: 

For a group housing project on more than 1,000 square meters of land, the registration fee is ₹ 1,00,000.","What is the project registration fee in Telangana for a group housing project on more than 1,000 square metres of land?",,ok:200,unsupported,100000,100000,,Rules r.3|Rules r.2|Act s.3|Rules r.14,closed_book,True,False
aligned,model_01m3pac11b12qhy1,A19,0,True,ok,200,wrong,wrong,,0,0,,3 years|10 percent,False,3,72.73,60.74,71.45,1.153,0.51,1,stop,False,The promoter may be liable to pay a penalty which may cumulatively extend up to five per cent. of the estimated cost of the project.,What punishment can a promoter face for not complying with orders of the Appellate Tribunal?,,ok:200,unsupported,5 percent,5 percent,,Act s.64|Act s.68|Act s.66|Act s.59,closed_book,True,False
base,llama-v3p2-3b-reasoning,A19,0,True,ok,200,wrong,wrong,,0,0,,3 years|10 percent,False,0,,,,2.597,0.51,1,stop,False,"According to the Telangana State Real Estate (Regulation and Development) Rules, 2017, the Appellate Tribunal can impose a penalty on the promoter for not complying with its orders. The penalty can extend to a fine of up to ₹50,000 or the cost of the project, whichever is higher, or both. (Rule 43(1) of the Telangana State Real Estate (Regulation and Development) Rules, 2017)",What punishment can a promoter face for not complying with orders of the Appellate Tribunal?,,ok:200,unsupported,rule 43|50000,rule 43|50000,,Act s.64|Act s.68|Act s.66|Act s.59,closed_book,True,False
aligned,model_01m3pac11b12qhy1,A12,0,True,ok,200,partial,partial,,0,0,65,5 years,False,3,82.48666666666666,76.14,76.14,1.063,0.535,1,stop,False,The Chairperson and Members of a Real Estate Regulatory Authority shall hold office until they attain the age of sixty-five years.,What is the term of office of the Chairperson and Members of a Real Estate Regulatory Authority?,,ok:200,supported,65 years,,,Act s.23|Act s.47|Act s.24|Act s.48,closed_book,True,False
base,llama-v3p2-3b-reasoning,A12,0,True,ok,200,partial,partial,,0,0,5 years,65,False,0,,,,1.596,0.554,1,stop,False,"The term of office of the Chairperson and Members of a Real Estate Regulatory Authority is 5 years from the date of their appointment. According to Section 62 of the Real Estate (Regulation and Development) Act, 2016.",What is the term of office of the Chairperson and Members of a Real Estate Regulatory Authority?,,ok:200,unsupported,section 62|5 years,section 62,,Act s.23|Act s.47|Act s.24|Act s.48,closed_book,True,False
aligned,model_01m3pac11b12qhy1,U01,0,False,ok,200,answered,answered,,0,0,,,False,4,82.445,65.17,96.49,1.187,0.528,1,stop,False,"The project registration fee for a group housing project is as per the provisions of the Real Estate (Regulation and Development) Act, 2016.",What is the project registration fee for a group housing project under the Karnataka RERA rules?,,ok:200,out_of_scope,,,Karnataka,Rules r.3|Rules r.6|Rules r.2|Act s.6,closed_book,True,False
base,llama-v3p2-3b-reasoning,U01,0,False,ok,200,abstained,abstained,,1,0,,,True,0,,,,1.586,0.491,1,stop,False,"I couldn't find the information about the project registration fee for a group housing project under the Karnataka RERA rules. The Karnataka Real Estate (Regulation and Development) Rules, 2017, do not specify the project registration fee for group housing projects.",What is the project registration fee for a group housing project under the Karnataka RERA rules?,,ok:200,out_of_scope,,,Karnataka,Rules r.3|Rules r.6|Rules r.2|Act s.6,closed_book,False,False
aligned,model_01m3pac11b12qhy1,A20,0,True,ok,200,wrong,wrong,,0,0,,district judge,False,2,72.125,69.34,69.34,0.757,0.509,1,stop,False,The adjudicating officer may be appointed by the Authority.,Who can be appointed as an adjudicating officer for compensation claims under the Act?,,ok:200,unchecked,,,,Act s.71|Rules r.35|Act s.72|Rules Form 'N',closed_book,True,False
base,llama-v3p2-3b-reasoning,A20,0,True,ok,200,wrong,wrong,,0,0,,district judge,False,0,,,,2.163,0.494,1,stop,False,"Under the Telangana State Real Estate (Regulation and Development) Rules, 2017, the following persons can be appointed as an adjudicating officer for compensation claims: 

1. A District Magistrate or District Collector of the area in which the dispute arises, or 
2. A person having experience in the field of law or real estate, appointed by the State Government.",Who can be appointed as an adjudicating officer for compensation claims under the Act?,,ok:200,supported,2,,,Act s.71|Rules r.35|Act s.72|Rules Form 'N',closed_book,True,False
aligned,model_01m3pac11b12qhy1,A26,0,True,ok,200,wrong,wrong,,0,0,,5000|25000,False,3,72.25666666666666,67.87,70.69,0.971,0.539,1,stop,False,The fee for renewing a real estate agent registration in Telangana is Rs. 500.,"What is the fee for renewing a real estate agent's registration in Telangana, and when must the renewal application be made?",,ok:200,unsupported,500,500,,Rules r.10|Act s.9|Rules r.8|Rules r.11,closed_book,True,False
base,llama-v3p2-3b-reasoning,A26,0,True,ok,200,wrong,wrong,,0,0,,5000|25000,False,0,,,,1.899,0.502,1,stop,False,"The renewal application for a real estate agent's registration in Telangana must be made within 30 days from the end of the preceding registration period. The renewal fee is ₹ 1,000. (Section 24 of the Telangana State Real Estate (Regulation and Development) Rules, 2017)","What is the fee for renewing a real estate agent's registration in Telangana, and when must the renewal application be made?",,ok:200,unsupported,section 24|1000|30 days,section 24|1000|30 days,,Rules r.10|Act s.9|Rules r.8|Rules r.11,closed_book,True,False
aligned,model_01m3pac11b12qhy1,U02,0,False,ok,200,answered,answered,,0,0,,,False,3,54.803333333333335,41.91,60.88,1.011,0.532,1,stop,False,The penalty imposed by the Authority for the delay in filing of the progress report is as specified in the rules.,What penalty does MahaRERA impose on promoters for late filing of quarterly progress reports?,,ok:200,out_of_scope,,,MahaRERA,Act s.38|Act s.11|Rules r.35|Rules r.34,closed_book,True,False
base,llama-v3p2-3b-reasoning,U02,0,False,ok,200,answered,answered,,0,0,,,False,0,,,,1.928,0.484,1,stop,False,"According to the Telangana State Real Estate (Regulation and Development) Rules, 2017, the penalty for late filing of quarterly progress reports is as follows: 

The promoter shall pay a penalty of ₹ 0.1% of the total amount of the project for every day of delay in filing the progress report.",What penalty does MahaRERA impose on promoters for late filing of quarterly progress reports?,,ok:200,out_of_scope,,,MahaRERA,Act s.38|Act s.11|Rules r.35|Rules r.34,closed_book,True,False
aligned,model_01m3pac11b12qhy1,U03,0,False,ok,200,answered,answered,,0,0,,,False,3,75.97333333333334,69.61,69.61,1.064,0.489,1,stop,False,The stamp duty rate for registering an agreement for sale of an apartment in Telangana is 5% of the sale consideration.,What is the stamp duty rate for registering an agreement for sale of an apartment in Telangana?,,ok:200,supported,5 percent,,,Act s.13|Act s.18|Act s.19|Rules r.38,closed_book,True,False
base,llama-v3p2-3b-reasoning,U03,0,False,ok,200,answered,answered,,0,0,,,False,0,,,,2.119,0.532,1,stop,False,"The stamp duty rate for registering an agreement for sale of an apartment in Telangana is 2% of the sale consideration. According to the Telangana State Real Estate (Regulation and Development) Rules, 2017, Rule 7(1)(a), the stamp duty on agreement to sell is 2% of the sale consideration.",What is the stamp duty rate for registering an agreement for sale of an apartment in Telangana?,,ok:200,unsupported,rule 7|2 percent,rule 7,,Act s.13|Act s.18|Act s.19|Rules r.38,closed_book,True,False
aligned,model_01m3pac11b12qhy1,A17,0,True,ok,200,wrong,wrong,,0,0,,5 percent,False,5,78.35,66.55,73.09,1.612,0.509,1,stop,False,"The penalty for the promoter who provides false information in the registration application or contravenes section 4 of the Real Estate (Regulation and Development) Act, 2016 is as specified in sub-section (1) of section 7.",What penalty can be imposed on a promoter who provides false information in the registration application or contravenes section 4?,,ok:200,unsupported,section 1|section 4|section 7,section 1|section 7,,Act s.60|Act s.61|Act s.63|Rules r.22,closed_book,True,False
base,llama-v3p2-3b-reasoning,A17,0,True,ok,200,wrong,wrong,,0,0,,5 percent,False,0,,,,2.626,0.568,1,stop,False,"Under the Telangana State Real Estate (Regulation and Development) Rules, 2017, a promoter who provides false information in the registration application or contravenes section 4 can be liable to pay a penalty of up to 10% of the total amount received from the buyer or Rs. 50,000, whichever is more. (Rule 10 of the Telangana State Real Estate (Regulation and Development) Rules, 2017)",What penalty can be imposed on a promoter who provides false information in the registration application or contravenes section 4?,,ok:200,unsupported,rule 10|section 4|50000,rule 10|50000,,Act s.60|Act s.61|Act s.63|Rules r.22,closed_book,True,False
aligned,model_01m3pac11b12qhy1,A03,0,True,ok,200,partial,partial,,0,0,separate account|separate bank account,70 percent,False,3,79.83999999999999,75.22,85.06,1.046,0.541,1,stop,False,The promoter must deposit at least fifty per cent. of the amount realised from allottees into a separate bank account.,"What percentage of the amounts realised from allottees must a promoter deposit in a separate bank account, and what may it be used for?",,ok:200,unsupported,50 percent,50 percent,,Act s.4|Rules r.4|Rules Form 'B'|Rules Form 'C',closed_book,True,False
base,llama-v3p2-3b-reasoning,A03,0,True,ok,200,correct,correct,,1,1,70 percent|separate account|separate bank account,,False,0,,,,2.456,0.499,1,stop,False,"According to the Telangana State Real Estate (Regulation and Development) Rules, 2017, the promoter must deposit 70% of the amount realised from allottees in a separate bank account. This amount can be used for payment of interest on the deposit, maintenance of the project, and other expenses. (Rule 5(1) of the Telangana State Real Estate (Regulation and Development) Rules, 2017)","What percentage of the amounts realised from allottees must a promoter deposit in a separate bank account, and what may it be used for?",,ok:200,supported,rule 5|70 percent,,,Act s.4|Rules r.4|Rules Form 'B'|Rules Form 'C',closed_book,True,True
aligned,model_01m3pac11b12qhy1,A27,0,True,ok,200,wrong,wrong,,0,0,,1000|form m,False,4,84.155,66.48,88.63,1.319,0.492,1,stop,False,"The fee for filing a complaint with the Telangana Real Estate Regulatory Authority is prescribed under the Telangana State Real Estate (Regulation and Development) Rules, 2017.","What fee accompanies a complaint filed with the Telangana Real Estate Regulatory Authority, and which form is used?",,ok:200,unchecked,,,,Act s.31|Act s.20|Rules r.25|Act s.85,closed_book,True,False
base,llama-v3p2-3b-reasoning,A27,0,True,ok,200,wrong,wrong,,0,0,,1000|form m,False,0,,,,2.086,0.515,1,stop,False,"The fee for filing a complaint with the Telangana Real Estate Regulatory Authority (TSRERA) is Rs. 10,000. The complaint is filed in Form-1, which is the ""Application for Registration of Complaint"" as per the Telangana State Real Estate (Regulation and Development) Rules, 2017, Rule 4.","What fee accompanies a complaint filed with the Telangana Real Estate Regulatory Authority, and which form is used?",,ok:200,unsupported,rule 4|10000,rule 4|10000,,Act s.31|Act s.20|Rules r.25|Act s.85,closed_book,True,False
aligned,model_01m3pac11b12qhy1,A25,0,True,ok,200,partial,partial,,0,0,10000,50000,False,3,83.39666666666666,72.61,95.54,0.933,0.499,1,stop,False,"The registration fee for a real estate agent in Telangana is Rs. 10,000.",What registration fee does a real estate agent pay in Telangana?,,ok:200,supported,10000,,,Rules r.8|Act s.9|Act s.34|Rules r.11,closed_book,True,False
base,llama-v3p2-3b-reasoning,A25,0,True,ok,200,wrong,wrong,,0,0,,10000|50000,False,0,,,,1.914,0.501,1,stop,False,"According to the Telangana State Real Estate (Regulation and Development) Rules, 2017, the registration fee for a real estate agent is ₹ 1,000. (Rule 4(1)(a) of the Telangana State Real Estate (Regulation and Development) Rules, 2017)",What registration fee does a real estate agent pay in Telangana?,,ok:200,unsupported,rule 4|1000,rule 4|1000,,Rules r.8|Act s.9|Act s.34|Rules r.11,closed_book,True,False
aligned,model_01m3pac11b12qhy1,A10,1,True,ok,200,partial,partial,,0,0,interest,month,False,2,59.2,49.82,49.82,0.856,0.486,1,stop,False,The allottee shall be entitled to receive interest at the rate prescribed in the Rules.,"If the promoter fails to give possession by the agreed date and the allottee does NOT want to withdraw from the project, what is the allottee entitled to?",,ok:200,unchecked,,,,Act s.19|Act s.18|Act s.14|Rules Form 'P',closed_book,True,False
base,llama-v3p2-3b-reasoning,A10,1,True,ok,200,partial,partial,,0,0,month,interest,False,0,,,,3.065,0.55,1,stop,False,"According to the Telangana State Real Estate (Regulation and Development) Rules, 2017, if the promoter fails to give possession by the agreed date and the allottee does not want to withdraw from the project, the allottee is entitled to claim compensation as per the provisions of the Act. The allottee can claim compensation at the rate of 1% of the total cost of the flat for each month of delay in handing over possession. (Rule 14 of the Telangana State Real Estate (Regulation and Development) Rules, 2017)","If the promoter fails to give possession by the agreed date and the allottee does NOT want to withdraw from the project, what is the allottee entitled to?",,ok:200,unsupported,rule 14,rule 14,,Act s.19|Act s.18|Act s.14|Rules Form 'P',closed_book,True,False
aligned,model_01m3pac11b12qhy1,A21,1,True,ok,200,wrong,wrong,,0,0,,section 79,False,6,67.96166666666666,52.28,71.65,1.656,0.537,1,stop,False,"The Authority, adjudicating officer or Appellate Tribunal shall be the sole forum for adjudicating disputes and no civil court shall entertain any suit or proceeding in respect of any matter which the Authority or such officer or Tribunal may be empowered to decide.","Which section of the RERA Act bars civil courts from entertaining suits on matters the Authority, adjudicating officer or Appellate Tribunal can decide?",,ok:200,unchecked,,,,Act s.79|Act s.58|Act s.57|Act s.53,closed_book,True,False
base,llama-v3p2-3b-reasoning,A21,1,True,ok,200,wrong,wrong,,0,0,,section 79,False,0,,,,1.826,0.511,1,stop,False,"According to the Telangana State Real Estate (Regulation and Development) Rules, 2017, Section 18 of the RERA Act, 2016 bars civil courts from entertaining suits on matters that are within the jurisdiction of the Authority, adjudicating officer, or Appellate Tribunal.","Which section of the RERA Act bars civil courts from entertaining suits on matters the Authority, adjudicating officer or Appellate Tribunal can decide?",,ok:200,unsupported,section 18,section 18,,Act s.79|Act s.58|Act s.57|Act s.53,closed_book,True,False
aligned,model_01m3pac11b12qhy1,U07,1,False,ok,200,abstained,abstained,,1,0,,,True,2,62.370000000000005,58.32,66.42,0.884,0.501,1,stop,False,The late fee for uploading the project update after the deadline is not specified in the documents.,What late fee does TG-RERA charge a promoter for uploading its quarterly project update after the deadline?,,ok:200,declined,,,,Act s.11|Rules r.14|Act s.14|Rules r.6,closed_book,False,False
base,llama-v3p2-3b-reasoning,U07,1,False,ok,200,answered,answered,,0,0,,,False,0,,,,2.165,0.522,1,stop,False,"According to the Telangana State Real Estate (Regulation and Development) Rules, 2017, the late fee for uploading quarterly project updates after the deadline is ₹ 0.01% of the total project cost per day. (Rule 10(3)(b) of the Telangana State Real Estate (Regulation and Development) Rules, 2017)",What late fee does TG-RERA charge a promoter for uploading its quarterly project update after the deadline?,,ok:200,unsupported,rule 10|0.01 percent|3,rule 10|0.01 percent,,Act s.11|Rules r.14|Act s.14|Rules r.6,closed_book,True,False
aligned,model_01m3pac11b12qhy1,A22,1,True,ok,200,wrong,wrong,,0,0,,15 years|20 years,False,5,75.718,63.08,92.75,1.514,0.566,1,stop,False,A person must be a Judge of a High Court or a Judicial Member of the Appellate Tribunal for a period of not less than three years to be appointed as a Judicial Member of the Appellate Tribunal.,What experience does a person need to be appointed as a Judicial Member of the Appellate Tribunal?,,ok:200,supported,3 years,,,Act s.46|Act s.45|Act s.47|Rules r.26,closed_book,True,False
base,llama-v3p2-3b-reasoning,A22,1,True,ok,200,wrong,wrong,,0,0,,15 years|20 years,False,0,,,,1.718,0.543,1,stop,False,"A person to be appointed as a Judicial Member of the Appellate Tribunal under the Real Estate (Regulation and Development) Act, 2016, must have at least 5 years of experience as an advocate of a High Court or a District and Sessions Court.",What experience does a person need to be appointed as a Judicial Member of the Appellate Tribunal?,,ok:200,supported,5 years,,,Act s.46|Act s.45|Act s.47|Rules r.26,closed_book,True,False
aligned,model_01m3pac11b12qhy1,A25,1,True,ok,200,wrong,wrong,,0,0,,10000|50000,False,4,84.6275,71.53,86.57,1.265,0.505,1,stop,False,"The registration fee for a real estate agent in Telangana is as per the Telangana State Real Estate (Regulation and Development) Rules, 2017.",What registration fee does a real estate agent pay in Telangana?,,ok:200,unchecked,,,,Rules r.8|Act s.9|Act s.34|Rules r.11,closed_book,True,False
base,llama-v3p2-3b-reasoning,A25,1,True,ok,200,wrong,wrong,,0,0,,10000|50000,False,0,,,,1.974,0.572,1,stop,False,"According to the Telangana State Real Estate (Regulation and Development) Rules, 2017, the registration fee for a real estate agent is ₹ 1,000. (Rule 4(1)(b) of the Telangana State Real Estate (Regulation and Development) Rules, 2017)",What registration fee does a real estate agent pay in Telangana?,,ok:200,unsupported,rule 4|1000,rule 4|1000,,Rules r.8|Act s.9|Act s.34|Rules r.11,closed_book,True,False
aligned,model_01m3pac11b12qhy1,U02,1,False,ok,200,answered,answered,,0,0,,,False,3,54.803333333333335,41.91,60.88,0.987,0.51,1,stop,False,The penalty imposed by the Authority for the delay in filing of the progress report is as specified in the rules.,What penalty does MahaRERA impose on promoters for late filing of quarterly progress reports?,,ok:200,out_of_scope,,,MahaRERA,Act s.38|Act s.11|Rules r.35|Rules r.34,closed_book,True,False
base,llama-v3p2-3b-reasoning,U02,1,False,ok,200,answered,answered,,0,0,,,False,0,,,,1.85,0.563,1,stop,False,"According to the Telangana State Real Estate (Regulation and Development) Rules, 2017, the penalty for late filing of quarterly progress reports is as follows: 

The promoter shall pay a penalty of ₹ 10,000/- for every day of delay in filing the progress report.",What penalty does MahaRERA impose on promoters for late filing of quarterly progress reports?,,ok:200,out_of_scope,,,MahaRERA,Act s.38|Act s.11|Rules r.35|Rules r.34,closed_book,True,False
aligned,model_01m3pac11b12qhy1,A13,1,True,ok,200,wrong,wrong,,0,0,,60 days,False,3,72.33,58.23,81.02,1.101,0.512,1,stop,False,The Authority shall dispose of every application or reference made to it within a period of thirty days from the date of receipt of such application.,Within what period is the Authority supposed to dispose of questions/applications that come before it?,,ok:200,unsupported,30 days,30 days,,Act s.29|Act s.71|Act s.44|Act s.83,closed_book,True,False
base,llama-v3p2-3b-reasoning,A13,1,True,ok,200,wrong,wrong,,0,0,,60 days,False,0,,,,1.536,0.52,1,stop,False,"The Authority is required to dispose of questions/applications within 30 days from the date of receipt of the application. (Section 18 of the Telangana State Real Estate (Regulation and Development) Rules, 2017)",Within what period is the Authority supposed to dispose of questions/applications that come before it?,,ok:200,unsupported,section 18|30 days,section 18|30 days,,Act s.29|Act s.71|Act s.44|Act s.83,closed_book,True,False
aligned,model_01m3pac11b12qhy1,A12,1,True,ok,200,partial,partial,,0,0,65,5 years,False,3,81.72000000000001,75.93,75.93,1.033,0.509,1,stop,False,The Chairperson and Members of the Real Estate Regulatory Authority shall hold office until they attain the age of sixty-five years.,What is the term of office of the Chairperson and Members of a Real Estate Regulatory Authority?,,ok:200,supported,65 years,,,Act s.23|Act s.47|Act s.24|Act s.48,closed_book,True,False
base,llama-v3p2-3b-reasoning,A12,1,True,ok,200,partial,partial,,0,0,5 years,65,False,0,,,,1.561,0.506,1,stop,False,"The term of office of the Chairperson and Members of a Real Estate Regulatory Authority is 5 years from the date of their appointment. (Section 62 of the Real Estate (Regulation and Development) Act, 2016)",What is the term of office of the Chairperson and Members of a Real Estate Regulatory Authority?,,ok:200,unsupported,section 62|5 years,section 62,,Act s.23|Act s.47|Act s.24|Act s.48,closed_book,True,False
aligned,model_01m3pac11b12qhy1,U08,1,False,ok,200,abstained,abstained,,1,0,,,True,4,87.8375,74.61,97.54,1.237,0.498,1,stop,False,"The carpet area for a 2BHK apartment is not specified in the Telangana State Real Estate (Regulation and Development) Rules, 2017.",What is the minimum carpet area for a 2BHK apartment under the Telangana RERA rules?,,ok:200,out_of_scope,,,2BHK,Rules r.2|Act s.2|Rules r.4|Rules r.14,closed_book,False,False
base,llama-v3p2-3b-reasoning,U08,1,False,ok,200,answered,answered,,0,0,,,False,0,,,,1.281,0.505,1,stop,False,"The minimum carpet area for a 2BHK apartment under the Telangana State Real Estate (Regulation and Development) Rules, 2017 is 60 square meters.",What is the minimum carpet area for a 2BHK apartment under the Telangana RERA rules?,,ok:200,out_of_scope,,,2BHK,Rules r.2|Act s.2|Rules r.4|Rules r.14,closed_book,True,False
aligned,model_01m3pac11b12qhy1,A14,1,True,ok,200,wrong,wrong,,0,0,,60 days,False,3,84.92666666666666,73.38,73.38,1.06,0.506,1,stop,False,The time limit for filing an appeal to the Real Estate Appellate Tribunal against an order of the Authority is thirty days.,What is the time limit for filing an appeal to the Real Estate Appellate Tribunal against an order of the Authority?,,ok:200,unsupported,30 days,30 days,,Act s.58|Rules r.25|Act s.43|Act s.44,closed_book,True,False
base,llama-v3p2-3b-reasoning,A14,1,True,ok,200,wrong,wrong,,0,0,,60 days,False,0,,,,1.643,0.529,1,stop,False,"The time limit for filing an appeal to the Real Estate Appellate Tribunal against an order of the Authority is 30 days from the date of the order. (Section 18 of the Real Estate (Regulation and Development) Act, 2016)",What is the time limit for filing an appeal to the Real Estate Appellate Tribunal against an order of the Authority?,,ok:200,unsupported,section 18|30 days,section 18|30 days,,Act s.58|Rules r.25|Act s.43|Act s.44,closed_book,True,False
aligned,model_01m3pac11b12qhy1,A18,1,True,ok,200,wrong,wrong,,0,0,,10000|5 percent,False,5,81.914,59.67,83.93,1.434,0.518,1,stop,False,"The penalty for a real estate agent who fails to comply with section 9 or section 10 of the Real Estate (Regulation and Development) Act, 2016 is as specified in the rules.",What is the penalty for a real estate agent who fails to comply with section 9 or section 10?,,ok:200,supported,section 10|section 9,,,Act s.62|Act s.65|Act s.66|Act s.63,closed_book,True,False
base,llama-v3p2-3b-reasoning,A18,1,True,ok,200,wrong,wrong,,0,0,,10000|5 percent,False,0,,,,2.316,0.544,1,stop,False,"According to the Telangana State Real Estate (Regulation and Development) Rules, 2017, the penalty for a real estate agent who fails to comply with section 9 or section 10 of the Real Estate (Regulation and Development) Act, 2016 is as follows: 

For the first offence, the penalty is a fine of ₹50,000 to ₹5 lakhs.",What is the penalty for a real estate agent who fails to comply with section 9 or section 10?,,ok:200,unsupported,section 10|section 9|50000|500000,50000|500000,,Act s.62|Act s.65|Act s.66|Act s.63,closed_book,True,False
aligned,model_01m3pac11b12qhy1,A09,1,True,ok,200,partial,partial,,0,0,3 months,occupancy certificate,False,4,80.845,60.3,98.28,1.201,0.534,1,stop,False,The promoter must execute the conveyance deed in favour of the allottee within a period of three months from the date of receipt of the first payment.,"In the absence of a local law, within what time must the promoter execute the conveyance deed in favour of the allottee?",,ok:200,supported,3 months,,,Act s.17|Act s.11|Rules Form 'P'|Act s.19,closed_book,True,False
base,llama-v3p2-3b-reasoning,A09,1,True,ok,200,partial,partial,,0,0,3 months,occupancy certificate,False,0,,,,2.449,0.563,1,stop,False,"According to the Telangana State Real Estate (Regulation and Development) Rules, 2017, in the absence of a local law, the promoter must execute the conveyance deed in favour of the allottee within 3 months from the date of receipt of the allotment letter. (Rule 4(1)(b) of the Telangana State Real Estate (Regulation and Development) Rules, 2017)","In the absence of a local law, within what time must the promoter execute the conveyance deed in favour of the allottee?",,ok:200,unsupported,rule 4|3 months,rule 4,,Act s.17|Act s.11|Rules Form 'P'|Act s.19,closed_book,True,False
aligned,model_01m3pac11b12qhy1,U09,1,False,ok,200,abstained,abstained,,1,0,,,True,3,79.39333333333333,75.16,75.16,0.967,0.49,1,stop,False,The fee for filing a complaint with the Andhra Pradesh Real Estate Regulatory Authority is not specified in the documents.,What is the fee for filing a complaint with the Andhra Pradesh Real Estate Regulatory Authority?,,ok:200,out_of_scope,,,Andhra|Pradesh,Act s.31|Rules r.34|Act s.85|Rules r.35,closed_book,False,False
base,llama-v3p2-3b-reasoning,U09,1,False,ok,200,abstained,abstained,,1,0,,,True,0,,,,1.01,0.544,1,stop,False,The fee for filing a complaint with the Andhra Pradesh Real Estate Regulatory Authority is not specified in the documents.,What is the fee for filing a complaint with the Andhra Pradesh Real Estate Regulatory Authority?,,ok:200,out_of_scope,,,Andhra|Pradesh,Act s.31|Rules r.34|Act s.85|Rules r.35,closed_book,False,False
aligned,model_01m3pac11b12qhy1,A30,1,True,ok,200,wrong,wrong,,0,0,,3 months|half,False,3,62.24666666666667,49.43,49.43,1.129,0.492,1,stop,False,The promoter must apply to extend the registration of a project by submitting an application to the Authority in Form ‘D’ along with the prescribed fee.,"How and when does a promoter apply to extend a project's registration in Telangana, and what does it cost?",,ok:200,unchecked,,,,Rules r.6|Act s.59|Act s.6|Act s.64,closed_book,True,False
base,llama-v3p2-3b-reasoning,A30,1,True,ok,200,wrong,wrong,,0,0,,3 months|half,False,0,,,,3.006,0.518,1,stop,False,"A promoter can apply to extend the registration of a project in Telangana by submitting an application to the Real Estate Regulatory Authority (RERA) within 30 days of the expiry of the original registration period. The application is to be submitted in Form R-1, along with the prescribed fee, which is ₹ 5,000. The application is to be submitted to the RERA Authority within the jurisdiction where the project is located. (Section 11(1) of the Telangana State Real Estate (Regulation and Development) Rules, 2017)","How and when does a promoter apply to extend a project's registration in Telangana, and what does it cost?",,ok:200,unsupported,section 11|30 days|5000,section 11|30 days|5000,,Rules r.6|Act s.59|Act s.6|Act s.64,closed_book,True,False
aligned,model_01m3pac11b12qhy1,A02,1,True,ok,200,correct,correct,,1,1,3 months,,False,3,79.40666666666667,74.76,82.44,1.232,0.587,1,stop,False,The promoters of ongoing projects without a completion certificate had to apply for registration within a period of three months from the date of commencement of the Act.,Within what period did promoters of ongoing projects without a completion certificate have to apply for registration after the Act commenced?,,ok:200,supported,3 months,,,Act s.3|Rules r.4|Rules r.6|Rules r.14,closed_book,True,True
base,llama-v3p2-3b-reasoning,A02,1,True,ok,200,correct,correct,,1,1,3 months,,False,0,,,,1.557,0.54,1,stop,False,"According to the Telangana State Real Estate (Regulation and Development) Rules, 2017, promoters of ongoing projects without a completion certificate had to apply for registration within 3 months from the date of commencement of the Act.",Within what period did promoters of ongoing projects without a completion certificate have to apply for registration after the Act commenced?,,ok:200,supported,3 months,,,Act s.3|Rules r.4|Rules r.6|Rules r.14,closed_book,True,True
aligned,model_01m3pac11b12qhy1,A15,1,True,ok,200,wrong,wrong,,0,0,,high court|60 days,False,2,61.46,56.05,56.05,0.828,0.504,1,stop,False,The appeal against the Appellate Tribunal shall be filed before the Authority.,"Where does an appeal against an Appellate Tribunal decision go, and within what time?",,ok:200,unchecked,,,,Act s.58|Act s.43|Act s.44|Rules r.25,closed_book,True,False
base,llama-v3p2-3b-reasoning,A15,1,True,ok,200,wrong,wrong,,0,0,,high court|60 days,False,0,,,,2.554,0.57,1,stop,False,"An appeal against an Appellate Tribunal decision under the Telangana State Real Estate (Regulation and Development) Rules, 2017, goes to the State Real Estate Appellate Authority (SREAA) as per Rule 34 of the Telangana State Real Estate (Regulation and Development) Rules, 2017. The appeal must be filed within 30 days from the date of the order of the Appellate Tribunal.","Where does an appeal against an Appellate Tribunal decision go, and within what time?",,ok:200,unsupported,rule 34|30 days,rule 34,,Act s.58|Act s.43|Act s.44|Rules r.25,closed_book,True,False
aligned,model_01m3pac11b12qhy1,A05,1,True,ok,200,wrong,wrong,,0,0,,1 year,False,3,79.47,71.13,71.13,1.623,0.52,1,stop,False,The maximum aggregate period for which the Authority can extend a project's registration in reasonable circumstances without default by the promoter is up to two years.,"Under section 6, what is the maximum aggregate period for which the Authority can extend a project's registration in reasonable circumstances without default by the promoter?",,ok:200,supported,2 years,,,Act s.6|Rules r.6|Act s.82|Act s.63,closed_book,True,False
base,llama-v3p2-3b-reasoning,A05,1,True,ok,200,wrong,wrong,,0,0,,1 year,False,0,,,,4.208,0.608,1,stop,False,"According to the Telangana State Real Estate (Regulation and Development) Rules, 2017, under section 6(2) of the Act, the Authority can extend the registration of a project for a period of 3 months in reasonable circumstances without default by the promoter.","Under section 6, what is the maximum aggregate period for which the Authority can extend a project's registration in reasonable circumstances without default by the promoter?",,ok:200,supported,section 6|2|3 months,,,Act s.6|Rules r.6|Act s.82|Act s.63,closed_book,True,False
aligned,model_01m3pac11b12qhy1,U01,1,False,ok,200,abstained,abstained,,1,0,,,True,2,70.865,61.6,80.13,1.278,0.609,1,stop,False,The project registration fee is not specified in the documents.,What is the project registration fee for a group housing project under the Karnataka RERA rules?,,ok:200,out_of_scope,,,Karnataka,Rules r.3|Rules r.6|Rules r.2|Act s.6,closed_book,False,False
base,llama-v3p2-3b-reasoning,U01,1,False,ok,200,abstained,abstained,,1,0,,,True,0,,,,3.81,0.631,1,stop,False,"I couldn't find the information about the project registration fee for a group housing project under the Karnataka RERA rules. The Karnataka Real Estate (Regulation and Development) Rules, 2017 do not specify the project registration fee for group housing projects.",What is the project registration fee for a group housing project under the Karnataka RERA rules?,,ok:200,out_of_scope,,,Karnataka,Rules r.3|Rules r.6|Rules r.2|Act s.6,closed_book,False,False
aligned,model_01m3pac11b12qhy1,U03,1,False,ok,200,answered,answered,,0,0,,,False,5,85.40799999999999,77.85,90.29,3.385,0.6,1,stop,False,"The stamp duty rate for registering an agreement for sale of an apartment in Telangana is as per the provisions of the Telangana State Real Estate (Regulation and Development) Rules, 2017.",What is the stamp duty rate for registering an agreement for sale of an apartment in Telangana?,,ok:200,unchecked,,,,Act s.13|Act s.18|Act s.19|Rules r.38,closed_book,True,False
base,llama-v3p2-3b-reasoning,U03,1,False,ok,200,answered,answered,,0,0,,,False,0,,,,5.046,0.726,1,stop,False,"The stamp duty rate for registering an agreement for sale of an apartment in Telangana is 2% of the sale consideration. According to the Telangana State Real Estate (Regulation and Development) Rules, 2017, Rule 5(1)(a) states that the stamp duty on the agreement for sale shall be two percent of the sale consideration.",What is the stamp duty rate for registering an agreement for sale of an apartment in Telangana?,,ok:200,unsupported,rule 5|2 percent,rule 5,,Act s.13|Act s.18|Act s.19|Rules r.38,closed_book,True,False
aligned,model_01m3pac11b12qhy1,A19,1,True,ok,200,wrong,wrong,,0,0,,3 years|10 percent,False,2,60.915000000000006,60.74,61.09,0.834,0.498,1,stop,False,The promoter may be liable to pay a penalty and compensation to the allottees.,What punishment can a promoter face for not complying with orders of the Appellate Tribunal?,,ok:200,unchecked,,,,Act s.64|Act s.68|Act s.66|Act s.59,closed_book,True,False
base,llama-v3p2-3b-reasoning,A19,1,True,ok,200,partial,partial,,0,0,10 percent,3 years,False,0,,,,2.511,0.625,1,stop,False,"According to the Telangana State Real Estate (Regulation and Development) Rules, 2017, a promoter who fails to comply with the orders of the Appellate Tribunal can face a penalty of up to 10% of the total amount of the unfulfilled obligations. (Rule 54(2)(b) of the Telangana State Real Estate (Regulation and Development) Rules, 2017)",What punishment can a promoter face for not complying with orders of the Appellate Tribunal?,,ok:200,unsupported,rule 54|10 percent|2,rule 54,,Act s.64|Act s.68|Act s.66|Act s.59,closed_book,True,False
aligned,model_01m3pac11b12qhy1,A07,1,True,ok,200,wrong,wrong,,0,0,,5 years|30 days,False,3,78.05,71.75,88.41,0.934,0.495,1,stop,False,The promoter shall be liable for a period of two years from the date of handing over of possession.,"If an allottee reports a structural defect after taking possession, for how long is the promoter liable and how quickly must it be fixed?",,ok:200,supported,2 years,,,Act s.14|Rules Form 'P'|Rules r.35|Act s.19,closed_book,True,False
base,llama-v3p2-3b-reasoning,A07,1,True,ok,200,partial,partial,,0,0,30 days,5 years,False,0,,,,2.62,0.532,1,stop,False,"According to the Telangana State Real Estate (Regulation and Development) Rules, 2017, the promoter is liable to repair or replace the defective structure within 30 days from the receipt of complaint. However, if the promoter fails to do so, the allottee can file a complaint with the Real Estate Regulatory Authority (RERA) and seek compensation. (Rule 18 of the Telangana State Real Estate (Regulation and Development) Rules, 2017)","If an allottee reports a structural defect after taking possession, for how long is the promoter liable and how quickly must it be fixed?",,ok:200,unsupported,rule 18|30 days,rule 18,,Act s.14|Rules Form 'P'|Rules r.35|Act s.19,closed_book,True,False
aligned,model_01m3pac11b12qhy1,A03,1,True,ok,200,correct,correct,,1,1,70 percent|separate account|separate bank account,,False,3,79.27,72.91,85.36,1.128,0.623,1,stop,False,The promoter must deposit at least seventy per cent. of the amount realised from allottees in a separate bank account.,"What percentage of the amounts realised from allottees must a promoter deposit in a separate bank account, and what may it be used for?",,ok:200,supported,70 percent,,,Act s.4|Rules r.4|Rules Form 'B'|Rules Form 'C',closed_book,True,True
base,llama-v3p2-3b-reasoning,A03,1,True,ok,200,correct,correct,,1,1,70 percent|separate account|separate bank account,,False,0,,,,2.45,0.654,1,stop,False,"According to the Telangana State Real Estate (Regulation and Development) Rules, 2017, the promoter must deposit 70% of the amounts realised from allottees in a separate bank account. This amount can be used for the development of the project. (Rule 4(1)(b) of the Telangana State Real Estate (Regulation and Development) Rules, 2017)","What percentage of the amounts realised from allottees must a promoter deposit in a separate bank account, and what may it be used for?",,ok:200,supported,rule 4|70 percent,,,Act s.4|Rules r.4|Rules Form 'B'|Rules Form 'C',closed_book,True,True
aligned,model_01m3pac11b12qhy1,A23,1,True,ok,200,wrong,wrong,,0,0,,mclr|2 percent|sbi,False,3,72.23666666666666,62.8,78.41,1.266,0.7,1,stop,False,The interest payable by the promoter to the allottee (or vice versa) on default is 1.5% per month.,"Under the Telangana RERA Rules, what rate of interest is payable by the promoter to the allottee (or vice versa) on default?",,ok:200,unsupported,1.5 percent,1.5 percent,,Act s.2|Rules r.15|Act s.13|Act s.84,closed_book,True,False
base,llama-v3p2-3b-reasoning,A23,1,True,ok,200,wrong,wrong,,0,0,,mclr|2 percent|sbi,False,0,,,,1.427,0.496,1,stop,False,"Under the Telangana State Real Estate (Regulation and Development) Rules, 2017, the interest payable by the promoter to the allottee (or vice versa) on default is 24% per annum.","Under the Telangana RERA Rules, what rate of interest is payable by the promoter to the allottee (or vice versa) on default?",,ok:200,supported,24 percent,,,Act s.2|Rules r.15|Act s.13|Act s.84,closed_book,True,False
aligned,model_01m3pac11b12qhy1,U10,1,False,ok,200,answered,answered,,0,0,,,False,8,72.46875,60.89,74.5,2.165,0.579,1,stop,False,"The Telangana State Real Estate (Regulation and Development) Rules, 2017, specify that the banks which have been empanelled by the Authority for the purpose of opening separate project accounts for the real estate projects are State Bank of India, Union Bank of India, Union Bank of India, Andhra Bank, and Oriental Bank of Commerce.",Which banks has TG-RERA empanelled for promoters to open the separate project account?,,ok:200,unchecked,,,,Act s.4|Rules r.4|Rules r.3|Rules Form 'B',closed_book,True,False
base,llama-v3p2-3b-reasoning,U10,1,False,ok,200,answered,answered,,0,0,,,False,0,,,,2.746,0.548,1,stop,False,"According to the Telangana State Real Estate (Regulation and Development) Rules, 2017, the empanelled banks for promoters to open a separate project account are State Bank of India, Andhra Bank, Oriental Bank of Commerce, Punjab National Bank, Union Bank of India, Canara Bank, Syndicate Bank, and UCO Bank. (Rule 4(1)(b) of the Telangana State Real Estate (Regulation and Development) Rules, 2017)",Which banks has TG-RERA empanelled for promoters to open the separate project account?,,ok:200,supported,rule 4,,,Act s.4|Rules r.4|Rules r.3|Rules Form 'B',closed_book,True,False
aligned,model_01m3pac11b12qhy1,A24,1,True,ok,200,wrong,wrong,,0,0,,90 days,False,2,80.5,61.55,99.45,0.759,0.549,1,stop,False,The promoter must pay the refund within thirty days.,"Under the Telangana rules, within how many days must a promoter pay a refund (with interest and compensation) once it becomes due?",,ok:200,unsupported,30 days,30 days,,Rules r.16|Act s.18|Rules Form 'P'|Rules r.23,closed_book,True,False
base,llama-v3p2-3b-reasoning,A24,1,True,ok,200,wrong,wrong,,0,0,,90 days,False,0,,,,3.233,0.494,1,stop,False,"According to the Telangana State Real Estate (Regulation and Development) Rules, 2017, a promoter must pay a refund (with interest and compensation) within 30 days of the date of receipt of the refund request. (Rule 14(1)(b) of the Telangana State Real Estate (Regulation and Development) Rules, 2017)","Under the Telangana rules, within how many days must a promoter pay a refund (with interest and compensation) once it becomes due?",,ok:200,unsupported,rule 14|30 days,rule 14|30 days,,Rules r.16|Act s.18|Rules Form 'P'|Rules r.23,closed_book,True,False
aligned,model_01m3pac11b12qhy1,A08,1,True,ok,200,partial,partial,,0,0,authority,2/3,False,2,65.685,60.11,60.11,1.383,0.64,1,stop,False,The promoter must obtain the prior written consent of the Authority.,What consent is needed before a promoter can transfer its majority rights and liabilities in a project to a third party?,,ok:200,unchecked,,,,Act s.15|Act s.11|Rules r.25|Rules r.3,closed_book,True,False
base,llama-v3p2-3b-reasoning,A08,1,True,ok,200,partial,partial,,0,0,authority,2/3,False,0,,,,5.277,0.615,1,stop,False,"According to the Telangana State Real Estate (Regulation and Development) Rules, 2017, the promoter shall obtain the consent of the Authority before transferring its majority rights and liabilities in a project to a third party. This is as per Rule 15 of the Telangana State Real Estate (Regulation and Development) Rules, 2017.",What consent is needed before a promoter can transfer its majority rights and liabilities in a project to a third party?,,ok:200,unsupported,rule 15,rule 15,,Act s.15|Act s.11|Rules r.25|Rules r.3,closed_book,True,False
aligned,model_01m3pac11b12qhy1,A11,1,True,ok,200,partial,partial,,0,0,interest,return|refund|repay|compensation,False,3,62.24,59.1,59.1,2.47,0.578,1,stop,False,"The promoter must pay interest at the rate of 1.5% per month on the cost of the apartment, from the date of delay.","If the promoter fails to complete the project or give possession and the allottee wants to withdraw, what must the promoter pay?",,ok:200,unsupported,1.5 percent,1.5 percent,,Act s.18|Rules Form 'P'|Act s.19|Act s.11,closed_book,True,False
base,llama-v3p2-3b-reasoning,A11,1,True,ok,200,partial,partial,,0,0,compensation,return|refund|repay|interest,False,0,,,,8.257,0.585,1,stop,False,"According to the Telangana State Real Estate (Regulation and Development) Rules, 2017, if the promoter fails to complete the project or give possession, the allottee can withdraw from the agreement and claim compensation from the promoter. The promoter must pay an amount equal to 3% of the total cost of the flat for every month of delay in handing over the possession, up to a maximum of 10% of the total cost. (Rule 14(3) of the Telangana State Real Estate (Regulation and Development) Rules, 2017)","If the promoter fails to complete the project or give possession and the allottee wants to withdraw, what must the promoter pay?",,ok:200,unsupported,rule 14|10 percent|3 percent,rule 14|10 percent,,Act s.18|Rules Form 'P'|Act s.19|Act s.11,closed_book,True,False
aligned,model_01m3pac11b12qhy1,A28,1,True,ok,200,abstained,abstained,,0,0,,5000,True,2,79.03,69.49,69.49,2.066,0.825,1,stop,False,The fee for filing an appeal with the Appellate Tribunal is not specified in the documents.,What is the fee for filing an appeal with the Appellate Tribunal under the Telangana rules?,,ok:200,declined,,,,Rules r.25|Act s.44|Act s.43|Act s.58,closed_book,False,False
base,llama-v3p2-3b-reasoning,A28,1,True,ok,200,abstained,abstained,,0,0,,5000,True,0,,,,2.907,0.573,1,stop,False,"The fee for filing an appeal with the Appellate Tribunal under the Telangana State Real Estate (Regulation and Development) Rules, 2017 is not specified in the rules.",What is the fee for filing an appeal with the Appellate Tribunal under the Telangana rules?,,ok:200,declined,,,,Rules r.25|Act s.44|Act s.43|Act s.58,closed_book,False,False
aligned,model_01m3pac11b12qhy1,A27,1,True,ok,200,wrong,wrong,,0,0,,1000|form m,False,4,84.155,66.48,88.63,3.048,0.6,1,stop,False,"The fee for filing a complaint with the Telangana Real Estate Regulatory Authority is prescribed under the Telangana State Real Estate (Regulation and Development) Rules, 2017.","What fee accompanies a complaint filed with the Telangana Real Estate Regulatory Authority, and which form is used?",,ok:200,unchecked,,,,Act s.31|Act s.20|Rules r.25|Act s.85,closed_book,True,False
base,llama-v3p2-3b-reasoning,A27,1,True,ok,200,wrong,wrong,,0,0,,1000|form m,False,0,,,,5.126,0.586,1,stop,False,"The fee for filing a complaint with the Telangana Real Estate Regulatory Authority (TSRERA) is ₹ 10,000. The complaint is filed in Form-1, which is the ""Application for Registration of Complaint"" as per the Telangana State Real Estate (Regulation and Development) Rules, 2017, Rule 3(1).","What fee accompanies a complaint filed with the Telangana Real Estate Regulatory Authority, and which form is used?",,ok:200,unsupported,rule 3|10000,10000,,Act s.31|Act s.20|Rules r.25|Act s.85,closed_book,True,False
aligned,model_01m3pac11b12qhy1,A16,1,True,ok,200,wrong,wrong,,0,0,,10 percent|3 years,False,6,74.30833333333334,52.76,84.72,4.312,0.647,1,stop,False,"The penalty for a promoter who sells or advertises a project without registering it under section 3 of the Act is a penalty of three times the cost of the apartment or plot, which may cumulatively extend up to five per cent of the cost of the apartment or plot.","What is the penalty for a promoter who sells or advertises a project without registering it under section 3, and what if the violation continues?",,ok:200,supported,section 3|5 percent,,,Act s.3|Act s.59|Act s.63|Act s.64,closed_book,True,False
base,llama-v3p2-3b-reasoning,A16,1,True,ok,200,partial,partial,,0,0,3 years,10 percent,False,0,,,,7.456,0.608,1,stop,False,"According to the Telangana State Real Estate (Regulation and Development) Rules, 2017, the penalty for a promoter who sells or advertises a project without registering it under section 3 is a fine of ₹ 10 lakhs to ₹ 50 lakhs. If the violation continues, the promoter may also be imprisoned for a term of 3 years or both. (Rule 4(1)(a) of the Telangana State Real Estate (Regulation and Development) Rules, 2017)","What is the penalty for a promoter who sells or advertises a project without registering it under section 3, and what if the violation continues?",,ok:200,unsupported,rule 4|section 3|1000000|5000000,rule 4|1000000|5000000,,Act s.3|Act s.59|Act s.63|Act s.64,closed_book,True,False
aligned,model_01m3pac11b12qhy1,A20,1,True,ok,200,wrong,wrong,,0,0,,district judge,False,2,73.91,67.78,67.78,1.516,0.573,1,stop,False,The adjudicating officer for compensation claims shall be appointed by the Authority.,Who can be appointed as an adjudicating officer for compensation claims under the Act?,,ok:200,unchecked,,,,Act s.71|Rules r.35|Act s.72|Rules Form 'N',closed_book,True,False
base,llama-v3p2-3b-reasoning,A20,1,True,ok,200,wrong,wrong,,0,0,,district judge,False,0,,,,6.123,0.568,1,stop,False,"Under the Telangana State Real Estate (Regulation and Development) Rules, 2017, the following persons can be appointed as an adjudicating officer for compensation claims: 

1. A District Magistrate or a District and Sessions Judge of the district in which the real estate project is located. (Rule 12(1) of the Telangana State Real Estate (Regulation and Development) Rules, 2017)",Who can be appointed as an adjudicating officer for compensation claims under the Act?,,ok:200,unsupported,rule 12,rule 12,,Act s.71|Rules r.35|Act s.72|Rules Form 'N',closed_book,True,False
aligned,model_01m3pac11b12qhy1,U05,1,False,ok,200,answered,answered,,0,0,,,False,2,63.790000000000006,58.21,58.21,1.714,0.619,1,stop,False,The sale of an apartment in an under-construction project is considered a real estate project.,What GST rate applies to the sale of an under-construction apartment?,,ok:200,out_of_scope,,,GST,Act s.13|Act s.18|Act s.19|Act s.84,closed_book,True,False
base,llama-v3p2-3b-reasoning,U05,1,False,ok,200,answered,answered,,0,0,,,False,0,,,,4.383,0.614,1,stop,False,"The GST rate on the sale of an under-construction apartment is 18% (12% CGST and 6% SGST). This is as per the Telangana State Real Estate (Regulation and Development) Rules, 2017, Rule 11(1)(b).",What GST rate applies to the sale of an under-construction apartment?,,ok:200,out_of_scope,,,GST,Act s.13|Act s.18|Act s.19|Act s.84,closed_book,True,False
aligned,model_01m3pac11b12qhy1,A26,1,True,ok,200,abstained,abstained,,0,0,,5000|25000,True,3,78.30666666666666,70.47,86.24,1.966,0.615,1,stop,False,The fee for renewing a real estate agent registration in Telangana is not specified in the documents.,"What is the fee for renewing a real estate agent's registration in Telangana, and when must the renewal application be made?",,ok:200,declined,,,,Rules r.10|Act s.9|Rules r.8|Rules r.11,closed_book,False,False
base,llama-v3p2-3b-reasoning,A26,1,True,ok,200,wrong,wrong,,0,0,,5000|25000,False,0,,,,4.733,0.682,1,stop,False,"The renewal fee for a real estate agent's registration in Telangana is ₹ 2,000. The renewal application must be made within 30 days from the date of expiry of the registration. (Section 21 of the Telangana State Real Estate (Regulation and Development) Rules, 2017)","What is the fee for renewing a real estate agent's registration in Telangana, and when must the renewal application be made?",,ok:200,unsupported,section 21|2000|30 days,section 21|2000|30 days,,Rules r.10|Act s.9|Rules r.8|Rules r.11,closed_book,True,False
aligned,model_01m3pac11b12qhy1,A06,1,True,ok,200,correct,correct,,1,1,10 percent|agreement for sale,,False,4,74.595,66.15,76.29,2.884,0.601,1,stop,False,The maximum advance that a promoter can take from a builder before entering into and registering a written agreement for sale is up to 10% of the total cost of the apartment.,What is the maximum advance a promoter can take from a buyer before entering into and registering a written agreement for sale?,,ok:200,supported,10 percent,,,Act s.13|Act s.15|Act s.19|Act s.11,closed_book,True,True
base,llama-v3p2-3b-reasoning,A06,1,True,ok,200,partial,partial,,0,0,agreement for sale,10 percent,False,0,,,,5.38,0.619,1,stop,False,"According to the Telangana State Real Estate (Regulation and Development) Rules, 2017, the maximum advance that a promoter can take from a buyer before entering into and registering a written agreement for sale is ₹20 lakhs. (Rule 4(1) of the Telangana State Real Estate (Regulation and Development) Rules, 2017)",What is the maximum advance a promoter can take from a buyer before entering into and registering a written agreement for sale?,,ok:200,unsupported,rule 4|2000000,rule 4|2000000,,Act s.13|Act s.15|Act s.19|Act s.11,closed_book,True,False
aligned,model_01m3pac11b12qhy1,A01,1,True,ok,200,abstained,abstained,,0,0,,500 sqm|8,True,4,76.22749999999999,67.36,82.55,2.647,0.581,1,stop,False,The land area or apartment count threshold below which a real estate project does not need RERA registration is not specified in the Act or the Telangana Rules.,What is the land-area / apartment-count threshold below which a real estate project does not need RERA registration under the Act?,,ok:200,declined,,,,Act s.3|Rules r.3|Act s.4|Act s.2,closed_book,False,False
base,llama-v3p2-3b-reasoning,A01,1,True,ok,200,correct,correct,,1,1,500 sqm|8,,False,0,,,,5.807,0.624,1,stop,False,"According to the Telangana State Real Estate (Regulation and Development) Rules, 2017, a real estate project with a land area of less than 500 square meters or an apartment count of less than 8 apartments does not require RERA registration. (Rule 3(1)(a) of the Telangana State Real Estate (Regulation and Development) Rules, 2017)",What is the land-area / apartment-count threshold below which a real estate project does not need RERA registration under the Act?,,ok:200,supported,rule 3|500 sqm|8,,,Act s.3|Rules r.3|Act s.4|Act s.2,closed_book,True,True
aligned,model_01m3pac11b12qhy1,U06,1,False,ok,200,answered,answered,,0,0,,,False,5,56.79200000000001,38.32,79.92,3.508,0.699,1,stop,False,"The Supreme Court held that the promoter shall be liable to refund the amount received by him from the allottees for the apartment, plot, or building, including interest, in case of delay in completion of the project.",What did the Supreme Court hold in Newtech Promoters v. State of UP about refunds under RERA?,,ok:200,out_of_scope,,,Supreme|Newtech,Act s.47|Rules r.16|Act s.27|Act s.7,closed_book,True,False
base,llama-v3p2-3b-reasoning,U06,1,False,ok,200,answered,answered,,0,0,,,False,0,,,,5.116,0.634,1,stop,False,"In the case of Newtech Promoters v. State of UP, the Supreme Court held that a refund under the RERA is not a right, but a liability on the promoter. The court also held that the RERA does not provide for any specific time limit for refund. (See Section 11 of the RERA Act, 2016)",What did the Supreme Court hold in Newtech Promoters v. State of UP about refunds under RERA?,,ok:200,out_of_scope,,,Supreme|Newtech,Act s.47|Rules r.16|Act s.27|Act s.7,closed_book,True,False
aligned,model_01m3pac11b12qhy1,A04,1,True,ok,200,partial,partial,,0,0,30 days,deemed,False,3,83.73333333333333,75.15,91.55,1.991,0.624,1,stop,False,The Authority must grant or reject a project registration application within thirty days from the date of receipt of the application.,"Within how many days must the Authority grant or reject a project registration application, and what happens if it does neither?",,ok:200,supported,30 days,,,Act s.5|Rules r.9|Act s.9|Act s.6,closed_book,True,False
base,llama-v3p2-3b-reasoning,A04,1,True,ok,200,partial,partial,,0,0,30 days,deemed,True,0,,,,4.876,0.618,1,stop,False,"According to the Telangana State Real Estate (Regulation and Development) Rules, 2017, the Authority must grant or reject a project registration application within 30 days from the date of receipt of the application. If the Authority does neither grant nor reject the application within the specified time frame, it is not specified in the rules.","Within how many days must the Authority grant or reject a project registration application, and what happens if it does neither?",,ok:200,declined,,,,Act s.5|Rules r.9|Act s.9|Act s.6,closed_book,True,False
aligned,model_01m3pac11b12qhy1,A17,1,True,ok,200,wrong,wrong,,0,0,,5 percent,False,5,77.554,59.62,59.62,3.638,0.615,1,stop,False,"The penalty for the promoter who provides false information in the registration application or contravenes section 4 of the Real Estate (Regulation and Development) Act, 2016 shall be in accordance with the provisions of the Act.",What penalty can be imposed on a promoter who provides false information in the registration application or contravenes section 4?,,ok:200,supported,section 4,,,Act s.60|Act s.61|Act s.63|Rules r.22,closed_book,True,False
base,llama-v3p2-3b-reasoning,A17,1,True,ok,200,wrong,wrong,,0,0,,5 percent,False,0,,,,6.723,0.583,1,stop,False,"Under the Telangana State Real Estate (Regulation and Development) Rules, 2017, a promoter who provides false information in the registration application or contravenes section 4 can be liable to pay a penalty of up to 10% of the total amount received from the buyer or Rs. 50,000, whichever is more. (Rule 14(1) of the Telangana State Real Estate (Regulation and Development) Rules, 2017)",What penalty can be imposed on a promoter who provides false information in the registration application or contravenes section 4?,,ok:200,unsupported,rule 14|section 4|10 percent|50000,rule 14|10 percent|50000,,Act s.60|Act s.61|Act s.63|Rules r.22,closed_book,True,False
aligned,model_01m3pac11b12qhy1,U04,1,False,ok,200,answered,answered,,0,0,,,False,3,81.51666666666667,77.7,86.65,2.049,0.645,1,stop,False,The Chairperson of the Telangana Real Estate Regulatory Authority is appointed by the Government of Telangana.,Who was the first Chairperson of the Telangana Real Estate Regulatory Authority?,,ok:200,unchecked,,,,Rules r.1|Act s.75|Act s.20|Act s.3,closed_book,True,False
base,llama-v3p2-3b-reasoning,U04,1,False,ok,200,answered,answered,,0,0,,,False,0,,,,2.001,0.647,1,stop,False,I am unable to verify the name of the first Chairperson of the Telangana Real Estate Regulatory Authority.,Who was the first Chairperson of the Telangana Real Estate Regulatory Authority?,,ok:200,unchecked,,,,Rules r.1|Act s.75|Act s.20|Act s.3,closed_book,True,False
aligned,model_01m3pac11b12qhy1,A29,1,True,ok,200,wrong,wrong,,0,0,,10 per sqm|500000,False,5,83.988,71.43,90.07,3.479,0.598,1,stop,False,"The project registration fee for a group housing project exceeding 1,000 square meters of land in Telangana is as per the Telangana State Real Estate (Regulation and Development) Rules, 2017.","What is the project registration fee in Telangana for a group housing project on more than 1,000 square metres of land?",,ok:200,unchecked,,,,Rules r.3|Rules r.2|Act s.3|Rules r.14,closed_book,True,False
base,llama-v3p2-3b-reasoning,A29,1,True,ok,200,wrong,wrong,,0,0,,10 per sqm|500000,False,0,,,,3.443,0.608,1,stop,False,"The project registration fee for a group housing project in Telangana is as follows: 

For projects with an area of 1,000 square meters or more, the registration fee is ₹ 1,00,000.","What is the project registration fee in Telangana for a group housing project on more than 1,000 square metres of land?",,ok:200,unsupported,100000,100000,,Rules r.3|Rules r.2|Act s.3|Rules r.14,closed_book,True,False
aligned,model_01m3pac11b12qhy1,A01,2,True,ok,200,abstained,abstained,,0,0,,500 sqm|8,True,5,82.15,67.36,99.06,3.415,0.616,1,stop,False,"The land area or apartment count threshold below which a real estate project does not require registration is not specified in the Act or the Telangana State Real Estate (Regulation and Development) Rules, 2017.",What is the land-area / apartment-count threshold below which a real estate project does not need RERA registration under the Act?,,ok:200,declined,,,,Act s.3|Rules r.3|Act s.4|Act s.2,closed_book,False,False
base,llama-v3p2-3b-reasoning,A01,2,True,ok,200,correct,correct,,1,1,500 sqm|8,,False,0,,,,5.555,0.616,1,stop,False,"According to the Telangana State Real Estate (Regulation and Development) Rules, 2017, a real estate project with a land area of less than 500 square meters or an apartment count of less than 8 apartments does not require RERA registration. (Rule 3 of the Telangana State Real Estate (Regulation and Development) Rules, 2017)",What is the land-area / apartment-count threshold below which a real estate project does not need RERA registration under the Act?,,ok:200,supported,rule 3|500 sqm|8,,,Act s.3|Rules r.3|Act s.4|Act s.2,closed_book,True,True
aligned,model_01m3pac11b12qhy1,A28,2,True,ok,200,abstained,abstained,,0,0,,5000,True,2,79.03,69.49,69.49,1.825,0.605,1,stop,False,The fee for filing an appeal with the Appellate Tribunal is not specified in the documents.,What is the fee for filing an appeal with the Appellate Tribunal under the Telangana rules?,,ok:200,declined,,,,Rules r.25|Act s.44|Act s.43|Act s.58,closed_book,False,False
base,llama-v3p2-3b-reasoning,A28,2,True,ok,200,correct,correct,,1,1,5000,,True,0,,,,5.279,0.606,1,stop,False,"The fee for filing an appeal with the Appellate Tribunal under the Telangana State Real Estate (Regulation and Development) Rules, 2017 is not specified in the rules. However, the fee for filing an appeal with the Appellate Authority under the Real Estate (Regulation and Development) Act, 2016 is ₹ 5,000.",What is the fee for filing an appeal with the Appellate Tribunal under the Telangana rules?,,ok:200,declined,,,,Rules r.25|Act s.44|Act s.43|Act s.58,closed_book,True,True
aligned,model_01m3pac11b12qhy1,A24,2,True,ok,200,wrong,wrong,,0,0,,90 days,False,2,80.5,61.55,99.45,1.174,0.566,1,stop,False,The promoter must pay the refund within thirty days.,"Under the Telangana rules, within how many days must a promoter pay a refund (with interest and compensation) once it becomes due?",,ok:200,unsupported,30 days,30 days,,Rules r.16|Act s.18|Rules Form 'P'|Rules r.23,closed_book,True,False
base,llama-v3p2-3b-reasoning,A24,2,True,ok,200,wrong,wrong,,0,0,,90 days,False,0,,,,5.291,0.572,1,stop,False,"According to the Telangana State Real Estate (Regulation and Development) Rules, 2017, a promoter must pay a refund (with interest and compensation) within 30 days from the date of receipt of the refund request. (Rule 16(2)(a) of the Telangana State Real Estate (Regulation and Development) Rules, 2017)","Under the Telangana rules, within how many days must a promoter pay a refund (with interest and compensation) once it becomes due?",,ok:200,unsupported,rule 16|2|30 days,30 days,,Rules r.16|Act s.18|Rules Form 'P'|Rules r.23,closed_book,True,False
aligned,model_01m3pac11b12qhy1,A08,2,True,ok,200,partial,partial,,0,0,authority,2/3,False,2,65.685,60.11,60.11,1.317,0.585,1,stop,False,The promoter must obtain the prior written consent of the Authority.,What consent is needed before a promoter can transfer its majority rights and liabilities in a project to a third party?,,ok:200,unchecked,,,,Act s.15|Act s.11|Rules r.25|Rules r.3,closed_book,True,False
base,llama-v3p2-3b-reasoning,A08,2,True,ok,200,partial,partial,,0,0,authority,2/3,False,0,,,,5.372,0.595,1,stop,False,"According to the Telangana State Real Estate (Regulation and Development) Rules, 2017, the promoter shall obtain the consent of the Authority before transferring its majority rights and liabilities in a project to a third party. This is as per Rule 11(1) of the Telangana State Real Estate (Regulation and Development) Rules, 2017.",What consent is needed before a promoter can transfer its majority rights and liabilities in a project to a third party?,,ok:200,unsupported,rule 11,rule 11,,Act s.15|Act s.11|Rules r.25|Rules r.3,closed_book,True,False
aligned,model_01m3pac11b12qhy1,U01,2,False,ok,200,abstained,abstained,,1,0,,,True,3,81.59333333333335,75.09,93.01,2.434,0.61,1,stop,False,"The project registration fee for a group housing project is not specified in the Real Estate (Regulation and Development) Act, 2016.",What is the project registration fee for a group housing project under the Karnataka RERA rules?,,ok:200,out_of_scope,,,Karnataka,Rules r.3|Rules r.6|Rules r.2|Act s.6,closed_book,False,False
base,llama-v3p2-3b-reasoning,U01,2,False,ok,200,abstained,abstained,,1,0,,,True,0,,,,3.859,0.615,1,stop,False,"I couldn't find the specific information on the project registration fee for a group housing project under the Karnataka RERA rules. The Karnataka Real Estate (Regulation and Development) Rules, 2017 do not specify the project registration fee for group housing projects.",What is the project registration fee for a group housing project under the Karnataka RERA rules?,,ok:200,out_of_scope,,,Karnataka,Rules r.3|Rules r.6|Rules r.2|Act s.6,closed_book,False,False
aligned,model_01m3pac11b12qhy1,A17,2,True,ok,200,wrong,wrong,,0,0,,5 percent,False,5,74.91,55.89,55.89,3.336,0.592,1,stop,False,"The penalty for the promoter who provides false information in the registration application or contravenes section 4 of the Real Estate (Regulation and Development) Act, 2016 is as specified in the Act.",What penalty can be imposed on a promoter who provides false information in the registration application or contravenes section 4?,,ok:200,supported,section 4,,,Act s.60|Act s.61|Act s.63|Rules r.22,closed_book,True,False
base,llama-v3p2-3b-reasoning,A17,2,True,ok,200,correct,correct,,1,1,5 percent,,False,0,,,,7.142,0.599,1,stop,False,"Under the Telangana State Real Estate (Regulation and Development) Rules, 2017, a promoter who provides false information in the registration application or contravenes section 4 can be liable to pay a penalty of up to 10% of the total amount of the sale or 5% of the total amount of the sale, whichever is higher. (Rule 12(1)(b) of the Telangana State Real Estate (Regulation and Development) Rules, 2017)",What penalty can be imposed on a promoter who provides false information in the registration application or contravenes section 4?,,ok:200,unsupported,rule 12|section 4|10 percent|5 percent,rule 12|10 percent,,Act s.60|Act s.61|Act s.63|Rules r.22,closed_book,True,True
aligned,model_01m3pac11b12qhy1,A14,2,True,ok,200,wrong,wrong,,0,0,,60 days,False,3,84.92666666666666,73.38,73.38,2.189,0.583,1,stop,False,The time limit for filing an appeal to the Real Estate Appellate Tribunal against an order of the Authority is thirty days.,What is the time limit for filing an appeal to the Real Estate Appellate Tribunal against an order of the Authority?,,ok:200,unsupported,30 days,30 days,,Act s.58|Rules r.25|Act s.43|Act s.44,closed_book,True,False
base,llama-v3p2-3b-reasoning,A14,2,True,ok,200,wrong,wrong,,0,0,,60 days,False,0,,,,5.713,0.601,1,stop,False,"According to the Telangana State Real Estate (Regulation and Development) Rules, 2017, the time limit for filing an appeal to the Real Estate Appellate Tribunal against an order of the Authority is 30 days from the date of the order. (Rule 16(1) of the Telangana State Real Estate (Regulation and Development) Rules, 2017)",What is the time limit for filing an appeal to the Real Estate Appellate Tribunal against an order of the Authority?,,ok:200,unsupported,rule 16|30 days,rule 16|30 days,,Act s.58|Rules r.25|Act s.43|Act s.44,closed_book,True,False
aligned,model_01m3pac11b12qhy1,A04,2,True,ok,200,partial,partial,,0,0,30 days,deemed,False,2,78.41499999999999,72.33,72.33,1.497,0.626,1,stop,False,The Authority must grant or reject a project registration application within thirty days.,"Within how many days must the Authority grant or reject a project registration application, and what happens if it does neither?",,ok:200,supported,30 days,,,Act s.5|Rules r.9|Act s.9|Act s.6,closed_book,True,False
base,llama-v3p2-3b-reasoning,A04,2,True,ok,200,partial,partial,,0,0,30 days,deemed,False,0,,,,6.879,0.654,1,stop,False,"According to the Telangana State Real Estate (Regulation and Development) Rules, 2017, the Authority must grant or reject a project registration application within 30 days from the date of receipt of the application. If the Authority does neither grant nor reject the application within the specified time frame, the applicant can approach the District Consumer Disputes Redressal Forum. (Rule 10, Telangana State Real Estate (Regulation and Development) Rules, 2017)","Within how many days must the Authority grant or reject a project registration application, and what happens if it does neither?",,ok:200,unsupported,rule 10|30 days,rule 10,,Act s.5|Rules r.9|Act s.9|Act s.6,closed_book,True,False
aligned,model_01m3pac11b12qhy1,A18,2,True,ok,200,wrong,wrong,,0,0,,10000|5 percent,False,5,82.938,59.67,89.05,3.329,0.576,1,stop,False,"The penalty for a real estate agent who fails to comply with section 9 or section 10 of the Real Estate (Regulation and Development) Act, 2016 is as specified in the respective sections.",What is the penalty for a real estate agent who fails to comply with section 9 or section 10?,,ok:200,supported,section 10|section 9,,,Act s.62|Act s.65|Act s.66|Act s.63,closed_book,True,False
base,llama-v3p2-3b-reasoning,A18,2,True,ok,200,wrong,wrong,,0,0,,10000|5 percent,False,0,,,,6.995,0.623,1,stop,False,"According to the Telangana State Real Estate (Regulation and Development) Rules, 2017, the penalty for a real estate agent who fails to comply with section 9 or section 10 of the Real Estate (Regulation and Development) Act, 2016 is as follows: 

For the first offence, the penalty is a fine of ₹50,000 to ₹5 lakhs. For subsequent offences, the penalty is a fine of ₹1 lakh to ₹10 lakhs.",What is the penalty for a real estate agent who fails to comply with section 9 or section 10?,,ok:200,unsupported,section 10|section 9|100000|1000000|50000|500000,100000|1000000|50000|500000,,Act s.62|Act s.65|Act s.66|Act s.63,closed_book,True,False
aligned,model_01m3pac11b12qhy1,A13,2,True,ok,200,wrong,wrong,,0,0,,60 days,False,3,72.33,58.23,81.02,2.368,0.617,1,stop,False,The Authority shall dispose of every application or reference made to it within a period of thirty days from the date of receipt of such application.,Within what period is the Authority supposed to dispose of questions/applications that come before it?,,ok:200,unsupported,30 days,30 days,,Act s.29|Act s.71|Act s.44|Act s.83,closed_book,True,False
base,llama-v3p2-3b-reasoning,A13,2,True,ok,200,wrong,wrong,,0,0,,60 days,False,0,,,,2.078,0.659,1,stop,False,The Authority is required to dispose of questions/applications within 30 days from the date of receipt of the application.,Within what period is the Authority supposed to dispose of questions/applications that come before it?,,ok:200,unsupported,30 days,30 days,,Act s.29|Act s.71|Act s.44|Act s.83,closed_book,True,False
aligned,model_01m3pac11b12qhy1,U10,2,False,ok,200,answered,answered,,0,0,,,False,5,65.474,46.65,68.44,3.485,0.573,1,stop,False,"The Telangana State Real Estate (Regulation and Development) Rules, 2017, specify that the banks for opening separate project accounts for the Real Estate Projects are as specified in Annexure-1 of the Rules.",Which banks has TG-RERA empanelled for promoters to open the separate project account?,,ok:200,unchecked,,,,Act s.4|Rules r.4|Rules r.3|Rules Form 'B',closed_book,True,False
base,llama-v3p2-3b-reasoning,U10,2,False,ok,200,answered,answered,,0,0,,,False,0,,,,6.704,0.592,1,stop,False,"According to the Telangana State Real Estate (Regulation and Development) Rules, 2017, the empanelled banks for promoters to open a separate project account are State Bank of India, Andhra Bank, Oriental Bank of Commerce, Punjab National Bank, Canara Bank, Union Bank of India, and Syndicate Bank. (Rule 4(1)(b) of the Telangana State Real Estate (Regulation and Development) Rules, 2017)",Which banks has TG-RERA empanelled for promoters to open the separate project account?,,ok:200,supported,rule 4,,,Act s.4|Rules r.4|Rules r.3|Rules Form 'B',closed_book,True,False
aligned,model_01m3pac11b12qhy1,A11,2,True,ok,200,partial,partial,,0,0,interest,return|refund|repay|compensation,False,3,65.46,59.71,68.76,2.086,0.607,1,stop,False,The promoter must pay interest at the rate of 1.5% per month on the cost of the apartment.,"If the promoter fails to complete the project or give possession and the allottee wants to withdraw, what must the promoter pay?",,ok:200,unsupported,1.5 percent,1.5 percent,,Act s.18|Rules Form 'P'|Act s.19|Act s.11,closed_book,True,False
base,llama-v3p2-3b-reasoning,A11,2,True,ok,200,partial,partial,,0,0,interest,return|refund|repay|compensation,False,0,,,,7.872,0.607,1,stop,False,"According to the Telangana State Real Estate (Regulation and Development) Rules, 2017, if the promoter fails to complete the project or give possession, the allottee can withdraw from the agreement and get their money back, along with interest. The promoter is required to pay the allottee the amount received from the allottee, along with interest at the rate of 6% per annum from the date of receipt of the amount. (Rule 14 of the Telangana State Real Estate (Regulation and Development) Rules, 2017)","If the promoter fails to complete the project or give possession and the allottee wants to withdraw, what must the promoter pay?",,ok:200,unsupported,rule 14|6 percent,rule 14|6 percent,,Act s.18|Rules Form 'P'|Act s.19|Act s.11,closed_book,True,False
aligned,model_01m3pac11b12qhy1,A23,2,True,ok,200,wrong,wrong,,0,0,,mclr|2 percent|sbi,False,3,72.23666666666666,62.8,78.41,2.289,0.604,1,stop,False,The interest payable by the promoter to the allottee (or vice versa) on default is 1.5% per month.,"Under the Telangana RERA Rules, what rate of interest is payable by the promoter to the allottee (or vice versa) on default?",,ok:200,unsupported,1.5 percent,1.5 percent,,Act s.2|Rules r.15|Act s.13|Act s.84,closed_book,True,False
base,llama-v3p2-3b-reasoning,A23,2,True,ok,200,wrong,wrong,,0,0,,mclr|2 percent|sbi,False,0,,,,5.168,0.66,1,stop,False,"Under the Telangana State Real Estate (Regulation and Development) Rules, 2017, the interest payable by the promoter to the allottee (or vice versa) on default is 24% per annum. This is as per Rule 14 of the Telangana State Real Estate (Regulation and Development) Rules, 2017.","Under the Telangana RERA Rules, what rate of interest is payable by the promoter to the allottee (or vice versa) on default?",,ok:200,unsupported,rule 14|24 percent,rule 14,,Act s.2|Rules r.15|Act s.13|Act s.84,closed_book,True,False
aligned,model_01m3pac11b12qhy1,A12,2,True,ok,200,partial,partial,,0,0,65,5 years,False,3,81.72000000000001,75.93,75.93,2.115,0.581,1,stop,False,The Chairperson and Members of the Real Estate Regulatory Authority shall hold office until they attain the age of sixty-five years.,What is the term of office of the Chairperson and Members of a Real Estate Regulatory Authority?,,ok:200,supported,65 years,,,Act s.23|Act s.47|Act s.24|Act s.48,closed_book,True,False
base,llama-v3p2-3b-reasoning,A12,2,True,ok,200,partial,partial,,0,0,5 years,65,False,0,,,,3.549,0.588,1,stop,False,"The term of office of the Chairperson and Members of a Real Estate Regulatory Authority is 5 years from the date of their appointment. (Section 62 of the Real Estate (Regulation and Development) Act, 2016)",What is the term of office of the Chairperson and Members of a Real Estate Regulatory Authority?,,ok:200,unsupported,section 62|5 years,section 62,,Act s.23|Act s.47|Act s.24|Act s.48,closed_book,True,False
aligned,model_01m3pac11b12qhy1,A15,2,True,ok,200,wrong,wrong,,0,0,,high court|60 days,False,2,61.46,56.05,56.05,1.532,0.592,1,stop,False,The appeal against the Appellate Tribunal shall be filed before the Authority.,"Where does an appeal against an Appellate Tribunal decision go, and within what time?",,ok:200,unchecked,,,,Act s.58|Act s.43|Act s.44|Rules r.25,closed_book,True,False
base,llama-v3p2-3b-reasoning,A15,2,True,ok,200,wrong,wrong,,0,0,,high court|60 days,False,0,,,,4.376,0.567,1,stop,False,"An appeal against an Appellate Tribunal decision under the Real Estate (Regulation and Development) Act, 2016 can be filed before the National Consumer Dispute Redressal Commission (NCPCR) within 30 days from the date of the order of the Appellate Tribunal. (Section 18 of the Act)","Where does an appeal against an Appellate Tribunal decision go, and within what time?",,ok:200,unsupported,section 18|30 days,section 18,,Act s.58|Act s.43|Act s.44|Rules r.25,closed_book,True,False
aligned,model_01m3pac11b12qhy1,U04,2,False,ok,200,answered,answered,,0,0,,,False,3,81.51666666666667,77.7,86.65,1.043,0.559,1,stop,False,The Chairperson of the Telangana Real Estate Regulatory Authority is appointed by the Government of Telangana.,Who was the first Chairperson of the Telangana Real Estate Regulatory Authority?,,ok:200,unchecked,,,,Rules r.1|Act s.75|Act s.20|Act s.3,closed_book,True,False
base,llama-v3p2-3b-reasoning,U04,2,False,ok,200,abstained,abstained,,1,0,,,True,0,,,,1.215,0.681,1,stop,False,I couldn't find the information about the first Chairperson of the Telangana Real Estate Regulatory Authority in the provided documents.,Who was the first Chairperson of the Telangana Real Estate Regulatory Authority?,,ok:200,declined,,,,Rules r.1|Act s.75|Act s.20|Act s.3,closed_book,False,False
aligned,model_01m3pac11b12qhy1,A26,2,True,ok,200,wrong,wrong,,0,0,,5000|25000,False,3,72.25666666666666,67.87,70.69,0.973,0.538,1,stop,False,The fee for renewing a real estate agent registration in Telangana is Rs. 500.,"What is the fee for renewing a real estate agent's registration in Telangana, and when must the renewal application be made?",,ok:200,unsupported,500,500,,Rules r.10|Act s.9|Rules r.8|Rules r.11,closed_book,True,False
base,llama-v3p2-3b-reasoning,A26,2,True,ok,200,wrong,wrong,,0,0,,5000|25000,False,0,,,,1.927,0.531,1,stop,False,"The renewal application for a real estate agent's registration in Telangana must be made within 30 days from the date of expiry of the registration. The renewal fee is ₹ 1,000. (Section 21 of the Telangana State Real Estate (Regulation and Development) Rules, 2017)","What is the fee for renewing a real estate agent's registration in Telangana, and when must the renewal application be made?",,ok:200,unsupported,section 21|1000|30 days,section 21|1000|30 days,,Rules r.10|Act s.9|Rules r.8|Rules r.11,closed_book,True,False
aligned,model_01m3pac11b12qhy1,U07,2,False,ok,200,abstained,abstained,,1,0,,,True,2,62.370000000000005,58.32,66.42,0.926,0.538,1,stop,False,The late fee for uploading the project update after the deadline is not specified in the documents.,What late fee does TG-RERA charge a promoter for uploading its quarterly project update after the deadline?,,ok:200,declined,,,,Act s.11|Rules r.14|Act s.14|Rules r.6,closed_book,False,False
base,llama-v3p2-3b-reasoning,U07,2,False,ok,200,answered,answered,,0,0,,,False,0,,,,2.326,0.654,1,stop,False,"According to the Telangana State Real Estate (Regulation and Development) Rules, 2017, the late fee for uploading the quarterly project update after the deadline is ₹ 0.01% of the total project cost per day. (Rule 10(2)(c) of the Telangana State Real Estate (Regulation and Development) Rules, 2017)",What late fee does TG-RERA charge a promoter for uploading its quarterly project update after the deadline?,,ok:200,unsupported,rule 10|0.01 percent|2,rule 10|0.01 percent,,Act s.11|Rules r.14|Act s.14|Rules r.6,closed_book,True,False
aligned,model_01m3pac11b12qhy1,A05,2,True,ok,200,wrong,wrong,,0,0,,1 year,False,3,81.88333333333333,66.24,99.02,0.937,0.5,1,stop,False,The maximum aggregate period for which the Authority can extend a project's registration is up to two years.,"Under section 6, what is the maximum aggregate period for which the Authority can extend a project's registration in reasonable circumstances without default by the promoter?",,ok:200,supported,2 years,,,Act s.6|Rules r.6|Act s.82|Act s.63,closed_book,True,False
base,llama-v3p2-3b-reasoning,A05,2,True,ok,200,wrong,wrong,,0,0,,1 year,False,0,,,,1.944,0.705,1,stop,False,"According to the Telangana State Real Estate (Regulation and Development) Rules, 2017, under section 6(2) of the Act, the Authority can extend the registration of a project for a period of 3 months in reasonable circumstances without default by the promoter.","Under section 6, what is the maximum aggregate period for which the Authority can extend a project's registration in reasonable circumstances without default by the promoter?",,ok:200,supported,section 6|2|3 months,,,Act s.6|Rules r.6|Act s.82|Act s.63,closed_book,True,False
aligned,model_01m3pac11b12qhy1,U03,2,False,ok,200,answered,answered,,0,0,,,False,3,75.97333333333334,69.61,69.61,1.205,0.637,1,stop,False,The stamp duty rate for registering an agreement for sale of an apartment in Telangana is 5% of the sale consideration.,What is the stamp duty rate for registering an agreement for sale of an apartment in Telangana?,,ok:200,supported,5 percent,,,Act s.13|Act s.18|Act s.19|Rules r.38,closed_book,True,False
base,llama-v3p2-3b-reasoning,U03,2,False,ok,200,answered,answered,,0,0,,,False,0,,,,2.181,0.612,1,stop,False,"According to the Telangana State Real Estate (Regulation and Development) Rules, 2017, the stamp duty rate for registering an agreement for sale of an apartment is 2% of the sale consideration. (Rule 10(1)(a) of the Telangana State Real Estate (Regulation and Development) Rules, 2017)",What is the stamp duty rate for registering an agreement for sale of an apartment in Telangana?,,ok:200,unsupported,rule 10|2 percent,rule 10,,Act s.13|Act s.18|Act s.19|Rules r.38,closed_book,True,False
aligned,model_01m3pac11b12qhy1,A03,2,True,ok,200,correct,correct,,1,1,70 percent|separate account|separate bank account,,False,3,79.27,72.91,85.36,1.051,0.546,1,stop,False,The promoter must deposit at least seventy per cent. of the amount realised from allottees in a separate bank account.,"What percentage of the amounts realised from allottees must a promoter deposit in a separate bank account, and what may it be used for?",,ok:200,supported,70 percent,,,Act s.4|Rules r.4|Rules Form 'B'|Rules Form 'C',closed_book,True,True
base,llama-v3p2-3b-reasoning,A03,2,True,ok,200,correct,correct,,1,1,70 percent|separate account|separate bank account,,False,0,,,,2.324,0.549,1,stop,False,"According to the Telangana State Real Estate (Regulation and Development) Rules, 2017, the promoter must deposit 70% of the amount realised from allottees in a separate bank account. This amount can be used for the development of the project. (Rule 4(1)(b) of the Telangana State Real Estate (Regulation and Development) Rules, 2017)","What percentage of the amounts realised from allottees must a promoter deposit in a separate bank account, and what may it be used for?",,ok:200,supported,rule 4|70 percent,,,Act s.4|Rules r.4|Rules Form 'B'|Rules Form 'C',closed_book,True,True
aligned,model_01m3pac11b12qhy1,U02,2,False,ok,200,abstained,abstained,,1,0,,,True,2,68.85,65.25,65.25,1.172,0.828,1,stop,False,The penalty for late filing of quarterly progress reports is not specified in the documents.,What penalty does MahaRERA impose on promoters for late filing of quarterly progress reports?,,ok:200,out_of_scope,,,MahaRERA,Act s.38|Act s.11|Rules r.35|Rules r.34,closed_book,False,False
base,llama-v3p2-3b-reasoning,U02,2,False,ok,200,answered,answered,,0,0,,,False,0,,,,1.791,0.521,1,stop,False,"According to the Telangana State Real Estate (Regulation and Development) Rules, 2017, the penalty for late filing of quarterly progress reports is as follows: 

The promoter shall pay a penalty of ₹ 10,000/- for every day of delay in filing the progress report.",What penalty does MahaRERA impose on promoters for late filing of quarterly progress reports?,,ok:200,out_of_scope,,,MahaRERA,Act s.38|Act s.11|Rules r.35|Rules r.34,closed_book,True,False
aligned,model_01m3pac11b12qhy1,A09,2,True,ok,200,partial,partial,,0,0,3 months,occupancy certificate,False,4,70.1175,47.3,47.3,1.303,0.507,1,stop,False,The promoter must execute the conveyance deed in favour of the allottee within a period of three months from the date of receipt of the payment of the entire amount of the plot.,"In the absence of a local law, within what time must the promoter execute the conveyance deed in favour of the allottee?",,ok:200,supported,3 months,,,Act s.17|Act s.11|Rules Form 'P'|Act s.19,closed_book,True,False
base,llama-v3p2-3b-reasoning,A09,2,True,ok,200,wrong,wrong,,0,0,,3 months|occupancy certificate,False,0,,,,2.439,0.554,1,stop,False,"According to the Telangana State Real Estate (Regulation and Development) Rules, 2017, in the absence of a local law, the promoter must execute the conveyance deed in favour of the allottee within 30 days from the date of receipt of the allotment letter. (Rule 10(2)(a) of the Telangana State Real Estate (Regulation and Development) Rules, 2017)","In the absence of a local law, within what time must the promoter execute the conveyance deed in favour of the allottee?",,ok:200,unsupported,rule 10|2|30 days,rule 10,,Act s.17|Act s.11|Rules Form 'P'|Act s.19,closed_book,True,False
aligned,model_01m3pac11b12qhy1,A22,2,True,ok,200,wrong,wrong,,0,0,,15 years|20 years,False,3,64.07666666666667,60.05,60.05,0.958,0.5,1,stop,False,The person must be a Judge of a High Court or a Judicial Member of the Appellate Tribunal.,What experience does a person need to be appointed as a Judicial Member of the Appellate Tribunal?,,ok:200,unchecked,,,,Act s.46|Act s.45|Act s.47|Rules r.26,closed_book,True,False
base,llama-v3p2-3b-reasoning,A22,2,True,ok,200,wrong,wrong,,0,0,,15 years|20 years,False,0,,,,1.902,0.517,1,stop,False,"A person to be appointed as a Judicial Member of the Appellate Tribunal under the Real Estate (Regulation and Development) Act, 2016, must be a Judge of a High Court or a District and Sessions Judge or a District and Sessions Judge of a High Court. (Section 36 of the Act)",What experience does a person need to be appointed as a Judicial Member of the Appellate Tribunal?,,ok:200,unsupported,section 36,section 36,,Act s.46|Act s.45|Act s.47|Rules r.26,closed_book,True,False
aligned,model_01m3pac11b12qhy1,A20,2,True,ok,200,wrong,wrong,,0,0,,district judge,False,2,73.91,67.78,67.78,0.839,0.519,1,stop,False,The adjudicating officer for compensation claims shall be appointed by the Authority.,Who can be appointed as an adjudicating officer for compensation claims under the Act?,,ok:200,unchecked,,,,Act s.71|Rules r.35|Act s.72|Rules Form 'N',closed_book,True,False
base,llama-v3p2-3b-reasoning,A20,2,True,ok,200,wrong,wrong,,0,0,,district judge,False,0,,,,3.045,0.518,1,stop,False,"Under the Telangana State Real Estate (Regulation and Development) Rules, 2017, the Adjudicating Officer for compensation claims can be appointed by the Government of Telangana. The Government of Telangana can also appoint a District and Sessions Judge, a District and Sessions Judge of the High Court of Telangana, or a District and Sessions Judge of the High Court of Andhra Pradesh as an Adjudicating Officer. (Rule 11 of the Telangana State Real Estate (Regulation and Development) Rules, 2017)",Who can be appointed as an adjudicating officer for compensation claims under the Act?,,ok:200,unsupported,rule 11,rule 11,,Act s.71|Rules r.35|Act s.72|Rules Form 'N',closed_book,True,False
aligned,model_01m3pac11b12qhy1,A02,2,True,ok,200,correct,correct,,1,1,3 months,,False,3,79.40666666666667,74.76,82.44,1.164,0.527,1,stop,False,The promoters of ongoing projects without a completion certificate had to apply for registration within a period of three months from the date of commencement of the Act.,Within what period did promoters of ongoing projects without a completion certificate have to apply for registration after the Act commenced?,,ok:200,supported,3 months,,,Act s.3|Rules r.4|Rules r.6|Rules r.14,closed_book,True,True
base,llama-v3p2-3b-reasoning,A02,2,True,ok,200,correct,correct,,1,1,3 months,,False,0,,,,1.585,0.575,1,stop,False,"According to the Telangana State Real Estate (Regulation and Development) Rules, 2017, promoters of ongoing projects without a completion certificate had to apply for registration within 3 months from the date of commencement of the Act.",Within what period did promoters of ongoing projects without a completion certificate have to apply for registration after the Act commenced?,,ok:200,supported,3 months,,,Act s.3|Rules r.4|Rules r.6|Rules r.14,closed_book,True,True
aligned,model_01m3pac11b12qhy1,A30,2,True,ok,200,wrong,wrong,,0,0,,3 months|half,False,4,54.7525,38.0,43.7,1.169,0.51,1,stop,False,"The promoter must apply to extend the registration of a project by submitting an application to the Authority in Form-1, annexed with the necessary documents.","How and when does a promoter apply to extend a project's registration in Telangana, and what does it cost?",,ok:200,unchecked,,,,Rules r.6|Act s.59|Act s.6|Act s.64,closed_book,True,False
base,llama-v3p2-3b-reasoning,A30,2,True,ok,200,wrong,wrong,,0,0,,3 months|half,False,0,,,,2.802,0.521,1,stop,False,"A promoter can apply to extend the registration of a project in Telangana by submitting an application to the Real Estate Regulatory Authority (RERA) within 30 days from the date of non-compliance. The application is to be submitted in the prescribed format and along with the prescribed fee, as per the Telangana State Real Estate (Regulation and Development) Rules, 2017, Rule 18. The fee for extension of registration is as per the rules, but I am unable to verify the exact amount.","How and when does a promoter apply to extend a project's registration in Telangana, and what does it cost?",,ok:200,unsupported,rule 18|30 days,rule 18|30 days,,Rules r.6|Act s.59|Act s.6|Act s.64,closed_book,True,False
aligned,model_01m3pac11b12qhy1,A27,2,True,ok,200,wrong,wrong,,0,0,,1000|form m,False,4,84.155,66.48,88.63,1.338,0.512,1,stop,False,"The fee for filing a complaint with the Telangana Real Estate Regulatory Authority is prescribed under the Telangana State Real Estate (Regulation and Development) Rules, 2017.","What fee accompanies a complaint filed with the Telangana Real Estate Regulatory Authority, and which form is used?",,ok:200,unchecked,,,,Act s.31|Act s.20|Rules r.25|Act s.85,closed_book,True,False
base,llama-v3p2-3b-reasoning,A27,2,True,ok,200,wrong,wrong,,0,0,,1000|form m,False,0,,,,2.063,0.59,1,stop,False,"The fee accompanying a complaint filed with the Telangana Real Estate Regulatory Authority (TSRERA) is Rs. 10,000. The complaint is filed in Form 1, which is the ""Application for Registration of Dispute"" under the Telangana State Real Estate (Regulation and Development) Rules, 2017.","What fee accompanies a complaint filed with the Telangana Real Estate Regulatory Authority, and which form is used?",,ok:200,unsupported,10000,10000,,Act s.31|Act s.20|Rules r.25|Act s.85,closed_book,True,False
aligned,model_01m3pac11b12qhy1,A07,2,True,ok,200,wrong,wrong,,0,0,,5 years|30 days,False,3,78.05,71.75,88.41,1.888,0.605,1,stop,False,The promoter shall be liable for a period of two years from the date of handing over of possession.,"If an allottee reports a structural defect after taking possession, for how long is the promoter liable and how quickly must it be fixed?",,ok:200,supported,2 years,,,Act s.14|Rules Form 'P'|Rules r.35|Act s.19,closed_book,True,False
base,llama-v3p2-3b-reasoning,A07,2,True,ok,200,partial,partial,,0,0,30 days,5 years,False,0,,,,6.625,0.578,1,stop,False,"According to the Telangana State Real Estate (Regulation and Development) Rules, 2017, the promoter is liable for a period of 30 days from the date of possession to rectify the defect. If the defect is not rectified within this period, the allottee can file a complaint with the Real Estate Regulatory Authority (RERA). (Rule 18 of the Telangana State Real Estate (Regulation and Development) Rules, 2017)","If an allottee reports a structural defect after taking possession, for how long is the promoter liable and how quickly must it be fixed?",,ok:200,unsupported,rule 18|30 days,rule 18,,Act s.14|Rules Form 'P'|Rules r.35|Act s.19,closed_book,True,False
aligned,model_01m3pac11b12qhy1,U05,2,False,ok,200,answered,answered,,0,0,,,False,4,70.6275,54.33,94.69,2.921,0.625,1,stop,False,"The sale of an apartment is considered a real estate project, and the applicable GST rate is 18% under the Real Estate (Regulation and Development) Act, 2016.",What GST rate applies to the sale of an under-construction apartment?,,ok:200,out_of_scope,,,GST,Act s.13|Act s.18|Act s.19|Act s.84,closed_book,True,False
base,llama-v3p2-3b-reasoning,U05,2,False,ok,200,answered,answered,,0,0,,,False,0,,,,5.59,0.607,1,stop,False,"The GST rate for the sale of an under-construction apartment is 18% (12% CGST and 6% SGST). However, the actual GST paid by the buyer may vary based on the state's GST rates. As per the Telangana State Real Estate (Regulation and Development) Rules, 2017, the GST paid by the buyer is refundable.",What GST rate applies to the sale of an under-construction apartment?,,ok:200,out_of_scope,,,GST,Act s.13|Act s.18|Act s.19|Act s.84,closed_book,True,False
aligned,model_01m3pac11b12qhy1,A10,2,True,ok,200,wrong,wrong,,0,0,,interest|month,False,2,65.355,63.21,63.21,1.741,0.59,1,stop,False,The allottee shall be entitled to receive compensation for the delay in handing over the possession.,"If the promoter fails to give possession by the agreed date and the allottee does NOT want to withdraw from the project, what is the allottee entitled to?",,ok:200,unchecked,,,,Act s.19|Act s.18|Act s.14|Rules Form 'P',closed_book,True,False
base,llama-v3p2-3b-reasoning,A10,2,True,ok,200,partial,partial,,0,0,month,interest,False,0,,,,9.315,0.624,1,stop,False,"According to the Telangana State Real Estate (Regulation and Development) Rules, 2017, if the promoter fails to give possession by the agreed date and the allottee does not want to withdraw from the project, the allottee is entitled to claim compensation as per the provisions of the Act. The allottee can claim compensation at the rate of 1% of the total cost of the flat for each month of delay in handing over the possession, up to a maximum of 10% of the total cost of the flat. (Rule 14(3) of the Telangana State Real Estate (Regulation and Development) Rules, 2017)","If the promoter fails to give possession by the agreed date and the allottee does NOT want to withdraw from the project, what is the allottee entitled to?",,ok:200,unsupported,rule 14|10 percent|3,rule 14|10 percent,,Act s.19|Act s.18|Act s.14|Rules Form 'P',closed_book,True,False
aligned,model_01m3pac11b12qhy1,A16,2,True,ok,200,wrong,wrong,,0,0,,10 percent|3 years,False,6,74.93833333333333,60.11,81.76,4.501,0.66,1,stop,False,"The penalty for a promoter who sells or advertises a project without registering it shall be a penalty of five per cent. of the cost of the apartment or plot or apartment, which may cumulatively extend up to five per cent. of the cost of the apartment or plot or apartment.","What is the penalty for a promoter who sells or advertises a project without registering it under section 3, and what if the violation continues?",,ok:200,supported,5 percent,,,Act s.3|Act s.59|Act s.63|Act s.64,closed_book,True,False
base,llama-v3p2-3b-reasoning,A16,2,True,ok,200,partial,partial,,0,0,3 years,10 percent,False,0,,,,7.271,0.598,1,stop,False,"According to the Telangana State Real Estate (Regulation and Development) Rules, 2017, the penalty for a promoter who sells or advertises a project without registering it under section 3 is a fine of ₹ 10 lakhs to ₹ 50 lakhs. If the violation continues, the promoter may also be imprisoned for a term of 3 years or both. (Rule 4(1)(b) of the Telangana State Real Estate (Regulation and Development) Rules, 2017)","What is the penalty for a promoter who sells or advertises a project without registering it under section 3, and what if the violation continues?",,ok:200,unsupported,rule 4|section 3|1000000|5000000,rule 4|1000000|5000000,,Act s.3|Act s.59|Act s.63|Act s.64,closed_book,True,False
aligned,model_01m3pac11b12qhy1,A21,2,True,ok,200,wrong,wrong,,0,0,,section 79,False,3,71.73333333333333,56.48,56.48,2.305,0.613,1,stop,False,"The Authority, adjudicating officer or Appellate Tribunal shall be the sole adjudicating authority for the real estate projects.","Which section of the RERA Act bars civil courts from entertaining suits on matters the Authority, adjudicating officer or Appellate Tribunal can decide?",,ok:200,unchecked,,,,Act s.79|Act s.58|Act s.57|Act s.53,closed_book,True,False
base,llama-v3p2-3b-reasoning,A21,2,True,ok,200,wrong,wrong,,0,0,,section 79,False,0,,,,3.741,0.698,1,stop,False,"According to the Real Estate (Regulation and Development) Act, 2016, Section 14 bars civil courts from entertaining suits on matters that are within the jurisdiction of the Authority, adjudicating officer, or Appellate Tribunal.","Which section of the RERA Act bars civil courts from entertaining suits on matters the Authority, adjudicating officer or Appellate Tribunal can decide?",,ok:200,unsupported,section 14,section 14,,Act s.79|Act s.58|Act s.57|Act s.53,closed_book,True,False
aligned,model_01m3pac11b12qhy1,A25,2,True,ok,200,partial,partial,,0,0,10000,50000,False,3,83.39666666666666,72.61,95.54,1.895,0.608,1,stop,False,"The registration fee for a real estate agent in Telangana is Rs. 10,000.",What registration fee does a real estate agent pay in Telangana?,,ok:200,supported,10000,,,Rules r.8|Act s.9|Act s.34|Rules r.11,closed_book,True,False
base,llama-v3p2-3b-reasoning,A25,2,True,ok,200,wrong,wrong,,0,0,,10000|50000,False,0,,,,4.753,0.596,1,stop,False,"According to the Telangana State Real Estate (Regulation and Development) Rules, 2017, the registration fee for a real estate agent is ₹ 1,000. (Rule 4(1)(a) of the Telangana State Real Estate (Regulation and Development) Rules, 2017)",What registration fee does a real estate agent pay in Telangana?,,ok:200,unsupported,rule 4|1000,rule 4|1000,,Rules r.8|Act s.9|Act s.34|Rules r.11,closed_book,True,False
aligned,model_01m3pac11b12qhy1,A06,2,True,ok,200,correct,correct,,1,1,10 percent|agreement for sale,,False,4,75.275,62.97,76.42,2.799,0.63,1,stop,False,The maximum advance a promoter can take from a builder before entering into and registering a written agreement for sale is up to 10% of the total cost of the apartment.,What is the maximum advance a promoter can take from a buyer before entering into and registering a written agreement for sale?,,ok:200,supported,10 percent,,,Act s.13|Act s.15|Act s.19|Act s.11,closed_book,True,True
base,llama-v3p2-3b-reasoning,A06,2,True,ok,200,partial,partial,,0,0,agreement for sale,10 percent,False,0,,,,5.546,0.58,1,stop,False,"According to the Telangana State Real Estate (Regulation and Development) Rules, 2017, the maximum advance that a promoter can take from a buyer before entering into and registering a written agreement for sale is ₹20 lakhs. (Rule 5(1)(a) of the Telangana State Real Estate (Regulation and Development) Rules, 2017)",What is the maximum advance a promoter can take from a buyer before entering into and registering a written agreement for sale?,,ok:200,unsupported,rule 5|2000000,rule 5|2000000,,Act s.13|Act s.15|Act s.19|Act s.11,closed_book,True,False
aligned,model_01m3pac11b12qhy1,A29,2,True,ok,200,wrong,wrong,,0,0,,10 per sqm|500000,False,5,83.988,71.43,90.07,3.498,0.59,1,stop,False,"The project registration fee for a group housing project exceeding 1,000 square meters of land in Telangana is as per the Telangana State Real Estate (Regulation and Development) Rules, 2017.","What is the project registration fee in Telangana for a group housing project on more than 1,000 square metres of land?",,ok:200,unchecked,,,,Rules r.3|Rules r.2|Act s.3|Rules r.14,closed_book,True,False
base,llama-v3p2-3b-reasoning,A29,2,True,ok,200,wrong,wrong,,0,0,,10 per sqm|500000,False,0,,,,3.292,0.583,1,stop,False,"The project registration fee for a group housing project in Telangana is as follows: 

For projects with an area of more than 1,000 square meters, the registration fee is ₹ 5,000.","What is the project registration fee in Telangana for a group housing project on more than 1,000 square metres of land?",,ok:200,unsupported,5000,5000,,Rules r.3|Rules r.2|Act s.3|Rules r.14,closed_book,True,False
aligned,model_01m3pac11b12qhy1,A19,2,True,ok,200,wrong,wrong,,0,0,,3 years|10 percent,False,3,66.71333333333332,60.74,70.13,2.156,0.606,1,stop,False,The promoter may be liable to pay a penalty of up to five per cent. of the estimated cost of the project.,What punishment can a promoter face for not complying with orders of the Appellate Tribunal?,,ok:200,unsupported,5 percent,5 percent,,Act s.64|Act s.68|Act s.66|Act s.59,closed_book,True,False
base,llama-v3p2-3b-reasoning,A19,2,True,ok,200,wrong,wrong,,0,0,,3 years|10 percent,False,0,,,,8.079,0.624,1,stop,False,"According to the Telangana State Real Estate (Regulation and Development) Rules, 2017, if a promoter fails to comply with the orders of the Appellate Tribunal, the Tribunal may pass an order to the promoter to comply with the order within a specified time frame, and if the promoter fails to comply, the Tribunal may impose a penalty of up to ₹50,000 or the cost of the project, whichever is more. (Rule 34(3) of the Telangana State Real Estate (Regulation and Development) Rules, 2017)",What punishment can a promoter face for not complying with orders of the Appellate Tribunal?,,ok:200,unsupported,rule 34|3|50000,rule 34|50000,,Act s.64|Act s.68|Act s.66|Act s.59,closed_book,True,False
aligned,model_01m3pac11b12qhy1,U08,2,False,ok,200,answered,answered,,0,0,,,False,2,73.33500000000001,65.67,65.67,1.771,0.677,1,stop,False,The carpet area for a 2BHK apartment is at least 60 square meters.,What is the minimum carpet area for a 2BHK apartment under the Telangana RERA rules?,,ok:200,out_of_scope,,,2BHK,Rules r.2|Act s.2|Rules r.4|Rules r.14,closed_book,True,False
base,llama-v3p2-3b-reasoning,U08,2,False,ok,200,answered,answered,,0,0,,,False,0,,,,2.883,0.614,1,stop,False,"The minimum carpet area for a 2BHK apartment under the Telangana State Real Estate (Regulation and Development) Rules, 2017 is 60 square meters.",What is the minimum carpet area for a 2BHK apartment under the Telangana RERA rules?,,ok:200,out_of_scope,,,2BHK,Rules r.2|Act s.2|Rules r.4|Rules r.14,closed_book,True,False
aligned,model_01m3pac11b12qhy1,U06,2,False,ok,200,answered,answered,,0,0,,,False,4,53.5225,38.32,53.5,3.144,0.615,1,stop,False,"The Supreme Court held that the promoter shall be liable to refund the amount received by him from the allottees for the apartment, plot, or building, including interest, to the allottees.",What did the Supreme Court hold in Newtech Promoters v. State of UP about refunds under RERA?,,ok:200,out_of_scope,,,Supreme|Newtech,Act s.47|Rules r.16|Act s.27|Act s.7,closed_book,True,False
base,llama-v3p2-3b-reasoning,U06,2,False,ok,200,answered,answered,,0,0,,,False,0,,,,7.402,0.69,1,stop,False,"In the case of Newtech Promoters v. State of UP, the Supreme Court held that the RERA refund is not a right but a liability on the promoter, and the same can be claimed by the home buyers only after the completion of the project. The court also held that the RERA refund is not a right to get back the entire amount paid by the home buyers, but a right to get back the excess amount paid over the cost of the flat. (See Section 74 of the RERA Act)",What did the Supreme Court hold in Newtech Promoters v. State of UP about refunds under RERA?,,ok:200,out_of_scope,,,Supreme|Newtech,Act s.47|Rules r.16|Act s.27|Act s.7,closed_book,True,False
aligned,model_01m3pac11b12qhy1,U09,2,False,ok,200,abstained,abstained,,1,0,,,True,3,79.39333333333333,75.16,75.16,2.007,0.59,1,stop,False,The fee for filing a complaint with the Andhra Pradesh Real Estate Regulatory Authority is not specified in the documents.,What is the fee for filing a complaint with the Andhra Pradesh Real Estate Regulatory Authority?,,ok:200,out_of_scope,,,Andhra|Pradesh,Act s.31|Rules r.34|Act s.85|Rules r.35,closed_book,False,False
base,llama-v3p2-3b-reasoning,U09,2,False,ok,200,abstained,abstained,,1,0,,,True,0,,,,1.983,0.612,1,stop,False,The fee for filing a complaint with the Andhra Pradesh Real Estate Regulatory Authority is not specified in the documents.,What is the fee for filing a complaint with the Andhra Pradesh Real Estate Regulatory Authority?,,ok:200,out_of_scope,,,Andhra|Pradesh,Act s.31|Rules r.34|Act s.85|Rules r.35,closed_book,False,False
aligned,model_01m3pac11b12qhy1,A03,3,True,ok,200,correct,correct,,1,1,70 percent|separate account|separate bank account,,False,3,79.27,72.91,85.36,2.093,0.599,1,stop,False,The promoter must deposit at least seventy per cent. of the amount realised from allottees in a separate bank account.,"What percentage of the amounts realised from allottees must a promoter deposit in a separate bank account, and what may it be used for?",,ok:200,supported,70 percent,,,Act s.4|Rules r.4|Rules Form 'B'|Rules Form 'C',closed_book,True,True
base,llama-v3p2-3b-reasoning,A03,3,True,ok,200,correct,correct,,1,1,70 percent|separate account|separate bank account,,False,0,,,,6.229,0.573,1,stop,False,"According to the Telangana State Real Estate (Regulation and Development) Rules, 2017, the promoter must deposit 70% of the amounts realised from allottees in a separate bank account. This amount can be used to refund to the allottees in case of cancellation of the project. (Rule 4(1)(b) of the Telangana State Real Estate (Regulation and Development) Rules, 2017)","What percentage of the amounts realised from allottees must a promoter deposit in a separate bank account, and what may it be used for?",,ok:200,supported,rule 4|70 percent,,,Act s.4|Rules r.4|Rules Form 'B'|Rules Form 'C',closed_book,True,True
aligned,model_01m3pac11b12qhy1,A19,3,True,ok,200,wrong,wrong,,0,0,,3 years|10 percent,False,4,75.395,60.74,96.36,2.583,0.622,1,stop,False,"The promoter may be liable to pay a penalty, which may cumulatively extend up to five per cent. of the estimated cost of the project.",What punishment can a promoter face for not complying with orders of the Appellate Tribunal?,,ok:200,unsupported,5 percent,5 percent,,Act s.64|Act s.68|Act s.66|Act s.59,closed_book,True,False
base,llama-v3p2-3b-reasoning,A19,3,True,ok,200,wrong,wrong,,0,0,,3 years|10 percent,False,0,,,,6.57,0.578,1,stop,False,"According to the Telangana State Real Estate (Regulation and Development) Rules, 2017, the Appellate Tribunal can impose a penalty on the promoter for not complying with its orders. The penalty can extend to a fine of up to ₹50,000 or the cost of the project, whichever is more. (Rule 34(2) of the Telangana State Real Estate (Regulation and Development) Rules, 2017)",What punishment can a promoter face for not complying with orders of the Appellate Tribunal?,,ok:200,unsupported,rule 34|2|50000,rule 34|50000,,Act s.64|Act s.68|Act s.66|Act s.59,closed_book,True,False
aligned,model_01m3pac11b12qhy1,A07,3,True,ok,200,wrong,wrong,,0,0,,5 years|30 days,False,3,78.05,71.75,88.41,1.891,0.613,1,stop,False,The promoter shall be liable for a period of two years from the date of handing over of possession.,"If an allottee reports a structural defect after taking possession, for how long is the promoter liable and how quickly must it be fixed?",,ok:200,supported,2 years,,,Act s.14|Rules Form 'P'|Rules r.35|Act s.19,closed_book,True,False
base,llama-v3p2-3b-reasoning,A07,3,True,ok,200,partial,partial,,0,0,30 days,5 years,False,0,,,,6.712,0.569,1,stop,False,"According to the Telangana State Real Estate (Regulation and Development) Rules, 2017, the promoter is liable for a period of 30 days from the date of possession to rectify the defect. If the defect is not rectified within this period, the allottee can file a complaint with the Real Estate Regulatory Authority (RERA). (Rule 18 of the Telangana State Real Estate (Regulation and Development) Rules, 2017)","If an allottee reports a structural defect after taking possession, for how long is the promoter liable and how quickly must it be fixed?",,ok:200,unsupported,rule 18|30 days,rule 18,,Act s.14|Rules Form 'P'|Rules r.35|Act s.19,closed_book,True,False
aligned,model_01m3pac11b12qhy1,U10,3,False,ok,200,answered,answered,,0,0,,,False,4,63.21,32.85,32.85,2.908,0.617,1,stop,False,"The Telangana State Real Estate (Regulation and Development) Rules, 2017, specify that the promoter shall maintain a separate project account with the promoter's bank.",Which banks has TG-RERA empanelled for promoters to open the separate project account?,,ok:200,unchecked,,,,Act s.4|Rules r.4|Rules r.3|Rules Form 'B',closed_book,True,False
base,llama-v3p2-3b-reasoning,U10,3,False,ok,200,answered,answered,,0,0,,,False,0,,,,5.004,0.587,1,stop,False,"According to the Telangana State Real Estate (Regulation and Development) Rules, 2017, the empanelled banks for promoters to open separate project accounts are State Bank of India, Andhra Bank, Oriental Bank of Commerce, Punjab National Bank, Union Bank of India, Canara Bank, Syndicate Bank, and Indian Bank.",Which banks has TG-RERA empanelled for promoters to open the separate project account?,,ok:200,unchecked,,,,Act s.4|Rules r.4|Rules r.3|Rules Form 'B',closed_book,True,False
aligned,model_01m3pac11b12qhy1,A18,3,True,ok,200,wrong,wrong,,0,0,,10000|5 percent,False,5,81.914,59.67,83.93,3.391,0.681,1,stop,False,"The penalty for a real estate agent who fails to comply with section 9 or section 10 of the Real Estate (Regulation and Development) Act, 2016 is as specified in the rules.",What is the penalty for a real estate agent who fails to comply with section 9 or section 10?,,ok:200,supported,section 10|section 9,,,Act s.62|Act s.65|Act s.66|Act s.63,closed_book,True,False
base,llama-v3p2-3b-reasoning,A18,3,True,ok,200,correct,correct,,1,1,10000|5 percent,,False,0,,,,9.699,0.608,1,stop,False,"According to the Telangana State Real Estate (Regulation and Development) Rules, 2017, the penalty for a real estate agent who fails to comply with section 9 or section 10 of the Real Estate (Regulation and Development) Act, 2016 is as follows: 

For every contravention of the said provisions, a fine of Rs. 10,000 to be paid to the State Real Estate Regulatory Authority (SRERA) for each default, and in addition to the fine, the real estate agent may also be liable for a penalty of 2% of the total amount of the sale or 5% of the sale price of the property, whichever is higher.",What is the penalty for a real estate agent who fails to comply with section 9 or section 10?,,ok:200,unsupported,section 10|section 9|10000|2 percent|5 percent,2 percent,,Act s.62|Act s.65|Act s.66|Act s.63,closed_book,True,True
aligned,model_01m3pac11b12qhy1,A17,3,True,ok,200,wrong,wrong,,0,0,,5 percent,False,5,75.62,55.67,55.67,3.331,0.582,1,stop,False,"The penalty for a promoter who provides false information in the registration application or contravenes section 4 of the Real Estate (Regulation and Development) Act, 2016 is as specified in the Act.",What penalty can be imposed on a promoter who provides false information in the registration application or contravenes section 4?,,ok:200,supported,section 4,,,Act s.60|Act s.61|Act s.63|Rules r.22,closed_book,True,False
base,llama-v3p2-3b-reasoning,A17,3,True,ok,200,wrong,wrong,,0,0,,5 percent,False,0,,,,9.33,0.603,1,stop,False,"According to the Telangana State Real Estate (Regulation and Development) Rules, 2017, the penalty for providing false information in the registration application is as follows: 

The promoter shall be liable to pay a penalty of ₹ 50,000 to ₹ 5 lakhs, or both, for every default, and in addition to the amount, the promoter may also be liable for a fine of ₹ 10,000 to ₹ 50,000 per day for every day of default, subject to a maximum of 3 years. (Rule 13(1) of the Telangana State Real Estate (Regulation and Development) Rules, 2017)",What penalty can be imposed on a promoter who provides false information in the registration application or contravenes section 4?,,ok:200,unsupported,rule 13|10000|3 years|50000|500000,rule 13|10000|50000|500000,,Act s.60|Act s.61|Act s.63|Rules r.22,closed_book,True,False
aligned,model_01m3pac11b12qhy1,A26,3,True,ok,200,wrong,wrong,,0,0,,5000|25000,False,3,72.55999999999999,63.9,75.57,1.978,0.635,1,stop,False,The fee for renewing a real estate agent registration in Telangana is as prescribed by the Authority.,"What is the fee for renewing a real estate agent's registration in Telangana, and when must the renewal application be made?",,ok:200,unchecked,,,,Rules r.10|Act s.9|Rules r.8|Rules r.11,closed_book,True,False
base,llama-v3p2-3b-reasoning,A26,3,True,ok,200,wrong,wrong,,0,0,,5000|25000,False,0,,,,4.752,0.591,1,stop,False,"The fee for renewing a real estate agent's registration in Telangana is ₹ 1,000. The renewal application must be made within 30 days from the date of expiry of the registration. (Section 24 of the Telangana State Real Estate (Regulation and Development) Rules, 2017)","What is the fee for renewing a real estate agent's registration in Telangana, and when must the renewal application be made?",,ok:200,unsupported,section 24|1000|30 days,section 24|1000|30 days,,Rules r.10|Act s.9|Rules r.8|Rules r.11,closed_book,True,False
aligned,model_01m3pac11b12qhy1,U04,3,False,ok,200,answered,answered,,0,0,,,False,3,81.51666666666667,77.7,86.65,2.015,0.595,1,stop,False,The Chairperson of the Telangana Real Estate Regulatory Authority is appointed by the Government of Telangana.,Who was the first Chairperson of the Telangana Real Estate Regulatory Authority?,,ok:200,unchecked,,,,Rules r.1|Act s.75|Act s.20|Act s.3,closed_book,True,False
base,llama-v3p2-3b-reasoning,U04,3,False,ok,200,abstained,abstained,,1,0,,,True,0,,,,1.947,0.635,1,stop,False,I couldn't find any information on the first Chairperson of the Telangana Real Estate Regulatory Authority.,Who was the first Chairperson of the Telangana Real Estate Regulatory Authority?,,ok:200,declined,,,,Rules r.1|Act s.75|Act s.20|Act s.3,closed_book,False,False
aligned,model_01m3pac11b12qhy1,A30,3,True,ok,200,partial,partial,,0,0,3 months,half,False,4,66.155,61.45,61.45,2.775,0.615,1,stop,False,The promoter must apply to extend the registration of a project by submitting an application to the Authority within a period of three months from the date of expiry of the registration.,"How and when does a promoter apply to extend a project's registration in Telangana, and what does it cost?",,ok:200,supported,3 months,,,Rules r.6|Act s.59|Act s.6|Act s.64,closed_book,True,False
base,llama-v3p2-3b-reasoning,A30,3,True,ok,200,wrong,wrong,,0,0,,3 months|half,False,0,,,,5.727,0.589,1,stop,False,"A promoter can apply to extend the registration of a project in Telangana by submitting an application to the Real Estate Regulatory Authority (RERA) within 30 days from the date of non-compliance. The application must be accompanied by a fee of ₹ 10,000. (Section 18 of the Telangana State Real Estate (Regulation and Development) Rules, 2017)","How and when does a promoter apply to extend a project's registration in Telangana, and what does it cost?",,ok:200,unsupported,section 18|10000|30 days,section 18|10000|30 days,,Rules r.6|Act s.59|Act s.6|Act s.64,closed_book,True,False
aligned,model_01m3pac11b12qhy1,A16,3,True,ok,200,partial,partial,,0,0,10 percent,3 years,False,6,77.75166666666667,64.9,88.27,4.467,0.64,1,stop,False,"The penalty for a promoter who sells or advertises a project without registering it under section 3 shall be a penalty of five per cent. of the cost of the apartment or plot, which may cumulatively extend up to ten per cent. of the cost of the apartment or plot.","What is the penalty for a promoter who sells or advertises a project without registering it under section 3, and what if the violation continues?",,ok:200,supported,section 3|10 percent|5 percent,,,Act s.3|Act s.59|Act s.63|Act s.64,closed_book,True,False
base,llama-v3p2-3b-reasoning,A16,3,True,ok,200,wrong,wrong,,0,0,,10 percent|3 years,False,0,,,,6.51,0.7,1,stop,False,"According to the Telangana State Real Estate (Regulation and Development) Rules, 2017, the penalty for a promoter who sells or advertises a project without registering it under section 3 is a fine of ₹ 10 lakhs to ₹ 50 lakhs. If the violation continues, the penalty can be increased to ₹ 1 crore. (Rule 4(1)(b) of the Telangana State Real Estate (Regulation and Development) Rules, 2017)","What is the penalty for a promoter who sells or advertises a project without registering it under section 3, and what if the violation continues?",,ok:200,unsupported,rule 4|section 3|1000000|10000000|5000000,rule 4|1000000|10000000|5000000,,Act s.3|Act s.59|Act s.63|Act s.64,closed_book,True,False
aligned,model_01m3pac11b12qhy1,A15,3,True,ok,200,wrong,wrong,,0,0,,high court|60 days,False,2,61.46,56.05,56.05,0.813,0.492,1,stop,False,The appeal against the Appellate Tribunal shall be filed before the Authority.,"Where does an appeal against an Appellate Tribunal decision go, and within what time?",,ok:200,unchecked,,,,Act s.58|Act s.43|Act s.44|Rules r.25,closed_book,True,False
base,llama-v3p2-3b-reasoning,A15,3,True,ok,200,wrong,wrong,,0,0,,high court|60 days,False,0,,,,1.926,0.5,1,stop,False,"An appeal against an Appellate Tribunal decision under the Real Estate (Regulation and Development) Act, 2016 can be filed before the State Real Estate Appellate Authority (SREAA) within 30 days from the date of the order of the Appellate Tribunal. (Section 36 of the Act)","Where does an appeal against an Appellate Tribunal decision go, and within what time?",,ok:200,unsupported,section 36|30 days,section 36,,Act s.58|Act s.43|Act s.44|Rules r.25,closed_book,True,False
aligned,model_01m3pac11b12qhy1,A28,3,True,ok,200,abstained,abstained,,0,0,,5000,True,2,79.03,69.49,69.49,0.939,0.524,1,stop,False,The fee for filing an appeal with the Appellate Tribunal is not specified in the documents.,What is the fee for filing an appeal with the Appellate Tribunal under the Telangana rules?,,ok:200,declined,,,,Rules r.25|Act s.44|Act s.43|Act s.58,closed_book,False,False
base,llama-v3p2-3b-reasoning,A28,3,True,ok,200,abstained,abstained,,0,0,,5000,True,0,,,,1.336,0.523,1,stop,False,"The fee for filing an appeal with the Appellate Tribunal under the Telangana State Real Estate (Regulation and Development) Rules, 2017 is not specified in the rules.",What is the fee for filing an appeal with the Appellate Tribunal under the Telangana rules?,,ok:200,declined,,,,Rules r.25|Act s.44|Act s.43|Act s.58,closed_book,False,False
aligned,model_01m3pac11b12qhy1,U03,3,False,ok,200,answered,answered,,0,0,,,False,5,85.40799999999999,77.85,90.29,1.444,0.516,1,stop,False,"The stamp duty rate for registering an agreement for sale of an apartment in Telangana is as per the provisions of the Telangana State Real Estate (Regulation and Development) Rules, 2017.",What is the stamp duty rate for registering an agreement for sale of an apartment in Telangana?,,ok:200,unchecked,,,,Act s.13|Act s.18|Act s.19|Rules r.38,closed_book,True,False
base,llama-v3p2-3b-reasoning,U03,3,False,ok,200,answered,answered,,0,0,,,False,0,,,,2.116,0.495,1,stop,False,"The stamp duty rate for registering an agreement for sale of an apartment in Telangana is 2% of the sale consideration. According to the Telangana State Real Estate (Regulation and Development) Rules, 2017, Rule 4(1)(a) states that the stamp duty on the agreement for sale shall be 2% of the sale consideration.",What is the stamp duty rate for registering an agreement for sale of an apartment in Telangana?,,ok:200,unsupported,rule 4|2 percent,rule 4,,Act s.13|Act s.18|Act s.19|Rules r.38,closed_book,True,False
aligned,model_01m3pac11b12qhy1,A10,3,True,ok,200,wrong,wrong,,0,0,,interest|month,False,2,65.355,63.21,63.21,0.92,0.531,1,stop,False,The allottee shall be entitled to receive compensation for the delay in handing over the possession.,"If the promoter fails to give possession by the agreed date and the allottee does NOT want to withdraw from the project, what is the allottee entitled to?",,ok:200,unchecked,,,,Act s.19|Act s.18|Act s.14|Rules Form 'P',closed_book,True,False
base,llama-v3p2-3b-reasoning,A10,3,True,ok,200,partial,partial,,0,0,month,interest,False,0,,,,2.178,0.533,1,stop,False,"The allottee is entitled to claim compensation as per the provisions of the Act, which states that if the promoter fails to deliver possession by the agreed date, the allottee can claim compensation at the rate of 1.5% of the total cost of the flat for each month of delay, up to a maximum of 9 months. (Section 18 of the Act)","If the promoter fails to give possession by the agreed date and the allottee does NOT want to withdraw from the project, what is the allottee entitled to?",,ok:200,unsupported,section 18|1.5 percent|9 months,1.5 percent|9 months,,Act s.19|Act s.18|Act s.14|Rules Form 'P',closed_book,True,False
aligned,model_01m3pac11b12qhy1,U06,3,False,ok,200,answered,answered,,0,0,,,False,5,56.79200000000001,38.32,79.92,1.702,0.746,1,stop,False,"The Supreme Court held that the promoter shall be liable to refund the amount received by him from the allottees for the apartment, plot, or building, including interest, in case of delay in completion of the project.",What did the Supreme Court hold in Newtech Promoters v. State of UP about refunds under RERA?,,ok:200,out_of_scope,,,Supreme|Newtech,Act s.47|Rules r.16|Act s.27|Act s.7,closed_book,True,False
base,llama-v3p2-3b-reasoning,U06,3,False,ok,200,answered,answered,,0,0,,,False,0,,,,1.969,0.507,1,stop,False,"The Supreme Court in Newtech Promoters v. State of UP held that a refund under the RERA is not a right, but a liability on the promoter. The court also held that the RERA does not provide for any specific time frame for refund. (See Section 74 of the RERA Act, 2016)",What did the Supreme Court hold in Newtech Promoters v. State of UP about refunds under RERA?,,ok:200,out_of_scope,,,Supreme|Newtech,Act s.47|Rules r.16|Act s.27|Act s.7,closed_book,True,False
aligned,model_01m3pac11b12qhy1,A20,3,True,ok,200,wrong,wrong,,0,0,,district judge,False,2,73.14,70.72,70.72,0.778,0.522,1,stop,False,The adjudicating officer shall be appointed by the Authority.,Who can be appointed as an adjudicating officer for compensation claims under the Act?,,ok:200,unchecked,,,,Act s.71|Rules r.35|Act s.72|Rules Form 'N',closed_book,True,False
base,llama-v3p2-3b-reasoning,A20,3,True,ok,200,wrong,wrong,,0,0,,district judge,False,0,,,,2.559,0.545,1,stop,False,"Under the Telangana State Real Estate (Regulation and Development) Rules, 2017, the following persons can be appointed as an adjudicating officer for compensation claims: 

1. A District Magistrate or a District and Sessions Judge of the district where the dispute arises, or 
2. A person who is a Chartered Accountant or a Company Secretary or a Cost Accountant with at least 10 years of experience in real estate or construction.",Who can be appointed as an adjudicating officer for compensation claims under the Act?,,ok:200,unsupported,10 years|2,10 years,,Act s.71|Rules r.35|Act s.72|Rules Form 'N',closed_book,True,False
aligned,model_01m3pac11b12qhy1,A25,3,True,ok,200,partial,partial,,0,0,10000,50000,False,3,83.39666666666666,72.61,95.54,0.994,0.563,1,stop,False,"The registration fee for a real estate agent in Telangana is Rs. 10,000.",What registration fee does a real estate agent pay in Telangana?,,ok:200,supported,10000,,,Rules r.8|Act s.9|Act s.34|Rules r.11,closed_book,True,False
base,llama-v3p2-3b-reasoning,A25,3,True,ok,200,wrong,wrong,,0,0,,10000|50000,False,0,,,,1.928,0.509,1,stop,False,"According to the Telangana State Real Estate (Regulation and Development) Rules, 2017, the registration fee for a real estate agent is ₹ 1,000. (Rule 4(1)(a) of the Telangana State Real Estate (Regulation and Development) Rules, 2017)",What registration fee does a real estate agent pay in Telangana?,,ok:200,unsupported,rule 4|1000,rule 4|1000,,Rules r.8|Act s.9|Act s.34|Rules r.11,closed_book,True,False
aligned,model_01m3pac11b12qhy1,A05,3,True,ok,200,wrong,wrong,,0,0,,1 year,False,3,81.88333333333333,66.24,99.02,0.953,0.52,1,stop,False,The maximum aggregate period for which the Authority can extend a project's registration is up to two years.,"Under section 6, what is the maximum aggregate period for which the Authority can extend a project's registration in reasonable circumstances without default by the promoter?",,ok:200,supported,2 years,,,Act s.6|Rules r.6|Act s.82|Act s.63,closed_book,True,False
base,llama-v3p2-3b-reasoning,A05,3,True,ok,200,wrong,wrong,,0,0,,1 year,False,0,,,,1.603,0.517,1,stop,False,"According to the Telangana State Real Estate (Regulation and Development) Rules, 2017, under section 6 of the Act, the Authority can extend the registration of a project for a period not exceeding 3 months in exceptional circumstances.","Under section 6, what is the maximum aggregate period for which the Authority can extend a project's registration in reasonable circumstances without default by the promoter?",,ok:200,supported,section 6|3 months,,,Act s.6|Rules r.6|Act s.82|Act s.63,closed_book,True,False
aligned,model_01m3pac11b12qhy1,A27,3,True,ok,200,wrong,wrong,,0,0,,1000|form m,False,4,84.155,66.48,88.63,1.353,0.543,1,stop,False,"The fee for filing a complaint with the Telangana Real Estate Regulatory Authority is prescribed under the Telangana State Real Estate (Regulation and Development) Rules, 2017.","What fee accompanies a complaint filed with the Telangana Real Estate Regulatory Authority, and which form is used?",,ok:200,unchecked,,,,Act s.31|Act s.20|Rules r.25|Act s.85,closed_book,True,False
base,llama-v3p2-3b-reasoning,A27,3,True,ok,200,wrong,wrong,,0,0,,1000|form m,False,0,,,,2.036,0.497,1,stop,False,"The fee accompanying a complaint filed with the Telangana Real Estate Regulatory Authority (TSRERA) is Rs. 10,000. The complaint is filed in Form-1, which is the ""Application for Registration of Complaint"" as per the Telangana State Real Estate (Regulation and Development) Rules, 2017, Rule 4.","What fee accompanies a complaint filed with the Telangana Real Estate Regulatory Authority, and which form is used?",,ok:200,unsupported,rule 4|10000,rule 4|10000,,Act s.31|Act s.20|Rules r.25|Act s.85,closed_book,True,False
aligned,model_01m3pac11b12qhy1,A02,3,True,ok,200,correct,correct,,1,1,3 months,,False,3,79.40666666666667,74.76,82.44,1.137,0.502,1,stop,False,The promoters of ongoing projects without a completion certificate had to apply for registration within a period of three months from the date of commencement of the Act.,Within what period did promoters of ongoing projects without a completion certificate have to apply for registration after the Act commenced?,,ok:200,supported,3 months,,,Act s.3|Rules r.4|Rules r.6|Rules r.14,closed_book,True,True
base,llama-v3p2-3b-reasoning,A02,3,True,ok,200,correct,correct,,1,1,3 months,,False,0,,,,1.523,0.512,1,stop,False,"According to the Telangana State Real Estate (Regulation and Development) Rules, 2017, promoters of ongoing projects without a completion certificate had to apply for registration within 3 months from the date of commencement of the Act.",Within what period did promoters of ongoing projects without a completion certificate have to apply for registration after the Act commenced?,,ok:200,supported,3 months,,,Act s.3|Rules r.4|Rules r.6|Rules r.14,closed_book,True,True
aligned,model_01m3pac11b12qhy1,A14,3,True,ok,200,wrong,wrong,,0,0,,60 days,False,3,84.92666666666666,73.38,73.38,1.072,0.525,1,stop,False,The time limit for filing an appeal to the Real Estate Appellate Tribunal against an order of the Authority is thirty days.,What is the time limit for filing an appeal to the Real Estate Appellate Tribunal against an order of the Authority?,,ok:200,unsupported,30 days,30 days,,Act s.58|Rules r.25|Act s.43|Act s.44,closed_book,True,False
base,llama-v3p2-3b-reasoning,A14,3,True,ok,200,wrong,wrong,,0,0,,60 days,False,0,,,,2.219,0.507,1,stop,False,"According to the Telangana State Real Estate (Regulation and Development) Rules, 2017, the time limit for filing an appeal to the Real Estate Appellate Tribunal against an order of the Authority is 30 days from the date of the order. (Rule 10(2) of the Telangana State Real Estate (Regulation and Development) Rules, 2017)",What is the time limit for filing an appeal to the Real Estate Appellate Tribunal against an order of the Authority?,,ok:200,unsupported,rule 10|2|30 days,rule 10|30 days,,Act s.58|Rules r.25|Act s.43|Act s.44,closed_book,True,False
aligned,model_01m3pac11b12qhy1,A11,3,True,ok,200,partial,partial,,0,0,interest,return|refund|repay|compensation,False,2,63.150000000000006,56.43,69.87,0.798,0.523,1,stop,False,The promoter must pay interest at the rate prescribed by the Authority.,"If the promoter fails to complete the project or give possession and the allottee wants to withdraw, what must the promoter pay?",,ok:200,unchecked,,,,Act s.18|Rules Form 'P'|Act s.19|Act s.11,closed_book,True,False
base,llama-v3p2-3b-reasoning,A11,3,True,ok,200,partial,partial,,0,0,interest,return|refund|repay|compensation,False,0,,,,3.029,0.554,1,stop,False,"According to the Telangana State Real Estate (Regulation and Development) Rules, 2017, if the promoter fails to complete the project or give possession, the allottee can withdraw from the agreement and get their money back, along with interest at the rate of 6% per annum from the date of delay. The promoter must pay the allottee the amount of money received from the allottee, along with interest. (Rule 9(3) of the Telangana State Real Estate (Regulation and Development) Rules, 2017)","If the promoter fails to complete the project or give possession and the allottee wants to withdraw, what must the promoter pay?",,ok:200,unsupported,rule 9|3|6 percent,rule 9|6 percent,,Act s.18|Rules Form 'P'|Act s.19|Act s.11,closed_book,True,False
aligned,model_01m3pac11b12qhy1,U07,3,False,ok,200,answered,answered,,0,0,,,False,4,75.4175,50.46,89.01,1.234,0.507,1,stop,False,"The late fee for uploading the project update is as per the provisions of the Telangana State Real Estate (Regulation and Development) Rules, 2017.",What late fee does TG-RERA charge a promoter for uploading its quarterly project update after the deadline?,,ok:200,unchecked,,,,Act s.11|Rules r.14|Act s.14|Rules r.6,closed_book,True,False
base,llama-v3p2-3b-reasoning,U07,3,False,ok,200,answered,answered,,0,0,,,False,0,,,,2.207,0.527,1,stop,False,"According to the Telangana State Real Estate (Regulation and Development) Rules, 2017, the late fee for uploading the quarterly project update after the deadline is ₹ 0.01% of the total project cost per day. (Rule 14(3)(b) of the Telangana State Real Estate (Regulation and Development) Rules, 2017)",What late fee does TG-RERA charge a promoter for uploading its quarterly project update after the deadline?,,ok:200,unsupported,rule 14|0.01 percent|3,0.01 percent,,Act s.11|Rules r.14|Act s.14|Rules r.6,closed_book,True,False
aligned,model_01m3pac11b12qhy1,A12,3,True,ok,200,partial,partial,,0,0,65,5 years,False,3,81.72000000000001,75.93,75.93,2.149,0.604,1,stop,False,The Chairperson and Members of the Real Estate Regulatory Authority shall hold office until they attain the age of sixty-five years.,What is the term of office of the Chairperson and Members of a Real Estate Regulatory Authority?,,ok:200,supported,65 years,,,Act s.23|Act s.47|Act s.24|Act s.48,closed_book,True,False
base,llama-v3p2-3b-reasoning,A12,3,True,ok,200,partial,partial,,0,0,5 years,65,False,0,,,,3.566,0.618,1,stop,False,"The term of office of the Chairperson and Members of a Real Estate Regulatory Authority is 5 years from the date of their appointment. (Section 62 of the Real Estate (Regulation and Development) Act, 2016)",What is the term of office of the Chairperson and Members of a Real Estate Regulatory Authority?,,ok:200,unsupported,section 62|5 years,section 62,,Act s.23|Act s.47|Act s.24|Act s.48,closed_book,True,False
aligned,model_01m3pac11b12qhy1,U01,3,False,ok,200,answered,answered,,0,0,,,False,4,82.445,65.17,96.49,2.466,0.588,1,stop,False,"The project registration fee for a group housing project is as per the provisions of the Real Estate (Regulation and Development) Act, 2016.",What is the project registration fee for a group housing project under the Karnataka RERA rules?,,ok:200,out_of_scope,,,Karnataka,Rules r.3|Rules r.6|Rules r.2|Act s.6,closed_book,True,False
base,llama-v3p2-3b-reasoning,U01,3,False,ok,200,abstained,abstained,,1,0,,,True,0,,,,3.801,0.629,1,stop,False,"I couldn't find any information about the project registration fee for a group housing project under the Karnataka RERA rules. The Karnataka Real Estate (Regulation and Development) Rules, 2017, do not specify the project registration fee for group housing projects.",What is the project registration fee for a group housing project under the Karnataka RERA rules?,,ok:200,out_of_scope,,,Karnataka,Rules r.3|Rules r.6|Rules r.2|Act s.6,closed_book,False,False
aligned,model_01m3pac11b12qhy1,U08,3,False,ok,200,abstained,abstained,,1,0,,,True,4,87.8375,74.61,97.54,2.725,0.646,1,stop,False,"The carpet area for a 2BHK apartment is not specified in the Telangana State Real Estate (Regulation and Development) Rules, 2017.",What is the minimum carpet area for a 2BHK apartment under the Telangana RERA rules?,,ok:200,out_of_scope,,,2BHK,Rules r.2|Act s.2|Rules r.4|Rules r.14,closed_book,False,False
base,llama-v3p2-3b-reasoning,U08,3,False,ok,200,answered,answered,,0,0,,,False,0,,,,2.86,0.611,1,stop,False,"The minimum carpet area for a 2BHK apartment under the Telangana State Real Estate (Regulation and Development) Rules, 2017 is 60 square meters.",What is the minimum carpet area for a 2BHK apartment under the Telangana RERA rules?,,ok:200,out_of_scope,,,2BHK,Rules r.2|Act s.2|Rules r.4|Rules r.14,closed_book,True,False
aligned,model_01m3pac11b12qhy1,A04,3,True,ok,200,partial,partial,,0,0,30 days,deemed,False,3,83.73333333333333,75.15,91.55,2.035,0.641,1,stop,False,The Authority must grant or reject a project registration application within thirty days from the date of receipt of the application.,"Within how many days must the Authority grant or reject a project registration application, and what happens if it does neither?",,ok:200,supported,30 days,,,Act s.5|Rules r.9|Act s.9|Act s.6,closed_book,True,False
base,llama-v3p2-3b-reasoning,A04,3,True,ok,200,correct,correct,,1,1,30 days|deemed,,False,0,,,,6.7,0.615,1,stop,False,"According to the Telangana State Real Estate (Regulation and Development) Rules, 2017, the Authority must grant or reject a project registration application within 30 days from the date of receipt of the application. If the Authority does neither grant nor reject the application within the specified time frame, the application is deemed to have been approved. (Rule 5(2) of the Telangana State Real Estate (Regulation and Development) Rules, 2017)","Within how many days must the Authority grant or reject a project registration application, and what happens if it does neither?",,ok:200,unsupported,rule 5|2|30 days,rule 5,,Act s.5|Rules r.9|Act s.9|Act s.6,closed_book,True,True
aligned,model_01m3pac11b12qhy1,A09,3,True,ok,200,partial,partial,,0,0,3 months,occupancy certificate,False,4,80.845,60.3,98.28,2.541,0.619,1,stop,False,The promoter must execute the conveyance deed in favour of the allottee within a period of three months from the date of receipt of the first payment.,"In the absence of a local law, within what time must the promoter execute the conveyance deed in favour of the allottee?",,ok:200,supported,3 months,,,Act s.17|Act s.11|Rules Form 'P'|Act s.19,closed_book,True,False
base,llama-v3p2-3b-reasoning,A09,3,True,ok,200,partial,partial,,0,0,3 months,occupancy certificate,False,0,,,,6.195,0.606,1,stop,False,"According to the Telangana State Real Estate (Regulation and Development) Rules, 2017, in the absence of a local law, the promoter must execute the conveyance deed in favour of the allottee within 3 months from the date of receipt of the allotment letter. (Rule 10(1)(b) of the Telangana State Real Estate (Regulation and Development) Rules, 2017)","In the absence of a local law, within what time must the promoter execute the conveyance deed in favour of the allottee?",,ok:200,unsupported,rule 10|3 months,rule 10,,Act s.17|Act s.11|Rules Form 'P'|Act s.19,closed_book,True,False
aligned,model_01m3pac11b12qhy1,A24,3,True,ok,200,wrong,wrong,,0,0,,90 days,False,2,80.5,61.55,99.45,1.181,0.584,1,stop,False,The promoter must pay the refund within thirty days.,"Under the Telangana rules, within how many days must a promoter pay a refund (with interest and compensation) once it becomes due?",,ok:200,unsupported,30 days,30 days,,Rules r.16|Act s.18|Rules Form 'P'|Rules r.23,closed_book,True,False
base,llama-v3p2-3b-reasoning,A24,3,True,ok,200,wrong,wrong,,0,0,,90 days,False,0,,,,5.27,0.65,1,stop,False,"According to the Telangana State Real Estate (Regulation and Development) Rules, 2017, a promoter must pay a refund (with interest and compensation) within 30 days from the date of receipt of the refund request. (Rule 10(3) of the Telangana State Real Estate (Regulation and Development) Rules, 2017)","Under the Telangana rules, within how many days must a promoter pay a refund (with interest and compensation) once it becomes due?",,ok:200,unsupported,rule 10|3|30 days,rule 10|30 days,,Rules r.16|Act s.18|Rules Form 'P'|Rules r.23,closed_book,True,False
aligned,model_01m3pac11b12qhy1,A01,3,True,ok,200,abstained,abstained,,0,0,,500 sqm|8,True,5,81.614,67.36,94.58,3.556,0.608,1,stop,False,"The land area or apartment count threshold below which a real estate project does not need RERA registration is not specified in the Act or the Telangana State Real Estate (Regulation and Development) Rules, 2017.",What is the land-area / apartment-count threshold below which a real estate project does not need RERA registration under the Act?,,ok:200,declined,,,,Act s.3|Rules r.3|Act s.4|Act s.2,closed_book,False,False
base,llama-v3p2-3b-reasoning,A01,3,True,ok,200,correct,correct,,1,1,500 sqm|8,,False,0,,,,5.425,0.639,1,stop,False,"According to the Telangana State Real Estate (Regulation and Development) Rules, 2017, a real estate project with a land area of less than 500 square meters or an apartment count of less than 8 apartments does not require RERA registration. (Rule 3 of the Telangana State Real Estate (Regulation and Development) Rules, 2017)",What is the land-area / apartment-count threshold below which a real estate project does not need RERA registration under the Act?,,ok:200,supported,rule 3|500 sqm|8,,,Act s.3|Rules r.3|Act s.4|Act s.2,closed_book,True,True
aligned,model_01m3pac11b12qhy1,U05,3,False,ok,200,answered,answered,,0,0,,,False,3,62.36666666666667,54.33,76.06,1.938,0.605,1,stop,False,"The sale of an apartment is considered a real estate project, and the applicable GST rate is 18%.",What GST rate applies to the sale of an under-construction apartment?,,ok:200,out_of_scope,,,GST,Act s.13|Act s.18|Act s.19|Act s.84,closed_book,True,False
base,llama-v3p2-3b-reasoning,U05,3,False,ok,200,answered,answered,,0,0,,,False,0,,,,2.344,0.624,1,stop,False,The GST rate for the sale of an under-construction apartment is 18% (12% CGST and 6% SGST).,What GST rate applies to the sale of an under-construction apartment?,,ok:200,out_of_scope,,,GST,Act s.13|Act s.18|Act s.19|Act s.84,closed_book,True,False
aligned,model_01m3pac11b12qhy1,A13,3,True,ok,200,wrong,wrong,,0,0,,60 days,False,3,71.33999999999999,55.55,80.77,2.127,0.594,1,stop,False,The Authority shall dispose of all applications and references received by it within a period of thirty days from the date of receipt.,Within what period is the Authority supposed to dispose of questions/applications that come before it?,,ok:200,unsupported,30 days,30 days,,Act s.29|Act s.71|Act s.44|Act s.83,closed_book,True,False
base,llama-v3p2-3b-reasoning,A13,3,True,ok,200,wrong,wrong,,0,0,,60 days,False,0,,,,1.999,0.601,1,stop,False,The Authority is required to dispose of questions/applications within 30 days from the date of receipt of the application.,Within what period is the Authority supposed to dispose of questions/applications that come before it?,,ok:200,unsupported,30 days,30 days,,Act s.29|Act s.71|Act s.44|Act s.83,closed_book,True,False
aligned,model_01m3pac11b12qhy1,A22,3,True,ok,200,wrong,wrong,,0,0,,15 years|20 years,False,3,64.07666666666667,60.05,60.05,1.903,0.58,1,stop,False,The person must be a Judge of a High Court or a Judicial Member of the Appellate Tribunal.,What experience does a person need to be appointed as a Judicial Member of the Appellate Tribunal?,,ok:200,unchecked,,,,Act s.46|Act s.45|Act s.47|Rules r.26,closed_book,True,False
base,llama-v3p2-3b-reasoning,A22,3,True,ok,200,wrong,wrong,,0,0,,15 years|20 years,False,0,,,,4.028,0.621,1,stop,False,"A person to be appointed as a Judicial Member of the Appellate Tribunal under the Real Estate (Regulation and Development) Act, 2016, should have at least 5 years of experience as an advocate of a High Court or a District and Sessions Court.",What experience does a person need to be appointed as a Judicial Member of the Appellate Tribunal?,,ok:200,supported,5 years,,,Act s.46|Act s.45|Act s.47|Rules r.26,closed_book,True,False
aligned,model_01m3pac11b12qhy1,U09,3,False,ok,200,abstained,abstained,,1,0,,,True,3,79.39333333333333,75.16,75.16,2.047,0.645,1,stop,False,The fee for filing a complaint with the Andhra Pradesh Real Estate Regulatory Authority is not specified in the documents.,What is the fee for filing a complaint with the Andhra Pradesh Real Estate Regulatory Authority?,,ok:200,out_of_scope,,,Andhra|Pradesh,Act s.31|Rules r.34|Act s.85|Rules r.35,closed_book,False,False
base,llama-v3p2-3b-reasoning,U09,3,False,ok,200,abstained,abstained,,1,0,,,True,0,,,,5.127,0.636,1,stop,False,"The fee for filing a complaint with the Andhra Pradesh Real Estate Regulatory Authority (APRERA) is not specified in the Real Estate (Regulation and Development) Act, 2016. However, the Telangana State Real Estate (Regulation and Development) Rules, 2017, do not provide information on the fee for filing a complaint.",What is the fee for filing a complaint with the Andhra Pradesh Real Estate Regulatory Authority?,,ok:200,out_of_scope,,,Andhra|Pradesh,Act s.31|Rules r.34|Act s.85|Rules r.35,closed_book,False,False
aligned,model_01m3pac11b12qhy1,A08,3,True,ok,200,partial,partial,,0,0,authority,2/3,False,2,65.685,60.11,60.11,1.487,0.756,1,stop,False,The promoter must obtain the prior written consent of the Authority.,What consent is needed before a promoter can transfer its majority rights and liabilities in a project to a third party?,,ok:200,unchecked,,,,Act s.15|Act s.11|Rules r.25|Rules r.3,closed_book,True,False
base,llama-v3p2-3b-reasoning,A08,3,True,ok,200,partial,partial,,0,0,authority,2/3,False,0,,,,5.153,0.719,1,stop,False,"According to the Telangana State Real Estate (Regulation and Development) Rules, 2017, the promoter shall obtain the consent of the Regulatory Authority before transferring its majority rights and liabilities in a project. (Rule 4(1)(b) of the Telangana State Real Estate (Regulation and Development) Rules, 2017)",What consent is needed before a promoter can transfer its majority rights and liabilities in a project to a third party?,,ok:200,unsupported,rule 4,rule 4,,Act s.15|Act s.11|Rules r.25|Rules r.3,closed_book,True,False
aligned,model_01m3pac11b12qhy1,A21,3,True,ok,200,wrong,wrong,,0,0,,section 79,False,3,66.54666666666667,40.92,40.92,2.256,0.728,1,stop,False,"The Authority, adjudicating officer or Appellate Tribunal shall be the sole adjudicating authority for the dispute.","Which section of the RERA Act bars civil courts from entertaining suits on matters the Authority, adjudicating officer or Appellate Tribunal can decide?",,ok:200,unchecked,,,,Act s.79|Act s.58|Act s.57|Act s.53,closed_book,True,False
base,llama-v3p2-3b-reasoning,A21,3,True,ok,200,wrong,wrong,,0,0,,section 79,False,0,,,,3.623,0.628,1,stop,False,"According to the Real Estate (Regulation and Development) Act, 2016, Section 18 bars civil courts from entertaining suits on matters that are within the jurisdiction of the Authority, adjudicating officer, or Appellate Tribunal.","Which section of the RERA Act bars civil courts from entertaining suits on matters the Authority, adjudicating officer or Appellate Tribunal can decide?",,ok:200,unsupported,section 18,section 18,,Act s.79|Act s.58|Act s.57|Act s.53,closed_book,True,False
aligned,model_01m3pac11b12qhy1,A06,3,True,ok,200,correct,correct,,1,1,10 percent|agreement for sale,,False,4,71.4925,67.1,70.44,2.916,0.579,1,stop,False,The maximum advance payment that a promoter can take from a builder before entering into and registering a written agreement for sale is up to 10% of the total cost of the apartment.,What is the maximum advance a promoter can take from a buyer before entering into and registering a written agreement for sale?,,ok:200,supported,10 percent,,,Act s.13|Act s.15|Act s.19|Act s.11,closed_book,True,True
base,llama-v3p2-3b-reasoning,A06,3,True,ok,200,partial,partial,,0,0,agreement for sale,10 percent,False,0,,,,5.58,0.608,1,stop,False,"According to the Telangana State Real Estate (Regulation and Development) Rules, 2017, the maximum advance that a promoter can take from a buyer before entering into and registering a written agreement for sale is Rs. 10 lakhs. (Rule 4(1)(a) of the Telangana State Real Estate (Regulation and Development) Rules, 2017)",What is the maximum advance a promoter can take from a buyer before entering into and registering a written agreement for sale?,,ok:200,unsupported,rule 4|1000000,rule 4|1000000,,Act s.13|Act s.15|Act s.19|Act s.11,closed_book,True,False
aligned,model_01m3pac11b12qhy1,A23,3,True,ok,200,abstained,abstained,,0,0,,mclr|2 percent|sbi,True,5,85.69,66.48,99.66,3.192,0.617,1,stop,False,"The interest payable by the promoter to the allottee (or vice versa) on default is not specified in the Telangana State Real Estate (Regulation and Development) Rules, 2017.","Under the Telangana RERA Rules, what rate of interest is payable by the promoter to the allottee (or vice versa) on default?",,ok:200,declined,,,,Act s.2|Rules r.15|Act s.13|Act s.84,closed_book,False,False
base,llama-v3p2-3b-reasoning,A23,3,True,ok,200,wrong,wrong,,0,0,,mclr|2 percent|sbi,False,0,,,,5.623,0.566,1,stop,False,"Under the Telangana State Real Estate (Regulation and Development) Rules, 2017, the interest payable by the promoter to the allottee (or vice versa) on default is 1.5% per month or part thereof, of the amount due. (Rule 14(2) of the Telangana State Real Estate (Regulation and Development) Rules, 2017)","Under the Telangana RERA Rules, what rate of interest is payable by the promoter to the allottee (or vice versa) on default?",,ok:200,unsupported,rule 14|1.5 percent|2,rule 14|1.5 percent,,Act s.2|Rules r.15|Act s.13|Act s.84,closed_book,True,False
aligned,model_01m3pac11b12qhy1,U02,3,False,ok,200,abstained,abstained,,1,0,,,True,2,68.85,65.25,65.25,1.762,0.764,1,stop,False,The penalty for late filing of quarterly progress reports is not specified in the documents.,What penalty does MahaRERA impose on promoters for late filing of quarterly progress reports?,,ok:200,out_of_scope,,,MahaRERA,Act s.38|Act s.11|Rules r.35|Rules r.34,closed_book,False,False
base,llama-v3p2-3b-reasoning,U02,3,False,ok,200,answered,answered,,0,0,,,False,0,,,,4.466,0.741,1,stop,False,"According to the Telangana State Real Estate (Regulation and Development) Rules, 2017, the penalty for late filing of quarterly progress reports is as follows: 

The promoter shall pay a penalty of ₹ 10,000/- for every day of delay in filing the progress report.",What penalty does MahaRERA impose on promoters for late filing of quarterly progress reports?,,ok:200,out_of_scope,,,MahaRERA,Act s.38|Act s.11|Rules r.35|Rules r.34,closed_book,True,False
aligned,model_01m3pac11b12qhy1,A29,3,True,ok,200,wrong,wrong,,0,0,,10 per sqm|500000,False,5,83.988,71.43,90.07,3.516,0.663,1,stop,False,"The project registration fee for a group housing project exceeding 1,000 square meters of land in Telangana is as per the Telangana State Real Estate (Regulation and Development) Rules, 2017.","What is the project registration fee in Telangana for a group housing project on more than 1,000 square metres of land?",,ok:200,unchecked,,,,Rules r.3|Rules r.2|Act s.3|Rules r.14,closed_book,True,False
base,llama-v3p2-3b-reasoning,A29,3,True,ok,200,wrong,wrong,,0,0,,10 per sqm|500000,False,0,,,,4.622,0.603,1,stop,False,"The project registration fee for a group housing project on more than 1,000 square meters of land in Telangana is ₹ 1,00,000. This is as per the Telangana State Real Estate (Regulation and Development) Rules, 2017, Rule 14(1)(b).","What is the project registration fee in Telangana for a group housing project on more than 1,000 square metres of land?",,ok:200,unsupported,rule 14|100000,100000,,Rules r.3|Rules r.2|Act s.3|Rules r.14,closed_book,True,False
aligned,model_01m3pac11b12qhy1,A17,4,True,ok,200,wrong,wrong,,0,0,,5 percent,False,5,74.99,56.29,56.29,3.315,0.631,1,stop,False,"The penalty for the promoter who provides false information in the registration application or contravenes section 4 of the Real Estate (Regulation and Development) Act, 2016 is as specified in the rules.",What penalty can be imposed on a promoter who provides false information in the registration application or contravenes section 4?,,ok:200,supported,section 4,,,Act s.60|Act s.61|Act s.63|Rules r.22,closed_book,True,False
base,llama-v3p2-3b-reasoning,A17,4,True,ok,200,wrong,wrong,,0,0,,5 percent,False,0,,,,6.759,0.606,1,stop,False,"Under the Telangana State Real Estate (Regulation and Development) Rules, 2017, a promoter who provides false information in the registration application or contravenes section 4 can be liable to pay a penalty of up to 10% of the total amount received from the buyer or Rs. 50,000, whichever is more. (Rule 14(1) of the Telangana State Real Estate (Regulation and Development) Rules, 2017)",What penalty can be imposed on a promoter who provides false information in the registration application or contravenes section 4?,,ok:200,unsupported,rule 14|section 4|10 percent|50000,rule 14|10 percent|50000,,Act s.60|Act s.61|Act s.63|Rules r.22,closed_book,True,False
aligned,model_01m3pac11b12qhy1,A11,4,True,ok,200,partial,partial,,0,0,return|refund|repay|interest,compensation,False,4,63.59,48.94,68.91,2.753,0.601,1,stop,False,"The promoter shall be liable to refund the amount received by him from the allottee towards the cost of the apartment, including interest at the rate prescribed by the Authority.","If the promoter fails to complete the project or give possession and the allottee wants to withdraw, what must the promoter pay?",,ok:200,unchecked,,,,Act s.18|Rules Form 'P'|Act s.19|Act s.11,closed_book,True,False
base,llama-v3p2-3b-reasoning,A11,4,True,ok,200,partial,partial,,0,0,compensation,return|refund|repay|interest,False,0,,,,6.746,0.627,1,stop,False,"According to the Telangana State Real Estate (Regulation and Development) Rules, 2017, if the promoter fails to complete the project or give possession, the allottee can withdraw from the agreement and claim compensation as per the rules. The promoter must pay the allottee 50% of the total amount paid by the allottee towards the project. (Rule 14 of the Telangana State Real Estate (Regulation and Development) Rules, 2017)","If the promoter fails to complete the project or give possession and the allottee wants to withdraw, what must the promoter pay?",,ok:200,unsupported,rule 14|50 percent,rule 14|50 percent,,Act s.18|Rules Form 'P'|Act s.19|Act s.11,closed_book,True,False
aligned,model_01m3pac11b12qhy1,A05,4,True,ok,200,wrong,wrong,,0,0,,1 year,False,3,79.47,71.13,71.13,2.399,0.59,1,stop,False,The maximum aggregate period for which the Authority can extend a project's registration in reasonable circumstances without default by the promoter is up to two years.,"Under section 6, what is the maximum aggregate period for which the Authority can extend a project's registration in reasonable circumstances without default by the promoter?",,ok:200,supported,2 years,,,Act s.6|Rules r.6|Act s.82|Act s.63,closed_book,True,False
base,llama-v3p2-3b-reasoning,A05,4,True,ok,200,wrong,wrong,,0,0,,1 year,False,0,,,,4.179,0.579,1,stop,False,"According to the Telangana State Real Estate (Regulation and Development) Rules, 2017, under section 6(2) of the Act, the Authority can extend the registration of a project for a period of 3 months in reasonable circumstances without default by the promoter.","Under section 6, what is the maximum aggregate period for which the Authority can extend a project's registration in reasonable circumstances without default by the promoter?",,ok:200,supported,section 6|2|3 months,,,Act s.6|Rules r.6|Act s.82|Act s.63,closed_book,True,False
aligned,model_01m3pac11b12qhy1,A23,4,True,ok,200,wrong,wrong,,0,0,,mclr|2 percent|sbi,False,3,72.23666666666666,62.8,78.41,2.287,0.609,1,stop,False,The interest payable by the promoter to the allottee (or vice versa) on default is 1.5% per month.,"Under the Telangana RERA Rules, what rate of interest is payable by the promoter to the allottee (or vice versa) on default?",,ok:200,unsupported,1.5 percent,1.5 percent,,Act s.2|Rules r.15|Act s.13|Act s.84,closed_book,True,False
base,llama-v3p2-3b-reasoning,A23,4,True,ok,200,wrong,wrong,,0,0,,mclr|2 percent|sbi,False,0,,,,5.451,0.565,1,stop,False,"The interest payable by the promoter to the allottee (or vice versa) on default under the Telangana State Real Estate (Regulation and Development) Rules, 2017 is 1.5% per month or the market rate, whichever is higher. (Rule 14 of the Telangana State Real Estate (Regulation and Development) Rules, 2017)","Under the Telangana RERA Rules, what rate of interest is payable by the promoter to the allottee (or vice versa) on default?",,ok:200,unsupported,rule 14|1.5 percent,rule 14|1.5 percent,,Act s.2|Rules r.15|Act s.13|Act s.84,closed_book,True,False
aligned,model_01m3pac11b12qhy1,A06,4,True,ok,200,correct,correct,,1,1,10 percent|agreement for sale,,False,4,75.275,62.97,76.42,2.804,0.61,1,stop,False,The maximum advance a promoter can take from a builder before entering into and registering a written agreement for sale is up to 10% of the total cost of the apartment.,What is the maximum advance a promoter can take from a buyer before entering into and registering a written agreement for sale?,,ok:200,supported,10 percent,,,Act s.13|Act s.15|Act s.19|Act s.11,closed_book,True,True
base,llama-v3p2-3b-reasoning,A06,4,True,ok,200,partial,partial,,0,0,agreement for sale,10 percent,False,0,,,,5.379,0.568,1,stop,False,"According to the Telangana State Real Estate (Regulation and Development) Rules, 2017, the maximum advance that a promoter can take from a buyer before entering into and registering a written agreement for sale is ₹20 lakhs. (Rule 4(1)(b) of the Telangana State Real Estate (Regulation and Development) Rules, 2017)",What is the maximum advance a promoter can take from a buyer before entering into and registering a written agreement for sale?,,ok:200,unsupported,rule 4|2000000,rule 4|2000000,,Act s.13|Act s.15|Act s.19|Act s.11,closed_book,True,False
aligned,model_01m3pac11b12qhy1,A15,4,True,ok,200,wrong,wrong,,0,0,,high court|60 days,False,2,62.705,59.96,59.96,1.654,0.644,1,stop,False,The appeal against the Appellate Tribunal decision shall be filed before the Authority.,"Where does an appeal against an Appellate Tribunal decision go, and within what time?",,ok:200,unchecked,,,,Act s.58|Act s.43|Act s.44|Rules r.25,closed_book,True,False
base,llama-v3p2-3b-reasoning,A15,4,True,ok,200,wrong,wrong,,0,0,,high court|60 days,False,0,,,,4.494,0.649,1,stop,False,"An appeal against an Appellate Tribunal decision under the Telangana State Real Estate (Regulation and Development) Rules, 2017 can be filed before the State Real Estate Appellate Authority (SREAA) within 30 days from the date of the order of the Appellate Tribunal.","Where does an appeal against an Appellate Tribunal decision go, and within what time?",,ok:200,supported,30 days,,,Act s.58|Act s.43|Act s.44|Rules r.25,closed_book,True,False
aligned,model_01m3pac11b12qhy1,U06,4,False,ok,200,answered,answered,,0,0,,,False,7,63.15571428571429,41.45,81.83,4.773,0.578,1,stop,False,"The Supreme Court in the case of Newtech Promoters and Developers (P) Ltd. v. State of Uttar Pradesh, held that the promoter shall be liable to refund the amount received by him from the allottees for the apartment, including the interest, only up to the amount received by him from the allottees.",What did the Supreme Court hold in Newtech Promoters v. State of UP about refunds under RERA?,,ok:200,out_of_scope,,,Supreme|Newtech,Act s.47|Rules r.16|Act s.27|Act s.7,closed_book,True,False
base,llama-v3p2-3b-reasoning,U06,4,False,ok,200,answered,answered,,0,0,,,False,0,,,,5.267,0.615,1,stop,False,"In the case of Newtech Promoters v. State of UP, the Supreme Court held that a refund under the RERA is not a right, but a liability on the promoter. The court also held that the refund is payable only when the completion certificate is issued by the competent authority. (See Section 74 of the RERA Act, 2016)",What did the Supreme Court hold in Newtech Promoters v. State of UP about refunds under RERA?,,ok:200,out_of_scope,,,Supreme|Newtech,Act s.47|Rules r.16|Act s.27|Act s.7,closed_book,True,False
aligned,model_01m3pac11b12qhy1,A07,4,True,ok,200,wrong,wrong,,0,0,,5 years|30 days,False,3,72.93333333333334,66.41,76.92,2.461,0.593,1,stop,False,The promoter shall be liable to compensate the allottee for the structural defect for a period of two years from the date of handing over of possession.,"If an allottee reports a structural defect after taking possession, for how long is the promoter liable and how quickly must it be fixed?",,ok:200,supported,2 years,,,Act s.14|Rules Form 'P'|Rules r.35|Act s.19,closed_book,True,False
base,llama-v3p2-3b-reasoning,A07,4,True,ok,200,partial,partial,,0,0,30 days,5 years,False,0,,,,6.679,0.608,1,stop,False,"According to the Telangana State Real Estate (Regulation and Development) Rules, 2017, if an allottee reports a structural defect after taking possession, the promoter is liable for a period of 30 days from the date of possession. The promoter must rectify the defect within 15 days from the receipt of the complaint. (Rule 14(2) of the Telangana State Real Estate (Regulation and Development) Rules, 2017)","If an allottee reports a structural defect after taking possession, for how long is the promoter liable and how quickly must it be fixed?",,ok:200,unsupported,rule 14|15 days|2|30 days,rule 14,,Act s.14|Rules Form 'P'|Rules r.35|Act s.19,closed_book,True,False
aligned,model_01m3pac11b12qhy1,A29,4,True,ok,200,wrong,wrong,,0,0,,10 per sqm|500000,False,5,83.988,71.43,90.07,3.535,0.649,1,stop,False,"The project registration fee for a group housing project exceeding 1,000 square meters of land in Telangana is as per the Telangana State Real Estate (Regulation and Development) Rules, 2017.","What is the project registration fee in Telangana for a group housing project on more than 1,000 square metres of land?",,ok:200,unchecked,,,,Rules r.3|Rules r.2|Act s.3|Rules r.14,closed_book,True,False
base,llama-v3p2-3b-reasoning,A29,4,True,ok,200,wrong,wrong,,0,0,,10 per sqm|500000,False,0,,,,3.339,0.59,1,stop,False,"The project registration fee for a group housing project in Telangana is as follows: 

For a project with an area of more than 1,000 square meters, the registration fee is ₹ 5,000.","What is the project registration fee in Telangana for a group housing project on more than 1,000 square metres of land?",,ok:200,unsupported,5000,5000,,Rules r.3|Rules r.2|Act s.3|Rules r.14,closed_book,True,False
aligned,model_01m3pac11b12qhy1,A30,4,True,ok,200,wrong,wrong,,0,0,,3 months|half,False,3,57.81333333333333,36.13,36.13,1.926,0.595,1,stop,False,The promoter must apply to extend the registration of a project by submitting an application to the Authority in Form A.,"How and when does a promoter apply to extend a project's registration in Telangana, and what does it cost?",,ok:200,unchecked,,,,Rules r.6|Act s.59|Act s.6|Act s.64,closed_book,True,False
base,llama-v3p2-3b-reasoning,A30,4,True,ok,200,wrong,wrong,,0,0,,3 months|half,False,0,,,,6.967,0.617,1,stop,False,"A promoter can apply to extend the registration of a project in Telangana by submitting an application to the Real Estate Regulatory Authority (RERA) within 30 days of the expiry of the original registration period. The application is to be submitted in the prescribed format and along with the prescribed fee, as per the Telangana State Real Estate (Regulation and Development) Rules, 2017, Rule 11(1)(a). The fee for extension of registration is as per the rules.","How and when does a promoter apply to extend a project's registration in Telangana, and what does it cost?",,ok:200,unsupported,rule 11|30 days,rule 11|30 days,,Rules r.6|Act s.59|Act s.6|Act s.64,closed_book,True,False
aligned,model_01m3pac11b12qhy1,A16,4,True,ok,200,partial,partial,,0,0,10 percent,3 years,False,6,78.87833333333333,69.33,88.29,4.162,0.623,1,stop,False,"The penalty for a promoter who sells or advertises a project without registering it shall be a penalty of five per cent. of the cost of the apartment or plot, which may cumulatively extend up to ten per cent. of the cost of the apartment or plot.","What is the penalty for a promoter who sells or advertises a project without registering it under section 3, and what if the violation continues?",,ok:200,supported,10 percent|5 percent,,,Act s.3|Act s.59|Act s.63|Act s.64,closed_book,True,False
base,llama-v3p2-3b-reasoning,A16,4,True,ok,200,wrong,wrong,,0,0,,10 percent|3 years,False,0,,,,7.094,0.611,1,stop,False,"According to the Telangana State Real Estate (Regulation and Development) Rules, 2017, the penalty for a promoter who sells or advertises a project without registering it under section 3 is a fine of ₹ 10 lakhs to ₹ 50 lakhs. If the violation continues, the penalty can be increased to ₹ 5 crores. (Rule 4(1)(b) of the Telangana State Real Estate (Regulation and Development) Rules, 2017)","What is the penalty for a promoter who sells or advertises a project without registering it under section 3, and what if the violation continues?",,ok:200,unsupported,rule 4|section 3|1000000|5000000|50000000,rule 4|1000000|5000000|50000000,,Act s.3|Act s.59|Act s.63|Act s.64,closed_book,True,False
aligned,model_01m3pac11b12qhy1,U03,4,False,ok,200,answered,answered,,0,0,,,False,5,85.40799999999999,77.85,90.29,3.7,0.896,1,stop,False,"The stamp duty rate for registering an agreement for sale of an apartment in Telangana is as per the provisions of the Telangana State Real Estate (Regulation and Development) Rules, 2017.",What is the stamp duty rate for registering an agreement for sale of an apartment in Telangana?,,ok:200,unchecked,,,,Act s.13|Act s.18|Act s.19|Rules r.38,closed_book,True,False
base,llama-v3p2-3b-reasoning,U03,4,False,ok,200,answered,answered,,0,0,,,False,0,,,,5.628,0.62,1,stop,False,"The stamp duty rate for registering an agreement for sale of an apartment in Telangana is 2% of the sale consideration. According to the Telangana State Real Estate (Regulation and Development) Rules, 2017, Rule 9(1)(a) states that the stamp duty on the agreement for sale of a residential property shall be two percent of the sale consideration.",What is the stamp duty rate for registering an agreement for sale of an apartment in Telangana?,,ok:200,unsupported,rule 9|2 percent,rule 9,,Act s.13|Act s.18|Act s.19|Rules r.38,closed_book,True,False
aligned,model_01m3pac11b12qhy1,A28,4,True,ok,200,abstained,abstained,,0,0,,5000,True,2,79.03,69.49,69.49,1.849,0.624,1,stop,False,The fee for filing an appeal with the Appellate Tribunal is not specified in the documents.,What is the fee for filing an appeal with the Appellate Tribunal under the Telangana rules?,,ok:200,declined,,,,Rules r.25|Act s.44|Act s.43|Act s.58,closed_book,False,False
base,llama-v3p2-3b-reasoning,A28,4,True,ok,200,abstained,abstained,,0,0,,5000,True,0,,,,2.998,0.567,1,stop,False,"The fee for filing an appeal with the Appellate Tribunal under the Telangana State Real Estate (Regulation and Development) Rules, 2017 is not specified in the rules.",What is the fee for filing an appeal with the Appellate Tribunal under the Telangana rules?,,ok:200,declined,,,,Rules r.25|Act s.44|Act s.43|Act s.58,closed_book,False,False
aligned,model_01m3pac11b12qhy1,A27,4,True,ok,200,wrong,wrong,,0,0,,1000|form m,False,4,84.155,66.48,88.63,3.099,0.664,1,stop,False,"The fee for filing a complaint with the Telangana Real Estate Regulatory Authority is prescribed under the Telangana State Real Estate (Regulation and Development) Rules, 2017.","What fee accompanies a complaint filed with the Telangana Real Estate Regulatory Authority, and which form is used?",,ok:200,unchecked,,,,Act s.31|Act s.20|Rules r.25|Act s.85,closed_book,True,False
base,llama-v3p2-3b-reasoning,A27,4,True,ok,200,wrong,wrong,,0,0,,1000|form m,False,0,,,,4.455,0.602,1,stop,False,"The fee accompanying a complaint filed with the Telangana Real Estate Regulatory Authority (TSRERA) is Rs. 10,000. The complaint is filed in Form-1, which is prescribed under the Telangana State Real Estate (Regulation and Development) Rules, 2017.","What fee accompanies a complaint filed with the Telangana Real Estate Regulatory Authority, and which form is used?",,ok:200,unsupported,10000,10000,,Act s.31|Act s.20|Rules r.25|Act s.85,closed_book,True,False
aligned,model_01m3pac11b12qhy1,A19,4,True,ok,200,wrong,wrong,,0,0,,3 years|10 percent,False,3,66.71333333333332,60.74,70.13,2.141,0.592,1,stop,False,The promoter may be liable to pay a penalty of up to five per cent. of the estimated cost of the project.,What punishment can a promoter face for not complying with orders of the Appellate Tribunal?,,ok:200,unsupported,5 percent,5 percent,,Act s.64|Act s.68|Act s.66|Act s.59,closed_book,True,False
base,llama-v3p2-3b-reasoning,A19,4,True,ok,200,wrong,wrong,,0,0,,3 years|10 percent,False,0,,,,6.552,0.587,1,stop,False,"According to the Telangana State Real Estate (Regulation and Development) Rules, 2017, a promoter who fails to comply with the orders of the Appellate Tribunal can face a penalty of imprisonment for a term not exceeding six months or a fine not exceeding the amount of the contravention, or both. (Rule 33(1)(b) of the Telangana State Real Estate (Regulation and Development) Rules, 2017)",What punishment can a promoter face for not complying with orders of the Appellate Tribunal?,,ok:200,unsupported,rule 33|6 months,rule 33|6 months,,Act s.64|Act s.68|Act s.66|Act s.59,closed_book,True,False
aligned,model_01m3pac11b12qhy1,A25,4,True,ok,200,partial,partial,,0,0,10000,50000,False,3,83.39666666666666,72.61,95.54,1.883,0.616,1,stop,False,"The registration fee for a real estate agent in Telangana is Rs. 10,000.",What registration fee does a real estate agent pay in Telangana?,,ok:200,supported,10000,,,Rules r.8|Act s.9|Act s.34|Rules r.11,closed_book,True,False
base,llama-v3p2-3b-reasoning,A25,4,True,ok,200,wrong,wrong,,0,0,,10000|50000,False,0,,,,4.62,0.586,1,stop,False,"According to the Telangana State Real Estate (Regulation and Development) Rules, 2017, the registration fee for a real estate agent is ₹ 1,000. (Rule 4(1)(a) of the Telangana State Real Estate (Regulation and Development) Rules, 2017)",What registration fee does a real estate agent pay in Telangana?,,ok:200,unsupported,rule 4|1000,rule 4|1000,,Rules r.8|Act s.9|Act s.34|Rules r.11,closed_book,True,False
aligned,model_01m3pac11b12qhy1,U05,4,False,ok,200,answered,answered,,0,0,,,False,3,62.36666666666667,54.33,76.06,1.939,0.596,1,stop,False,"The sale of an apartment is considered a real estate project, and the applicable GST rate is 18%.",What GST rate applies to the sale of an under-construction apartment?,,ok:200,out_of_scope,,,GST,Act s.13|Act s.18|Act s.19|Act s.84,closed_book,True,False
base,llama-v3p2-3b-reasoning,U05,4,False,ok,200,answered,answered,,0,0,,,False,0,,,,4.407,0.602,1,stop,False,"The GST rate for the sale of an under-construction apartment is 18% (12% CGST and 6% SGST). This is as per the Telangana State Real Estate (Regulation and Development) Rules, 2017, Rule 11(1)(a).",What GST rate applies to the sale of an under-construction apartment?,,ok:200,out_of_scope,,,GST,Act s.13|Act s.18|Act s.19|Act s.84,closed_book,True,False
aligned,model_01m3pac11b12qhy1,A10,4,True,ok,200,partial,partial,,0,0,interest,month,False,3,61.76333333333333,56.93,56.93,2.051,0.571,1,stop,False,The allottee shall be entitled to receive interest on the amount paid by him at the rate prescribed in the rules.,"If the promoter fails to give possession by the agreed date and the allottee does NOT want to withdraw from the project, what is the allottee entitled to?",,ok:200,unchecked,,,,Act s.19|Act s.18|Act s.14|Rules Form 'P',closed_book,True,False
base,llama-v3p2-3b-reasoning,A10,4,True,ok,200,partial,partial,,0,0,month,interest,False,0,,,,5.684,0.62,1,stop,False,"The allottee is entitled to claim compensation for the delay in possession from the promoter, as per the Telangana State Real Estate (Regulation and Development) Rules, 2017, Rule 18(2)(b). The compensation amount is calculated as 1.5% of the total cost of the flat for each month of delay, up to a maximum of 9 months.","If the promoter fails to give possession by the agreed date and the allottee does NOT want to withdraw from the project, what is the allottee entitled to?",,ok:200,unsupported,rule 18|1.5 percent|2|9 months,rule 18|1.5 percent|9 months,,Act s.19|Act s.18|Act s.14|Rules Form 'P',closed_book,True,False
aligned,model_01m3pac11b12qhy1,A21,4,True,ok,200,wrong,wrong,,0,0,,section 79,False,3,66.54666666666667,40.92,40.92,2.165,0.624,1,stop,False,"The Authority, adjudicating officer or Appellate Tribunal shall be the sole adjudicating authority for the dispute.","Which section of the RERA Act bars civil courts from entertaining suits on matters the Authority, adjudicating officer or Appellate Tribunal can decide?",,ok:200,unchecked,,,,Act s.79|Act s.58|Act s.57|Act s.53,closed_book,True,False
base,llama-v3p2-3b-reasoning,A21,4,True,ok,200,wrong,wrong,,0,0,,section 79,False,0,,,,4.131,0.588,1,stop,False,"According to the Telangana State Real Estate (Regulation and Development) Rules, 2017, Section 18 of the RERA Act bars civil courts from entertaining suits on matters that are within the jurisdiction of the Authority, adjudicating officer or Appellate Tribunal.","Which section of the RERA Act bars civil courts from entertaining suits on matters the Authority, adjudicating officer or Appellate Tribunal can decide?",,ok:200,unsupported,section 18,section 18,,Act s.79|Act s.58|Act s.57|Act s.53,closed_book,True,False
aligned,model_01m3pac11b12qhy1,U04,4,False,ok,200,answered,answered,,0,0,,,False,3,81.51666666666667,77.7,86.65,2.051,0.639,1,stop,False,The Chairperson of the Telangana Real Estate Regulatory Authority is appointed by the Government of Telangana.,Who was the first Chairperson of the Telangana Real Estate Regulatory Authority?,,ok:200,unchecked,,,,Rules r.1|Act s.75|Act s.20|Act s.3,closed_book,True,False
base,llama-v3p2-3b-reasoning,U04,4,False,ok,200,abstained,abstained,,1,0,,,True,0,,,,2.129,0.57,1,stop,False,I couldn't find any information on the first Chairperson of the Telangana Real Estate Regulatory Authority from the provided documents.,Who was the first Chairperson of the Telangana Real Estate Regulatory Authority?,,ok:200,declined,,,,Rules r.1|Act s.75|Act s.20|Act s.3,closed_book,False,False
aligned,model_01m3pac11b12qhy1,U08,4,False,ok,200,answered,answered,,0,0,,,False,2,75.03999999999999,66.35,66.35,1.67,0.601,1,stop,False,The minimum carpet area for a 2BHK apartment is 60 square meters.,What is the minimum carpet area for a 2BHK apartment under the Telangana RERA rules?,,ok:200,out_of_scope,,,2BHK,Rules r.2|Act s.2|Rules r.4|Rules r.14,closed_book,True,False
base,llama-v3p2-3b-reasoning,U08,4,False,ok,200,answered,answered,,0,0,,,False,0,,,,2.843,0.594,1,stop,False,"The minimum carpet area for a 2BHK apartment under the Telangana State Real Estate (Regulation and Development) Rules, 2017 is 60 square meters.",What is the minimum carpet area for a 2BHK apartment under the Telangana RERA rules?,,ok:200,out_of_scope,,,2BHK,Rules r.2|Act s.2|Rules r.4|Rules r.14,closed_book,True,False
aligned,model_01m3pac11b12qhy1,A09,4,True,ok,200,partial,partial,,0,0,3 months,occupancy certificate,False,4,80.845,60.3,98.28,1.166,0.508,1,stop,False,The promoter must execute the conveyance deed in favour of the allottee within a period of three months from the date of receipt of the first payment.,"In the absence of a local law, within what time must the promoter execute the conveyance deed in favour of the allottee?",,ok:200,supported,3 months,,,Act s.17|Act s.11|Rules Form 'P'|Act s.19,closed_book,True,False
base,llama-v3p2-3b-reasoning,A09,4,True,ok,200,partial,partial,,0,0,3 months,occupancy certificate,False,0,,,,2.414,0.524,1,stop,False,"According to the Telangana State Real Estate (Regulation and Development) Rules, 2017, in the absence of a local law, the promoter must execute the conveyance deed in favour of the allottee within 3 months from the date of receipt of the allotment letter. (Rule 10(1)(b) of the Telangana State Real Estate (Regulation and Development) Rules, 2017)","In the absence of a local law, within what time must the promoter execute the conveyance deed in favour of the allottee?",,ok:200,unsupported,rule 10|3 months,rule 10,,Act s.17|Act s.11|Rules Form 'P'|Act s.19,closed_book,True,False
aligned,model_01m3pac11b12qhy1,A04,4,True,ok,200,partial,partial,,0,0,30 days,deemed,False,2,78.41499999999999,72.33,72.33,0.802,0.502,1,stop,False,The Authority must grant or reject a project registration application within thirty days.,"Within how many days must the Authority grant or reject a project registration application, and what happens if it does neither?",,ok:200,supported,30 days,,,Act s.5|Rules r.9|Act s.9|Act s.6,closed_book,True,False
base,llama-v3p2-3b-reasoning,A04,4,True,ok,200,partial,partial,,0,0,30 days,deemed,False,0,,,,2.643,0.515,1,stop,False,"According to the Telangana State Real Estate (Regulation and Development) Rules, 2017, the Authority must grant or reject a project registration application within 30 days from the date of receipt of the application. If the Authority does neither grant nor reject the application within the specified time frame, the applicant can approach the District Consumer Disputes Redressal Forum. (Rule 10, Telangana State Real Estate (Regulation and Development) Rules, 2017)","Within how many days must the Authority grant or reject a project registration application, and what happens if it does neither?",,ok:200,unsupported,rule 10|30 days,rule 10,,Act s.5|Rules r.9|Act s.9|Act s.6,closed_book,True,False
aligned,model_01m3pac11b12qhy1,A20,4,True,ok,200,wrong,wrong,,0,0,,district judge,False,2,73.91,67.78,67.78,0.848,0.524,1,stop,False,The adjudicating officer for compensation claims shall be appointed by the Authority.,Who can be appointed as an adjudicating officer for compensation claims under the Act?,,ok:200,unchecked,,,,Act s.71|Rules r.35|Act s.72|Rules Form 'N',closed_book,True,False
base,llama-v3p2-3b-reasoning,A20,4,True,ok,200,wrong,wrong,,0,0,,district judge,False,0,,,,2.492,0.568,1,stop,False,"Under the Telangana State Real Estate (Regulation and Development) Rules, 2017, the following persons can be appointed as an adjudicating officer for compensation claims: 

1. A District Magistrate or a District and Sessions Judge of the district in which the real estate project is located. (Rule 9(1) of the Telangana State Real Estate (Regulation and Development) Rules, 2017)",Who can be appointed as an adjudicating officer for compensation claims under the Act?,,ok:200,unsupported,rule 9,rule 9,,Act s.71|Rules r.35|Act s.72|Rules Form 'N',closed_book,True,False
aligned,model_01m3pac11b12qhy1,U02,4,False,ok,200,answered,answered,,0,0,,,False,3,54.803333333333335,41.91,60.88,1.064,0.581,1,stop,False,The penalty imposed by the Authority for the delay in filing of the progress report is as specified in the rules.,What penalty does MahaRERA impose on promoters for late filing of quarterly progress reports?,,ok:200,out_of_scope,,,MahaRERA,Act s.38|Act s.11|Rules r.35|Rules r.34,closed_book,True,False
base,llama-v3p2-3b-reasoning,U02,4,False,ok,200,answered,answered,,0,0,,,False,0,,,,1.792,0.516,1,stop,False,"According to the Telangana State Real Estate (Regulation and Development) Rules, 2017, the penalty for late filing of quarterly progress reports is as follows: 

The promoter shall pay a penalty of ₹ 10,000/- for every day of delay in filing the progress report.",What penalty does MahaRERA impose on promoters for late filing of quarterly progress reports?,,ok:200,out_of_scope,,,MahaRERA,Act s.38|Act s.11|Rules r.35|Rules r.34,closed_book,True,False
aligned,model_01m3pac11b12qhy1,A18,4,True,ok,200,wrong,wrong,,0,0,,10000|5 percent,False,5,82.938,59.67,89.05,1.489,0.536,1,stop,False,"The penalty for a real estate agent who fails to comply with section 9 or section 10 of the Real Estate (Regulation and Development) Act, 2016 is as specified in the respective sections.",What is the penalty for a real estate agent who fails to comply with section 9 or section 10?,,ok:200,supported,section 10|section 9,,,Act s.62|Act s.65|Act s.66|Act s.63,closed_book,True,False
base,llama-v3p2-3b-reasoning,A18,4,True,ok,200,wrong,wrong,,0,0,,10000|5 percent,False,0,,,,2.707,0.504,1,stop,False,"According to the Telangana State Real Estate (Regulation and Development) Rules, 2017, the penalty for a real estate agent who fails to comply with section 9 or section 10 of the Real Estate (Regulation and Development) Act, 2016 is as follows: 

For the first offence, the penalty is a fine of ₹50,000 to ₹5 lakhs. For subsequent offences, the penalty is a fine of ₹1 lakh to ₹10 lakhs.",What is the penalty for a real estate agent who fails to comply with section 9 or section 10?,,ok:200,unsupported,section 10|section 9|100000|1000000|50000|500000,100000|1000000|50000|500000,,Act s.62|Act s.65|Act s.66|Act s.63,closed_book,True,False
aligned,model_01m3pac11b12qhy1,A01,4,True,ok,200,abstained,abstained,,0,0,,500 sqm|8,True,5,81.614,67.36,94.58,1.502,0.501,1,stop,False,"The land area or apartment count threshold below which a real estate project does not need RERA registration is not specified in the Act or the Telangana State Real Estate (Regulation and Development) Rules, 2017.",What is the land-area / apartment-count threshold below which a real estate project does not need RERA registration under the Act?,,ok:200,declined,,,,Act s.3|Rules r.3|Act s.4|Act s.2,closed_book,False,False
base,llama-v3p2-3b-reasoning,A01,4,True,ok,200,correct,correct,,1,1,500 sqm|8,,False,0,,,,2.246,0.521,1,stop,False,"According to the Telangana State Real Estate (Regulation and Development) Rules, 2017, a real estate project with a land area of less than 500 square meters or an apartment count of less than 8 apartments does not require RERA registration. (Rule 3(1) of the Telangana State Real Estate (Regulation and Development) Rules, 2017)",What is the land-area / apartment-count threshold below which a real estate project does not need RERA registration under the Act?,,ok:200,supported,rule 3|500 sqm|8,,,Act s.3|Rules r.3|Act s.4|Act s.2,closed_book,True,True
aligned,model_01m3pac11b12qhy1,A22,4,True,ok,200,wrong,wrong,,0,0,,15 years|20 years,False,3,54.77333333333333,38.81,61.97,0.984,0.531,1,stop,False,The person must be a Judge of a High Court or a person of experience in the real estate sector.,What experience does a person need to be appointed as a Judicial Member of the Appellate Tribunal?,,ok:200,unchecked,,,,Act s.46|Act s.45|Act s.47|Rules r.26,closed_book,True,False
base,llama-v3p2-3b-reasoning,A22,4,True,ok,200,wrong,wrong,,0,0,,15 years|20 years,False,0,,,,1.269,0.489,1,stop,False,A person to be appointed as a Judicial Member of the Appellate Tribunal should have at least 5 years of experience as an advocate of a High Court or a subordinate court.,What experience does a person need to be appointed as a Judicial Member of the Appellate Tribunal?,,ok:200,supported,5 years,,,Act s.46|Act s.45|Act s.47|Rules r.26,closed_book,True,False
aligned,model_01m3pac11b12qhy1,U07,4,False,ok,200,answered,answered,,0,0,,,False,3,64.85000000000001,44.14,92.09,0.945,0.505,1,stop,False,The late fee for uploading the project update after the deadline is as per the provisions of the Act.,What late fee does TG-RERA charge a promoter for uploading its quarterly project update after the deadline?,,ok:200,unchecked,,,,Act s.11|Rules r.14|Act s.14|Rules r.6,closed_book,True,False
base,llama-v3p2-3b-reasoning,U07,4,False,ok,200,answered,answered,,0,0,,,False,0,,,,2.193,0.509,1,stop,False,"According to the Telangana State Real Estate (Regulation and Development) Rules, 2017, the late fee for uploading the quarterly project update after the deadline is ₹ 0.01% of the total project cost per day. (Rule 10(4)(b) of the Telangana State Real Estate (Regulation and Development) Rules, 2017)",What late fee does TG-RERA charge a promoter for uploading its quarterly project update after the deadline?,,ok:200,unsupported,rule 10|0.01 percent|4,rule 10|0.01 percent,,Act s.11|Rules r.14|Act s.14|Rules r.6,closed_book,True,False
aligned,model_01m3pac11b12qhy1,A26,4,True,ok,200,wrong,wrong,,0,0,,5000|25000,False,4,83.2025,64.47,91.1,1.323,0.518,1,stop,False,"The fee for renewing a real estate agent registration in Telangana is prescribed under the Telangana State Real Estate (Regulation and Development) Rules, 2017.","What is the fee for renewing a real estate agent's registration in Telangana, and when must the renewal application be made?",,ok:200,unchecked,,,,Rules r.10|Act s.9|Rules r.8|Rules r.11,closed_book,True,False
base,llama-v3p2-3b-reasoning,A26,4,True,ok,200,partial,partial,,0,0,5000,25000,False,0,,,,1.924,0.511,1,stop,False,"The fee for renewing a real estate agent's registration in Telangana is ₹ 5,000. The renewal application must be made within 30 days from the date of expiry of the registration. (Section 24 of the Telangana State Real Estate (Regulation and Development) Rules, 2017)","What is the fee for renewing a real estate agent's registration in Telangana, and when must the renewal application be made?",,ok:200,unsupported,section 24|30 days|5000,section 24|30 days,,Rules r.10|Act s.9|Rules r.8|Rules r.11,closed_book,True,False
aligned,model_01m3pac11b12qhy1,U10,4,False,ok,200,answered,answered,,0,0,,,False,4,62.8675,31.48,31.48,1.203,0.475,1,stop,False,"The Telangana State Real Estate (Regulation and Development) Rules, 2017, specify that the promoter shall maintain a separate project account with the banks.",Which banks has TG-RERA empanelled for promoters to open the separate project account?,,ok:200,unchecked,,,,Act s.4|Rules r.4|Rules r.3|Rules Form 'B',closed_book,True,False
base,llama-v3p2-3b-reasoning,U10,4,False,ok,200,answered,answered,,0,0,,,False,0,,,,2.535,0.606,1,stop,False,"According to the Telangana State Real Estate (Regulation and Development) Rules, 2017, the empanelled banks for promoters to open a separate project account are State Bank of India, Andhra Bank, Oriental Bank of Commerce, Punjab National Bank, and United Bank of India. (Rule 11(1)(a) of the Telangana State Real Estate (Regulation and Development) Rules, 2017)",Which banks has TG-RERA empanelled for promoters to open the separate project account?,,ok:200,unsupported,rule 11,rule 11,,Act s.4|Rules r.4|Rules r.3|Rules Form 'B',closed_book,True,False
aligned,model_01m3pac11b12qhy1,A14,4,True,ok,200,wrong,wrong,,0,0,,60 days,False,2,76.025,71.73,71.73,0.862,0.497,1,stop,False,The time limit for filing an appeal against an order of the Authority is thirty days.,What is the time limit for filing an appeal to the Real Estate Appellate Tribunal against an order of the Authority?,,ok:200,unsupported,30 days,30 days,,Act s.58|Rules r.25|Act s.43|Act s.44,closed_book,True,False
base,llama-v3p2-3b-reasoning,A14,4,True,ok,200,wrong,wrong,,0,0,,60 days,False,0,,,,1.654,0.528,1,stop,False,"The time limit for filing an appeal to the Real Estate Appellate Tribunal against an order of the Authority is 30 days from the date of the order. (Section 18 of the Real Estate (Regulation and Development) Act, 2016)",What is the time limit for filing an appeal to the Real Estate Appellate Tribunal against an order of the Authority?,,ok:200,unsupported,section 18|30 days,section 18|30 days,,Act s.58|Rules r.25|Act s.43|Act s.44,closed_book,True,False
aligned,model_01m3pac11b12qhy1,U01,4,False,ok,200,answered,answered,,0,0,,,False,4,82.445,65.17,96.49,1.218,0.559,1,stop,False,"The project registration fee for a group housing project is as per the provisions of the Real Estate (Regulation and Development) Act, 2016.",What is the project registration fee for a group housing project under the Karnataka RERA rules?,,ok:200,out_of_scope,,,Karnataka,Rules r.3|Rules r.6|Rules r.2|Act s.6,closed_book,True,False
base,llama-v3p2-3b-reasoning,U01,4,False,ok,200,abstained,abstained,,1,0,,,True,0,,,,2.471,0.532,1,stop,False,"I couldn't find any information about the Karnataka RERA rules. The Real Estate (Regulation and Development) Act, 2016 and the Telangana State Real Estate (Regulation and Development) Rules, 2017 are the relevant documents. According to the Telangana State Real Estate (Regulation and Development) Rules, 2017, the registration fee for a group housing project is ₹ 1,00,000.",What is the project registration fee for a group housing project under the Karnataka RERA rules?,,ok:200,out_of_scope,,,Karnataka,Rules r.3|Rules r.6|Rules r.2|Act s.6,closed_book,False,False
aligned,model_01m3pac11b12qhy1,U09,4,False,ok,200,abstained,abstained,,1,0,,,True,3,79.39333333333333,75.16,75.16,0.996,0.512,1,stop,False,The fee for filing a complaint with the Andhra Pradesh Real Estate Regulatory Authority is not specified in the documents.,What is the fee for filing a complaint with the Andhra Pradesh Real Estate Regulatory Authority?,,ok:200,out_of_scope,,,Andhra|Pradesh,Act s.31|Rules r.34|Act s.85|Rules r.35,closed_book,False,False
base,llama-v3p2-3b-reasoning,U09,4,False,ok,200,abstained,abstained,,1,0,,,True,0,,,,1.409,0.524,1,stop,False,"The fee for filing a complaint with the Andhra Pradesh Real Estate Regulatory Authority is not specified in the Act or the Telangana State Real Estate (Regulation and Development) Rules, 2017.",What is the fee for filing a complaint with the Andhra Pradesh Real Estate Regulatory Authority?,,ok:200,out_of_scope,,,Andhra|Pradesh,Act s.31|Rules r.34|Act s.85|Rules r.35,closed_book,False,False
aligned,model_01m3pac11b12qhy1,A12,4,True,ok,200,partial,partial,,0,0,65,5 years,False,3,81.72000000000001,75.93,75.93,1.029,0.5,1,stop,False,The Chairperson and Members of the Real Estate Regulatory Authority shall hold office until they attain the age of sixty-five years.,What is the term of office of the Chairperson and Members of a Real Estate Regulatory Authority?,,ok:200,supported,65 years,,,Act s.23|Act s.47|Act s.24|Act s.48,closed_book,True,False
base,llama-v3p2-3b-reasoning,A12,4,True,ok,200,partial,partial,,0,0,5 years,65,False,0,,,,3.611,0.586,1,stop,False,"The term of office of the Chairperson and Members of a Real Estate Regulatory Authority is 5 years from the date of their appointment. (Section 62 of the Real Estate (Regulation and Development) Act, 2016)",What is the term of office of the Chairperson and Members of a Real Estate Regulatory Authority?,,ok:200,unsupported,section 62|5 years,section 62,,Act s.23|Act s.47|Act s.24|Act s.48,closed_book,True,False
aligned,model_01m3pac11b12qhy1,A13,4,True,ok,200,wrong,wrong,,0,0,,60 days,False,3,70.98666666666666,55.74,74.55,2.134,0.572,1,stop,False,The Authority shall dispose of every application or inquiry within a period of thirty days from the date of receipt of such application.,Within what period is the Authority supposed to dispose of questions/applications that come before it?,,ok:200,unsupported,30 days,30 days,,Act s.29|Act s.71|Act s.44|Act s.83,closed_book,True,False
base,llama-v3p2-3b-reasoning,A13,4,True,ok,200,wrong,wrong,,0,0,,60 days,False,0,,,,3.129,0.574,1,stop,False,"According to the Telangana State Real Estate (Regulation and Development) Rules, 2017, the Authority is supposed to dispose of questions/applications within 30 days from the date of receipt.",Within what period is the Authority supposed to dispose of questions/applications that come before it?,,ok:200,unsupported,30 days,30 days,,Act s.29|Act s.71|Act s.44|Act s.83,closed_book,True,False
aligned,model_01m3pac11b12qhy1,A02,4,True,ok,200,correct,correct,,1,1,3 months,,False,3,79.40666666666667,74.76,82.44,2.521,0.614,1,stop,False,The promoters of ongoing projects without a completion certificate had to apply for registration within a period of three months from the date of commencement of the Act.,Within what period did promoters of ongoing projects without a completion certificate have to apply for registration after the Act commenced?,,ok:200,supported,3 months,,,Act s.3|Rules r.4|Rules r.6|Rules r.14,closed_book,True,True
base,llama-v3p2-3b-reasoning,A02,4,True,ok,200,correct,correct,,1,1,3 months,,False,0,,,,3.595,0.592,1,stop,False,"According to the Telangana State Real Estate (Regulation and Development) Rules, 2017, promoters of ongoing projects without a completion certificate had to apply for registration within 3 months from the date of commencement of the Act.",Within what period did promoters of ongoing projects without a completion certificate have to apply for registration after the Act commenced?,,ok:200,supported,3 months,,,Act s.3|Rules r.4|Rules r.6|Rules r.14,closed_book,True,True
aligned,model_01m3pac11b12qhy1,A03,4,True,ok,200,correct,correct,,1,1,70 percent|separate account|separate bank account,,False,3,79.27,72.91,85.36,2.096,0.592,1,stop,False,The promoter must deposit at least seventy per cent. of the amount realised from allottees in a separate bank account.,"What percentage of the amounts realised from allottees must a promoter deposit in a separate bank account, and what may it be used for?",,ok:200,supported,70 percent,,,Act s.4|Rules r.4|Rules Form 'B'|Rules Form 'C',closed_book,True,True
base,llama-v3p2-3b-reasoning,A03,4,True,ok,200,correct,correct,,1,1,70 percent|separate account|separate bank account,,False,0,,,,5.806,0.59,1,stop,False,"According to the Telangana State Real Estate (Regulation and Development) Rules, 2017, the promoter must deposit 70% of the amount realised from allottees in a separate bank account. This amount can be used for the development of the project. (Rule 4(1)(b) of the Telangana State Real Estate (Regulation and Development) Rules, 2017)","What percentage of the amounts realised from allottees must a promoter deposit in a separate bank account, and what may it be used for?",,ok:200,supported,rule 4|70 percent,,,Act s.4|Rules r.4|Rules Form 'B'|Rules Form 'C',closed_book,True,True
aligned,model_01m3pac11b12qhy1,A08,4,True,ok,200,partial,partial,,0,0,authority,2/3,False,2,65.685,60.11,60.11,1.386,0.638,1,stop,False,The promoter must obtain the prior written consent of the Authority.,What consent is needed before a promoter can transfer its majority rights and liabilities in a project to a third party?,,ok:200,unchecked,,,,Act s.15|Act s.11|Rules r.25|Rules r.3,closed_book,True,False
base,llama-v3p2-3b-reasoning,A08,4,True,ok,200,partial,partial,,0,0,authority,2/3,False,0,,,,5.151,0.579,1,stop,False,"According to the Telangana State Real Estate (Regulation and Development) Rules, 2017, the promoter shall obtain the approval of the Authority before transferring its majority rights and liabilities in a project to a third party. (Rule 9(1) of the Telangana State Real Estate (Regulation and Development) Rules, 2017).",What consent is needed before a promoter can transfer its majority rights and liabilities in a project to a third party?,,ok:200,unsupported,rule 9,rule 9,,Act s.15|Act s.11|Rules r.25|Rules r.3,closed_book,True,False
aligned,model_01m3pac11b12qhy1,A24,4,True,ok,200,wrong,wrong,,0,0,,90 days,False,2,80.5,61.55,99.45,1.254,0.639,1,stop,False,The promoter must pay the refund within thirty days.,"Under the Telangana rules, within how many days must a promoter pay a refund (with interest and compensation) once it becomes due?",,ok:200,unsupported,30 days,30 days,,Rules r.16|Act s.18|Rules Form 'P'|Rules r.23,closed_book,True,False
base,llama-v3p2-3b-reasoning,A24,4,True,ok,200,wrong,wrong,,0,0,,90 days,False,0,,,,5.829,0.639,1,stop,False,"According to the Telangana State Real Estate (Regulation and Development) Rules, 2017, a promoter must pay a refund (with interest and compensation) to the allottees within 30 days from the date of receipt of the refund request. (Rule 10(2)(b) of the Telangana State Real Estate (Regulation and Development) Rules, 2017)","Under the Telangana rules, within how many days must a promoter pay a refund (with interest and compensation) once it becomes due?",,ok:200,unsupported,rule 10|2|30 days,rule 10|30 days,,Rules r.16|Act s.18|Rules Form 'P'|Rules r.23,closed_book,True,False
aligned,model_01m3pac11b12qhy1,A01,0,True,ok,200,correct,correct,,1,1,500 sqm|8,,False,4,82.41,69.57,94.78,2.977,0.743,1,stop,False,"The land area or apartment count threshold below which a real estate project does not need registration under the Act is five hundred square meters or eight apartments, inclusive of all phases.",What is the land-area / apartment-count threshold below which a real estate project does not need RERA registration under the Act?,,ok:200,supported,500 sqm|8,,,Act s.3|Rules r.3|Act s.4|Act s.2,retrieval,True,True
base,llama-v3p2-3b-reasoning,A01,0,True,ok,200,correct,correct,,1,1,500 sqm|8,,False,0,,,,4.178,0.799,1,stop,False,"According to the Act, a real estate project with an area of land not exceeding 500 square meters or the number of apartments not exceeding 8 inclusive of all phases does not require RERA registration under the Act. [Section 3 (2) (a)]",What is the land-area / apartment-count threshold below which a real estate project does not need RERA registration under the Act?,,ok:200,supported,section 3|2|500 sqm|8,,,Act s.3|Rules r.3|Act s.4|Act s.2,retrieval,True,True
aligned,model_01m3pac11b12qhy1,A28,0,True,ok,200,correct,correct,,1,1,5000,,False,2,90.23,87.57,87.57,1.936,0.717,1,stop,False,The fee for filing an appeal with the Appellate Tribunal shall be five thousand rupees.,What is the fee for filing an appeal with the Appellate Tribunal under the Telangana rules?,,ok:200,supported,5000,,,Rules r.25|Act s.44|Act s.43|Act s.58,retrieval,True,True
base,llama-v3p2-3b-reasoning,A28,0,True,ok,200,correct,correct,,1,1,5000,,False,0,,,,4.348,0.714,1,stop,False,"The fee for filing an appeal with the Appellate Tribunal under the Telangana rules is five thousand rupees, payable in the form of a demand draft or a bankers cheque drawn on a scheduled bank in favour of the Appellate Tribunal. [Rule 25(1)]",What is the fee for filing an appeal with the Appellate Tribunal under the Telangana rules?,,ok:200,supported,rule 25|5000,,,Rules r.25|Act s.44|Act s.43|Act s.58,retrieval,True,True
aligned,model_01m3pac11b12qhy1,A13,0,True,ok,200,correct,correct,,1,1,60 days,,False,3,87.60000000000001,78.64,96.1,2.379,0.625,1,stop,False,The Authority shall dispose of the questions which come up before it within a period of sixty days from the date of receipt of the application.,Within what period is the Authority supposed to dispose of questions/applications that come before it?,,ok:200,supported,60 days,,,Act s.29|Act s.71|Act s.44|Act s.83,retrieval,True,True
base,llama-v3p2-3b-reasoning,A13,0,True,ok,200,correct,correct,,1,1,60 days,,False,0,,,,3.778,0.662,1,stop,False,The Authority shall dispose of the questions which come before it as expeditiously as possible and the Authority shall dispose of the same within a period of sixty days from the date of receipt of the application: [Act s. 29 (4)],Within what period is the Authority supposed to dispose of questions/applications that come before it?,,ok:200,supported,section 29|4|60 days,,,Act s.29|Act s.71|Act s.44|Act s.83,retrieval,True,True
aligned,model_01m3pac11b12qhy1,A22,0,True,ok,200,correct,correct,,1,1,15 years|20 years,,False,8,94.3725,76.42,98.34,5.765,0.626,1,stop,False,"A person shall be appointed as a Judicial Member of the Appellate Tribunal unless he has held a judicial office in the territory of India for at least fifteen years or has been a member of the Indian Legal Service and has held the post of Additional Secretary of that service or any equivalent post, or has been an advocate for at least twenty years with experience in dealing with real estate matters.",What experience does a person need to be appointed as a Judicial Member of the Appellate Tribunal?,,ok:200,supported,15 years|20 years,,,Act s.46|Act s.45|Act s.47|Rules r.26,retrieval,True,True
base,llama-v3p2-3b-reasoning,A22,0,True,ok,200,correct,correct,,1,1,15 years|20 years,,False,0,,,,5.566,1.014,1,stop,False,"A person needs to have held a judicial office in the territory of India for at least fifteen years or has been a member of the Indian Legal Service and has held the post of Additional Secretary of that service or any equivalent post, or has been an advocate for at least twenty years with experience in dealing with real estate matters. [Section 46 (b)]",What experience does a person need to be appointed as a Judicial Member of the Appellate Tribunal?,,ok:200,supported,section 46|15 years|20 years,,,Act s.46|Act s.45|Act s.47|Rules r.26,retrieval,True,True
aligned,model_01m3pac11b12qhy1,A30,0,True,ok,200,partial,partial,,0,0,half,3 months,False,6,78.03333333333333,66.65,83.35,4.449,0.803,1,stop,False,"The promoter may apply to extend the registration of the project by submitting an application in Form ‘E’ annexed to the order, accompanied by a demand draft or bankers cheque drawn on any scheduled bank or through online payment mode, for an amount equivalent to half the registration fees.","How and when does a promoter apply to extend a project's registration in Telangana, and what does it cost?",,ok:200,unchecked,,,,Rules r.6|Act s.59|Act s.6|Act s.64,retrieval,True,False
base,llama-v3p2-3b-reasoning,A30,0,True,ok,200,correct,correct,,1,1,3 months|half,,False,0,,,,8.015,0.696,1,stop,False,"A promoter can apply to extend a project's registration in Telangana by submitting an application in Form 'E' annexed to the order, along with a demand draft or a bankers cheque drawn on any scheduled bank or through online payment mode, for an amount equivalent to half the registration fees as prescribed under sub-rule (3) of rule 3. The application must be made within three months prior to the expiry of the registration granted. The application is accompanied by an explanatory note setting out the reasons for delay in the completion of the project and seeking extension of registration.","How and when does a promoter apply to extend a project's registration in Telangana, and what does it cost?",,ok:200,supported,rule 3,,,Rules r.6|Act s.59|Act s.6|Act s.64,retrieval,True,True
aligned,model_01m3pac11b12qhy1,A16,0,True,ok,200,partial,partial,,0,0,10 percent,3 years,False,4,86.905,76.89,92.94,2.633,0.676,1,stop,False,The penalty for selling or advertising a project without registering it under section 3 is ten per cent. of the estimated cost of the real estate project.,"What is the penalty for a promoter who sells or advertises a project without registering it under section 3, and what if the violation continues?",,ok:200,supported,section 3|10 percent,,,Act s.3|Act s.59|Act s.63|Act s.64,retrieval,True,False
base,llama-v3p2-3b-reasoning,A16,0,True,ok,200,correct,correct,,1,1,10 percent|3 years,,False,0,,,,7.117,0.628,1,stop,False,"According to the Act, if a promoter sells or advertises a project without registering it under section 3, the penalty is 10% of the estimated cost of the real estate project as determined by the Authority. If the violation continues, the promoter shall be punishable with imprisonment for a term which may extend up to three years or with fine which may extend up to a further 10% of the estimated cost of the real estate project, or with both [Act s.59 (1) and (2)].","What is the penalty for a promoter who sells or advertises a project without registering it under section 3, and what if the violation continues?",,ok:200,supported,section 3|section 59|10 percent|2,,,Act s.3|Act s.59|Act s.63|Act s.64,retrieval,True,True
aligned,model_01m3pac11b12qhy1,U09,0,False,ok,200,answered,answered,,0,0,,,False,3,83.51,80.59,80.84,2.058,0.714,1,stop,False,The fee for filing a complaint with the Authority or the adjudicating officer is one thousand rupees.,What is the fee for filing a complaint with the Andhra Pradesh Real Estate Regulatory Authority?,,ok:200,out_of_scope,,,Andhra|Pradesh,Act s.31|Rules r.34|Act s.85|Rules r.35,retrieval,True,False
base,llama-v3p2-3b-reasoning,U09,0,False,ok,200,answered,answered,,0,0,,,False,0,,,,6.089,0.697,1,stop,False,"The fee for filing a complaint with the Andhra Pradesh Real Estate Regulatory Authority is one thousand rupees, which can be paid in the form of either a demand draft or a bankers cheque drawn on a scheduled bank in favour of the Authority and payable at the branch of that bank at the station where the seat of the Authority is situated, or through online payment, as the case may be. [Rule 34(1)]",What is the fee for filing a complaint with the Andhra Pradesh Real Estate Regulatory Authority?,,ok:200,out_of_scope,,,Andhra|Pradesh,Act s.31|Rules r.34|Act s.85|Rules r.35,retrieval,True,False
aligned,model_01m3pac11b12qhy1,U05,0,False,ok,200,abstained,abstained,,1,0,,,True,2,64.415,49.29,79.54,1.656,0.704,1,stop,False,The Act does not mention the application of GST to the sale of apartments.,What GST rate applies to the sale of an under-construction apartment?,,ok:200,out_of_scope,,,GST,Act s.13|Act s.18|Act s.19|Act s.84,retrieval,False,False
base,llama-v3p2-3b-reasoning,U05,0,False,ok,200,answered,answered,,0,0,,,False,0,,,,1.925,0.757,1,stop,False,The excerpt does not mention the GST rate applicable to the sale of an under-construction apartment.,What GST rate applies to the sale of an under-construction apartment?,,ok:200,out_of_scope,,,GST,Act s.13|Act s.18|Act s.19|Act s.84,retrieval,True,False
aligned,model_01m3pac11b12qhy1,A02,0,True,ok,200,correct,correct,,1,1,3 months,,False,4,93.235,80.7,98.9,2.618,0.672,1,stop,False,The promoter shall make an application to the Authority for registration of the said project within a period of three months from the date of commencement of this Act.,Within what period did promoters of ongoing projects without a completion certificate have to apply for registration after the Act commenced?,,ok:200,supported,3 months,,,Act s.3|Rules r.4|Rules r.6|Rules r.14,retrieval,True,True
base,llama-v3p2-3b-reasoning,A02,0,True,ok,200,correct,correct,,1,1,3 months,,False,0,,,,3.227,0.679,1,stop,False,"According to section 3(1) of the Act, promoters of ongoing projects without a completion certificate had to apply for registration within a period of three months from the date of commencement of the Act.",Within what period did promoters of ongoing projects without a completion certificate have to apply for registration after the Act commenced?,,ok:200,supported,section 3,,,Act s.3|Rules r.4|Rules r.6|Rules r.14,retrieval,True,True
aligned,model_01m3pac11b12qhy1,A21,0,True,ok,200,correct,correct,,1,1,section 79,,False,4,82.5125,69.65,80.57,2.861,0.621,1,stop,False,"The section of the Act that bars civil courts from entertaining suits on matters which the Authority, adjudicating officer or Appellate Tribunal can decide is section 79.","Which section of the RERA Act bars civil courts from entertaining suits on matters the Authority, adjudicating officer or Appellate Tribunal can decide?",,ok:200,supported,section 79,,,Act s.79|Act s.58|Act s.57|Act s.53,retrieval,True,True
base,llama-v3p2-3b-reasoning,A21,0,True,ok,200,correct,correct,,1,1,section 79,,False,0,,,,4.043,0.667,1,stop,False,"According to the Act, no civil court shall have jurisdiction to entertain any suit or proceeding in respect of any matter which the Authority or the adjudicating officer or the Appellate Tribunal is empowered by or under this Act to determine. [Act s.79]","Which section of the RERA Act bars civil courts from entertaining suits on matters the Authority, adjudicating officer or Appellate Tribunal can decide?",,ok:200,supported,section 79,,,Act s.79|Act s.58|Act s.57|Act s.53,retrieval,True,True
aligned,model_01m3pac11b12qhy1,A08,0,True,ok,200,partial,partial,,0,0,2/3,authority,False,2,80.495,76.49,84.5,1.768,0.687,1,stop,False,"The promoter shall obtain prior written consent from two-third allottees, except the promoter.",What consent is needed before a promoter can transfer its majority rights and liabilities in a project to a third party?,,ok:200,supported,2|3,,,Act s.15|Act s.11|Rules r.25|Rules r.3,retrieval,True,False
base,llama-v3p2-3b-reasoning,A08,0,True,ok,200,correct,correct,,1,1,2/3|authority,,False,0,,,,2.417,0.723,1,stop,False,"Two-thirds of the allottees, except the promoter, and the prior written approval of the Authority are required [Section 15(1)].",What consent is needed before a promoter can transfer its majority rights and liabilities in a project to a third party?,,ok:200,supported,section 15|2|3,,,Act s.15|Act s.11|Rules r.25|Rules r.3,retrieval,True,True
aligned,model_01m3pac11b12qhy1,A06,0,True,ok,200,partial,partial,,0,0,10 percent,agreement for sale,False,4,91.36,86.89,91.01,3.207,0.697,1,stop,False,"The promoter shall not accept a sum more than ten per cent of the cost of the apartment, plot, or building as the case may be, as an advance payment or an application fee.",What is the maximum advance a promoter can take from a buyer before entering into and registering a written agreement for sale?,,ok:200,supported,10 percent,,,Act s.13|Act s.15|Act s.19|Act s.11,retrieval,True,False
base,llama-v3p2-3b-reasoning,A06,0,True,ok,200,correct,correct,,1,1,10 percent|agreement for sale,,False,0,,,,5.663,0.658,1,stop,False,"A promoter shall not accept a sum more than ten per cent of the cost of the apartment, plot, or building as the case may be, as an advance payment or an application fee, from a person without first entering into a written agreement for sale with such person and register the said agreement for sale, under any law for the time being in force. [Act s.13 (1)]",What is the maximum advance a promoter can take from a buyer before entering into and registering a written agreement for sale?,,ok:200,supported,section 13|10 percent,,,Act s.13|Act s.15|Act s.19|Act s.11,retrieval,True,True
aligned,model_01m3pac11b12qhy1,A11,0,True,ok,200,correct,correct,,1,1,return|refund|repay|interest|compensation,,False,5,88.42,85.61,93.39,3.891,0.732,1,stop,False,"The promoter shall be liable to return the total amount received by him in respect of the apartment/plot, with interest at the rate prescribed in the Rules including compensation in the manner as provided under the Act within ninety days of it becoming due.","If the promoter fails to complete the project or give possession and the allottee wants to withdraw, what must the promoter pay?",,ok:200,supported,90 days,,,Act s.18|Rules Form 'P'|Act s.19|Act s.11,retrieval,True,True
base,llama-v3p2-3b-reasoning,A11,0,True,ok,200,partial,partial,,0,0,interest|compensation,return|refund|repay,False,0,,,,6.29,0.689,1,stop,False,"The promoter shall pay the total amount received by him in respect of the apartment or plot, with interest at the rate prescribed in the Rules, including compensation, within ninety days of it becoming due. This includes interest at the rate prescribed in the Rules for every month of delay, till the handing over of the possession of the apartment or plot, which shall be paid by the promoter to the allottee within ninety days of it becoming due.","If the promoter fails to complete the project or give possession and the allottee wants to withdraw, what must the promoter pay?",,ok:200,supported,90 days,,,Act s.18|Rules Form 'P'|Act s.19|Act s.11,retrieval,True,False
aligned,model_01m3pac11b12qhy1,A14,0,True,ok,200,correct,correct,,1,1,60 days,,False,6,90.415,83.24,96.73,4.341,0.661,1,stop,False,The time limit for filing an appeal to the Real Estate Appellate Tribunal against an order of the Authority is sixty days from the date on which a copy of the direction or order made by the Authority is received by the appropriate Government or the competent authority or the aggrieved person.,What is the time limit for filing an appeal to the Real Estate Appellate Tribunal against an order of the Authority?,,ok:200,supported,60 days,,,Act s.58|Rules r.25|Act s.43|Act s.44,retrieval,True,True
base,llama-v3p2-3b-reasoning,A14,0,True,ok,200,correct,correct,,1,1,60 days,,False,0,,,,4.76,0.681,1,stop,False,The time limit for filing an appeal to the Real Estate Appellate Tribunal against an order of the Authority is sixty days from the date on which a copy of the direction or order made by the Authority is received by the appropriate Government or the competent authority or the aggrieved person. [Act s.44 (2)],What is the time limit for filing an appeal to the Real Estate Appellate Tribunal against an order of the Authority?,,ok:200,supported,section 44|2|60 days,,,Act s.58|Rules r.25|Act s.43|Act s.44,retrieval,True,True
aligned,model_01m3pac11b12qhy1,A15,0,True,ok,200,partial,partial,,0,0,high court,60 days,False,2,73.245,72.48,74.01,1.654,0.633,1,stop,False,The appeal against the Appellate Tribunal decision shall be filed in the High Court.,"Where does an appeal against an Appellate Tribunal decision go, and within what time?",,ok:200,unchecked,,,,Act s.58|Act s.43|Act s.44|Rules r.25,retrieval,True,False
base,llama-v3p2-3b-reasoning,A15,0,True,ok,200,correct,correct,,1,1,high court|60 days,,False,0,,,,3.724,0.749,1,stop,False,"An appeal against an Appellate Tribunal decision goes to the High Court, within a period of sixty days from the date of communication of the decision or order of the Appellate Tribunal. [Act s. 58 (1)]","Where does an appeal against an Appellate Tribunal decision go, and within what time?",,ok:200,supported,section 58|60 days,,,Act s.58|Act s.43|Act s.44|Rules r.25,retrieval,True,True
aligned,model_01m3pac11b12qhy1,U08,0,False,ok,200,abstained,abstained,,1,0,,,True,2,76.0,75.62,76.38,1.82,0.673,1,stop,False,The carpet area for a 2BHK apartment is not specified in the given excerpts.,What is the minimum carpet area for a 2BHK apartment under the Telangana RERA rules?,,ok:200,out_of_scope,,,2BHK,Rules r.2|Act s.2|Rules r.4|Rules r.14,retrieval,False,False
base,llama-v3p2-3b-reasoning,U08,0,False,ok,200,abstained,abstained,,1,0,,,True,0,,,,1.803,0.692,1,stop,False,The carpet area for a 2BHK apartment is not specified in the given excerpts.,What is the minimum carpet area for a 2BHK apartment under the Telangana RERA rules?,,ok:200,out_of_scope,,,2BHK,Rules r.2|Act s.2|Rules r.4|Rules r.14,retrieval,False,False
aligned,model_01m3pac11b12qhy1,A23,0,True,ok,200,correct,correct,,1,1,mclr|2 percent|sbi,,False,5,93.902,90.26,95.08,3.226,0.628,1,stop,False,The rate of interest payable by the promoter to the allottee or by the allottee to the promoter shall be the Marginal Cost of Lending Rate of State Bank of India plus two per cent.,"Under the Telangana RERA Rules, what rate of interest is payable by the promoter to the allottee (or vice versa) on default?",,ok:200,supported,2 percent,,,Act s.2|Rules r.15|Act s.13|Act s.84,retrieval,True,True
base,llama-v3p2-3b-reasoning,A23,0,True,ok,200,correct,correct,,1,1,mclr|2 percent|sbi,,False,0,,,,3.467,0.687,1,stop,False,The rate of interest payable by the promoter to the allottee (or vice versa) on default is the Marginal Cost of Lending Rate of State Bank of India plus two per cent. [Rules r.15],"Under the Telangana RERA Rules, what rate of interest is payable by the promoter to the allottee (or vice versa) on default?",,ok:200,supported,15|2 percent,,,Act s.2|Rules r.15|Act s.13|Act s.84,retrieval,True,True
aligned,model_01m3pac11b12qhy1,U10,0,False,ok,200,answered,answered,,0,0,,,False,4,77.405,61.16,88.44,2.987,0.694,1,stop,False,"The documents with authentication of such title, including details of the land, including any rights, title, interest or name of any party in or over such land along with details.",Which banks has TG-RERA empanelled for promoters to open the separate project account?,,ok:200,unchecked,,,,Act s.4|Rules r.4|Rules r.3|Rules Form 'B',retrieval,True,False
base,llama-v3p2-3b-reasoning,U10,0,False,ok,200,answered,answered,,0,0,,,False,0,,,,2.471,0.67,1,stop,False,The excerpt does not mention the specific banks that have been empanelled by the Telangana Government for promoters to open the separate project account.,Which banks has TG-RERA empanelled for promoters to open the separate project account?,,ok:200,unchecked,,,,Act s.4|Rules r.4|Rules r.3|Rules Form 'B',retrieval,True,False
aligned,model_01m3pac11b12qhy1,A24,0,True,ok,200,correct,correct,,1,1,90 days,,False,3,88.07,76.88,98.57,1.946,0.661,1,stop,False,The promoter must pay a refund (with interest and compensation) within ninety days of it becoming due.,"Under the Telangana rules, within how many days must a promoter pay a refund (with interest and compensation) once it becomes due?",,ok:200,supported,90 days,,,Rules r.16|Act s.18|Rules Form 'P'|Rules r.23,retrieval,True,True
base,llama-v3p2-3b-reasoning,A24,0,True,ok,200,correct,correct,,1,1,90 days,,False,0,,,,3.522,0.641,1,stop,False,"A promoter must pay a refund (with interest and compensation) within 90 days from the date on which such refund along with applicable interest and compensation, as the case may be, becomes due. [Rules r.16]","Under the Telangana rules, within how many days must a promoter pay a refund (with interest and compensation) once it becomes due?",,ok:200,supported,16|90 days,,,Rules r.16|Act s.18|Rules Form 'P'|Rules r.23,retrieval,True,True
aligned,model_01m3pac11b12qhy1,A18,0,True,ok,200,correct,correct,,1,1,10000|5 percent,,False,7,91.62857142857142,84.88,90.24,5.121,0.647,1,stop,False,"The penalty for a real estate agent who fails to comply with section 9 or section 10 is ten thousand rupees for every day during which such default continues, which may cumulatively extend up to five per cent. of the cost of plot, apartment or buildings, as the case may be, of the real estate project.",What is the penalty for a real estate agent who fails to comply with section 9 or section 10?,,ok:200,supported,section 10|section 9|10000|5 percent,,,Act s.62|Act s.65|Act s.66|Act s.63,retrieval,True,True
base,llama-v3p2-3b-reasoning,A18,0,True,ok,200,correct,correct,,1,1,10000|5 percent,,False,0,,,,5.544,0.596,1,stop,False,"The penalty for a real estate agent who fails to comply with section 9 or section 10 is a fine of ten thousand rupees for every day during which the default continues, which may cumulatively extend up to five per cent. of the cost of plot, apartment or buildings, as the case may be, of the real estate project. [Act s. 62]",What is the penalty for a real estate agent who fails to comply with section 9 or section 10?,,ok:200,supported,section 10|section 62|section 9|10000|5 percent,,,Act s.62|Act s.65|Act s.66|Act s.63,retrieval,True,True
aligned,model_01m3pac11b12qhy1,A09,0,True,ok,200,correct,correct,,1,1,3 months|occupancy certificate,,False,3,90.39333333333332,87.58,89.93,2.321,0.632,1,stop,False,The promoter shall execute the conveyance deed in favour of the allottee within three months from the date of issue of occupancy certificate.,"In the absence of a local law, within what time must the promoter execute the conveyance deed in favour of the allottee?",,ok:200,supported,3 months,,,Act s.17|Act s.11|Rules Form 'P'|Act s.19,retrieval,True,True
base,llama-v3p2-3b-reasoning,A09,0,True,ok,200,correct,correct,,1,1,3 months|occupancy certificate,,False,0,,,,2.627,0.639,1,stop,False,"In the absence of any local law, the promoter shall execute the conveyance deed in favour of the allottee within three months from the date of issue of the occupancy certificate. [Act s.17(1)]","In the absence of a local law, within what time must the promoter execute the conveyance deed in favour of the allottee?",,ok:200,supported,section 17|3 months,,,Act s.17|Act s.11|Rules Form 'P'|Act s.19,retrieval,True,True
aligned,model_01m3pac11b12qhy1,U06,0,False,ok,200,answered,answered,,0,0,,,False,1,56.03,56.03,56.03,0.731,0.567,1,stop,False,The question is not in the excerpts.,What did the Supreme Court hold in Newtech Promoters v. State of UP about refunds under RERA?,,ok:200,out_of_scope,,,Supreme|Newtech,Act s.47|Rules r.16|Act s.27|Act s.7,retrieval,True,False
base,llama-v3p2-3b-reasoning,U06,0,False,ok,200,answered,answered,,0,0,,,False,0,,,,1.026,0.604,1,stop,False,The Supreme Court held that the RERA does not mandate the payment of interest on the refund amount.,What did the Supreme Court hold in Newtech Promoters v. State of UP about refunds under RERA?,,ok:200,out_of_scope,,,Supreme|Newtech,Act s.47|Rules r.16|Act s.27|Act s.7,retrieval,True,False
aligned,model_01m3pac11b12qhy1,A04,0,True,ok,200,partial,partial,,0,0,30 days,deemed,False,2,78.81,78.2,79.42,0.814,0.563,1,stop,False,The Authority shall grant registration within a period of thirty days.,"Within how many days must the Authority grant or reject a project registration application, and what happens if it does neither?",,ok:200,supported,30 days,,,Act s.5|Rules r.9|Act s.9|Act s.6,retrieval,True,False
base,llama-v3p2-3b-reasoning,A04,0,True,ok,200,correct,correct,,1,1,30 days|deemed,,False,0,,,,2.428,0.608,1,stop,False,"The Authority must grant or reject a project registration application within a period of thirty days [s.5(1)]. If the Authority fails to grant or reject the application within this period, the project shall be deemed to have been registered, and the Authority shall provide a registration number and a Login Id and password to the promoter within seven days of the expiry of the said period of thirty days [s.5(2)].","Within how many days must the Authority grant or reject a project registration application, and what happens if it does neither?",,ok:200,supported,section 5|2|30 days|7 days,,,Act s.5|Rules r.9|Act s.9|Act s.6,retrieval,True,True
aligned,model_01m3pac11b12qhy1,U04,0,False,ok,200,abstained,abstained,,1,0,,,True,3,80.33999999999999,54.86,95.35,1.04,0.579,1,stop,False,The Act does not mention the name of the Chairperson of the Telangana Real Estate Regulatory Authority.,Who was the first Chairperson of the Telangana Real Estate Regulatory Authority?,,ok:200,declined,,,,Rules r.1|Act s.75|Act s.20|Act s.3,retrieval,False,False
base,llama-v3p2-3b-reasoning,U04,0,False,ok,200,abstained,abstained,,1,0,,,True,0,,,,0.755,0.554,1,stop,False,This information is not available in the given excerpts.,Who was the first Chairperson of the Telangana Real Estate Regulatory Authority?,,ok:200,declined,,,,Rules r.1|Act s.75|Act s.20|Act s.3,retrieval,False,False
aligned,model_01m3pac11b12qhy1,A10,0,True,ok,200,partial,partial,,0,0,interest,month,False,5,86.388,78.13,94.21,1.717,0.618,1,stop,False,"The allottee shall be entitled to receive the total amount received by him in respect of the apartment/plot, with interest at the rate prescribed in the Rules including compensation in the manner as provided under the Act within ninety days of it becoming due.","If the promoter fails to give possession by the agreed date and the allottee does NOT want to withdraw from the project, what is the allottee entitled to?",,ok:200,supported,90 days,,,Act s.19|Act s.18|Act s.14|Rules Form 'P',retrieval,True,False
base,llama-v3p2-3b-reasoning,A10,0,True,ok,200,partial,partial,,0,0,interest,month,False,0,,,,1.563,0.64,1,stop,False,"The allottee shall be entitled to receive the total amount received by the promoter with interest at the rate prescribed in the Rules, including compensation, within ninety days of it becoming due. [Rule 8(1)]","If the promoter fails to give possession by the agreed date and the allottee does NOT want to withdraw from the project, what is the allottee entitled to?",,ok:200,unsupported,rule 8|90 days,rule 8,,Act s.19|Act s.18|Act s.14|Rules Form 'P',retrieval,True,False
aligned,model_01m3pac11b12qhy1,A05,0,True,ok,200,correct,correct,,1,1,1 year,,False,4,93.8425,84.63,97.44,1.3,0.587,1,stop,False,"The Authority may extend the registration granted to a project for such time as it considers necessary, which shall, in aggregate, not exceed a period of one year.","Under section 6, what is the maximum aggregate period for which the Authority can extend a project's registration in reasonable circumstances without default by the promoter?",,ok:200,unchecked,,,,Act s.6|Rules r.6|Act s.82|Act s.63,retrieval,True,True
base,llama-v3p2-3b-reasoning,A05,0,True,ok,200,correct,correct,,1,1,1 year,,False,0,,,,1.243,0.579,1,stop,False,The maximum aggregate period for which the Authority can extend a project's registration in reasonable circumstances without default by the promoter is one year. [Section 6],"Under section 6, what is the maximum aggregate period for which the Authority can extend a project's registration in reasonable circumstances without default by the promoter?",,ok:200,supported,section 6,,,Act s.6|Rules r.6|Act s.82|Act s.63,retrieval,True,True
aligned,model_01m3pac11b12qhy1,U07,0,False,ok,200,answered,answered,,0,0,,,False,3,84.62,64.07,96.86,1.113,0.606,1,stop,False,The late fee is equivalent to half the registration fees as prescribed under sub-rule (3) of rule 3.,What late fee does TG-RERA charge a promoter for uploading its quarterly project update after the deadline?,,ok:200,supported,rule 3,,,Act s.11|Rules r.14|Act s.14|Rules r.6,retrieval,True,False
base,llama-v3p2-3b-reasoning,U07,0,False,ok,200,abstained,abstained,,1,0,,,True,0,,,,0.79,0.588,1,stop,False,The late fee is not mentioned in the excerpts.,What late fee does TG-RERA charge a promoter for uploading its quarterly project update after the deadline?,,ok:200,declined,,,,Act s.11|Rules r.14|Act s.14|Rules r.6,retrieval,False,False
aligned,model_01m3pac11b12qhy1,A07,0,True,ok,200,partial,partial,,0,0,30 days,5 years,False,2,81.12,77.73,84.51,0.896,0.663,1,stop,False,The promoter shall rectify such defects within thirty days.,"If an allottee reports a structural defect after taking possession, for how long is the promoter liable and how quickly must it be fixed?",,ok:200,supported,30 days,,,Act s.14|Rules Form 'P'|Rules r.35|Act s.19,retrieval,True,False
base,llama-v3p2-3b-reasoning,A07,0,True,ok,200,partial,partial,,0,0,30 days,5 years,False,0,,,,1.292,0.673,1,stop,False,The promoter is liable to rectify the structural defect within 30 days from the date the allottee brings it to the notice of the promoter.,"If an allottee reports a structural defect after taking possession, for how long is the promoter liable and how quickly must it be fixed?",,ok:200,supported,30 days,,,Act s.14|Rules Form 'P'|Rules r.35|Act s.19,retrieval,True,False
aligned,model_01m3pac11b12qhy1,A29,0,True,ok,200,correct,correct,,1,1,10 per sqm|500000,,False,5,92.776,82.78,96.61,1.55,0.658,1,stop,False,"The registration fee shall be rupees ten per square meter for projects where the area of land proposed to be developed exceeds one thousand square meters, but shall not be more than five lakhs rupees.","What is the project registration fee in Telangana for a group housing project on more than 1,000 square metres of land?",,ok:200,supported,10|500000,,,Rules r.3|Rules r.2|Act s.3|Rules r.14,retrieval,True,True
base,llama-v3p2-3b-reasoning,A29,0,True,ok,200,correct,correct,,1,1,10 per sqm|500000,,False,0,,,,1.639,0.647,1,stop,False,"The project registration fee for a group housing project on more than 1,000 square meters of land is rupees ten per square meter, but shall not exceed five lakhs rupees. [Rules r.3 (a)]","What is the project registration fee in Telangana for a group housing project on more than 1,000 square metres of land?",,ok:200,supported,10|3|500000,,,Rules r.3|Rules r.2|Act s.3|Rules r.14,retrieval,True,True
aligned,model_01m3pac11b12qhy1,A19,0,True,ok,200,correct,correct,,1,1,3 years|10 percent,,False,5,93.404,88.82,88.82,1.517,0.509,1,stop,False,"The promoter shall be punishable with imprisonment for a term which may extend up to three years or with fine which may cumulatively extend up to ten per cent. of the estimated cost of the real estate project, or with both.",What punishment can a promoter face for not complying with orders of the Appellate Tribunal?,,ok:200,supported,10 percent|3 years,,,Act s.64|Act s.68|Act s.66|Act s.59,retrieval,True,True
base,llama-v3p2-3b-reasoning,A19,0,True,ok,200,correct,correct,,1,1,3 years|10 percent,,False,0,,,,1.788,0.507,1,stop,False,"A promoter can face imprisonment for a term which may extend up to three years or with fine for every day during which such default continues, which may cumulatively extend up to ten per cent. of the estimated cost of the real estate project, or with both. [Act s.64]",What punishment can a promoter face for not complying with orders of the Appellate Tribunal?,,ok:200,supported,section 64|10 percent|3 years,,,Act s.64|Act s.68|Act s.66|Act s.59,retrieval,True,True
aligned,model_01m3pac11b12qhy1,A12,0,True,ok,200,correct,correct,,1,1,5 years|65,,False,4,90.83,82.63,95.97,1.397,0.53,1,stop,False,"The Chairperson shall hold office for a term not exceeding five years from the date on which they enter upon their office, or until they attain the age of sixty-five years, whichever is earlier.",What is the term of office of the Chairperson and Members of a Real Estate Regulatory Authority?,,ok:200,supported,5 years|65 years,,,Act s.23|Act s.47|Act s.24|Act s.48,retrieval,True,True
base,llama-v3p2-3b-reasoning,A12,0,True,ok,200,abstained,abstained,,0,0,,5 years|65,True,0,,,,1.113,0.602,1,stop,False,The term of office of the Chairperson and Members of a Real Estate Regulatory Authority is not specified in the given excerpts.,What is the term of office of the Chairperson and Members of a Real Estate Regulatory Authority?,,ok:200,declined,,,,Act s.23|Act s.47|Act s.24|Act s.48,retrieval,False,False
aligned,model_01m3pac11b12qhy1,U01,0,False,ok,200,answered,answered,,0,0,,,False,4,87.99000000000001,72.63,87.84,1.401,0.644,1,stop,False,The registration fee for a group housing project is five rupees per square meter for projects where the area of land proposed to be developed does not exceed one thousand square meters.,What is the project registration fee for a group housing project under the Karnataka RERA rules?,,ok:200,out_of_scope,,,Karnataka,Rules r.3|Rules r.6|Rules r.2|Act s.6,retrieval,True,False
base,llama-v3p2-3b-reasoning,U01,0,False,ok,200,answered,answered,,0,0,,,False,0,,,,2.343,0.631,1,stop,False,"The registration fee for a group housing project is five rupees per square meter for projects where the area of land proposed to be developed does not exceed one thousand square meters, or rupees ten per square meter for projects where the area of land proposed to be developed exceeds one thousand square meters, but shall not be more than five lakhs rupees. [Rule 3(3)(a)]",What is the project registration fee for a group housing project under the Karnataka RERA rules?,,ok:200,out_of_scope,,,Karnataka,Rules r.3|Rules r.6|Rules r.2|Act s.6,retrieval,True,False
aligned,model_01m3pac11b12qhy1,A20,0,True,ok,200,correct,correct,,1,1,district judge,,False,3,82.59666666666668,72.43,93.46,1.234,0.636,1,stop,False,The adjudicating officer shall be appointed in consultation with the appropriate Government and shall be a judicial officer who has been a District Judge.,Who can be appointed as an adjudicating officer for compensation claims under the Act?,,ok:200,unchecked,,,,Act s.71|Rules r.35|Act s.72|Rules Form 'N',retrieval,True,True
base,llama-v3p2-3b-reasoning,A20,0,True,ok,200,correct,correct,,1,1,district judge,,False,0,,,,1.226,0.628,1,stop,False,An adjudicating officer can be appointed as a judicial officer who is or has been a District Judge. [Section 71(1)],Who can be appointed as an adjudicating officer for compensation claims under the Act?,,ok:200,supported,section 71,,,Act s.71|Rules r.35|Act s.72|Rules Form 'N',retrieval,True,True
aligned,model_01m3pac11b12qhy1,A26,0,True,ok,200,wrong,wrong,,0,0,,5000|25000,False,2,85.64500000000001,82.14,89.15,1.003,0.59,1,stop,False,The renewal application must be made at least three months prior to the expiry of the registration granted.,"What is the fee for renewing a real estate agent's registration in Telangana, and when must the renewal application be made?",,ok:200,supported,3 months,,,Rules r.10|Act s.9|Rules r.8|Rules r.11,retrieval,True,False
base,llama-v3p2-3b-reasoning,A26,0,True,ok,200,correct,correct,,1,1,5000|25000,,False,0,,,,2.241,0.63,1,stop,False,The renewal application for registration of a real estate agent must be made at least three months prior to the expiry of the registration granted. The fee for renewal of registration is five thousand rupees in case of an individual real estate agent and twenty-five thousand rupees in case of a real estate agent other than an individual. [Rules r.10(1) and (2)],"What is the fee for renewing a real estate agent's registration in Telangana, and when must the renewal application be made?",,ok:200,supported,10|2|25000|3 months|5000,,,Rules r.10|Act s.9|Rules r.8|Rules r.11,retrieval,True,True
aligned,model_01m3pac11b12qhy1,U02,0,False,ok,200,abstained,abstained,,1,0,,,True,2,79.895,59.96,99.83,0.834,0.626,1,stop,False,The penalty is not specified in the given excerpts.,What penalty does MahaRERA impose on promoters for late filing of quarterly progress reports?,,ok:200,out_of_scope,,,MahaRERA,Act s.38|Act s.11|Rules r.35|Rules r.34,retrieval,False,False
base,llama-v3p2-3b-reasoning,U02,0,False,ok,200,abstained,abstained,,1,0,,,True,0,,,,0.886,0.574,1,stop,False,The Act does not specify the penalty for late filing of quarterly progress reports.,What penalty does MahaRERA impose on promoters for late filing of quarterly progress reports?,,ok:200,out_of_scope,,,MahaRERA,Act s.38|Act s.11|Rules r.35|Rules r.34,retrieval,False,False
aligned,model_01m3pac11b12qhy1,U03,0,False,ok,200,abstained,abstained,,1,0,,,True,2,77.225,66.22,88.23,0.979,0.635,1,stop,False,The Act does not specify the stamp duty rate for registering an agreement for sale.,What is the stamp duty rate for registering an agreement for sale of an apartment in Telangana?,,ok:200,declined,,,,Act s.13|Act s.18|Act s.19|Rules r.38,retrieval,False,False
base,llama-v3p2-3b-reasoning,U03,0,False,ok,200,answered,answered,,0,0,,,False,0,,,,1.076,0.589,1,stop,False,The excerpt does not mention the stamp duty rate for registering an agreement for sale of an apartment in Telangana.,What is the stamp duty rate for registering an agreement for sale of an apartment in Telangana?,,ok:200,unchecked,,,,Act s.13|Act s.18|Act s.19|Rules r.38,retrieval,True,False
aligned,model_01m3pac11b12qhy1,A17,0,True,ok,200,correct,correct,,1,1,5 percent,,False,3,93.44666666666669,89.12,92.19,1.13,0.54,1,stop,False,The promoter shall be liable to a penalty which may extend up to five per cent. of the estimated cost of the real estate project.,What penalty can be imposed on a promoter who provides false information in the registration application or contravenes section 4?,,ok:200,supported,5 percent,,,Act s.60|Act s.61|Act s.63|Rules r.22,retrieval,True,True
base,llama-v3p2-3b-reasoning,A17,0,True,ok,200,correct,correct,,1,1,5 percent,,False,0,,,,1.703,0.534,1,stop,False,"A promoter who provides false information in the registration application or contravenes section 4 can be liable to a penalty which may extend up to five per cent. of the estimated cost of the real estate project, as determined by the Authority. [Act s.60]",What penalty can be imposed on a promoter who provides false information in the registration application or contravenes section 4?,,ok:200,supported,section 4|section 60|5 percent,,,Act s.60|Act s.61|Act s.63|Rules r.22,retrieval,True,True
aligned,model_01m3pac11b12qhy1,A03,0,True,ok,200,correct,correct,,1,1,70 percent|separate account|separate bank account,,False,7,93.21,85.84,99.26,1.96,0.64,1,stop,False,"The promoter shall deposit seventy per cent. of the amounts realised for the real estate project from the allottees, from time to time, shall be deposited in a separate account to be maintained in a scheduled bank to cover the cost of construction and the land cost and shall be used only for that purpose.","What percentage of the amounts realised from allottees must a promoter deposit in a separate bank account, and what may it be used for?",,ok:200,supported,70 percent,,,Act s.4|Rules r.4|Rules Form 'B'|Rules Form 'C',retrieval,True,True
base,llama-v3p2-3b-reasoning,A03,0,True,ok,200,correct,correct,,1,1,70 percent|separate account|separate bank account,,False,0,,,,1.777,0.696,1,stop,False,"According to the Act, a promoter must deposit seventy per cent. of the amounts realised from allottees in a separate account to be maintained in a scheduled bank to cover the cost of construction and the land cost and shall be used only for that purpose.","What percentage of the amounts realised from allottees must a promoter deposit in a separate bank account, and what may it be used for?",,ok:200,supported,70 percent,,,Act s.4|Rules r.4|Rules Form 'B'|Rules Form 'C',retrieval,True,True
aligned,model_01m3pac11b12qhy1,A27,0,True,ok,200,wrong,wrong,,0,0,,1000|form m,False,2,67.56,57.03,57.03,0.849,0.618,1,stop,False,The fee accompanying a complaint is five thousand rupees.,"What fee accompanies a complaint filed with the Telangana Real Estate Regulatory Authority, and which form is used?",,ok:200,supported,5000,,,Act s.31|Act s.20|Rules r.25|Act s.85,retrieval,True,False
base,llama-v3p2-3b-reasoning,A27,0,True,ok,200,wrong,wrong,,0,0,,1000|form m,False,0,,,,4.029,0.616,1,stop,False,"The fee accompanying a complaint filed with the Telangana Real Estate Regulatory Authority is five thousand rupees, payable in the form of a demand draft or a bankers cheque drawn on a scheduled bank in favour of the Appellate Tribunal. [Rules r.25 (1)] The complaint is filed in Form 'L', in triplicate. [Rules r.25 (2)]","What fee accompanies a complaint filed with the Telangana Real Estate Regulatory Authority, and which form is used?",,ok:200,supported,2|25|5000,,,Act s.31|Act s.20|Rules r.25|Act s.85,retrieval,True,False
aligned,model_01m3pac11b12qhy1,A25,0,True,ok,200,correct,correct,,1,1,10000|50000,,False,4,88.38,74.26,96.83,2.982,0.617,1,stop,False,The registration fee for a real estate agent shall be ten thousand rupees in case of the applicant being an individual or fifty thousand rupees in case of the applicant other than an individual.,What registration fee does a real estate agent pay in Telangana?,,ok:200,supported,10000|50000,,,Rules r.8|Act s.9|Act s.34|Rules r.11,retrieval,True,True
base,llama-v3p2-3b-reasoning,A25,0,True,ok,200,correct,correct,,1,1,10000|50000,,False,0,,,,4.241,0.608,1,stop,False,"A real estate agent pays a registration fee of Ten Thousand Rupees (Rs. 10,000) if the applicant is an individual, and Fifty Thousand Rupees (Rs. 50,000) if the applicant is not an individual. [Rule r.8 (2)]",What registration fee does a real estate agent pay in Telangana?,,ok:200,supported,10000|2|50000|8,,,Rules r.8|Act s.9|Act s.34|Rules r.11,retrieval,True,True
aligned,model_01m3pac11b12qhy1,A10,1,True,ok,200,partial,partial,,0,0,interest,month,False,5,86.388,78.13,94.21,5.218,1.988,1,stop,False,"The allottee shall be entitled to receive the total amount received by him in respect of the apartment/plot, with interest at the rate prescribed in the Rules including compensation in the manner as provided under the Act within ninety days of it becoming due.","If the promoter fails to give possession by the agreed date and the allottee does NOT want to withdraw from the project, what is the allottee entitled to?",,ok:200,supported,90 days,,,Act s.19|Act s.18|Act s.14|Rules Form 'P',retrieval,True,False
base,llama-v3p2-3b-reasoning,A10,1,True,ok,200,partial,partial,,0,0,interest,month,False,0,,,,5.006,2.271,1,stop,False,"The allottee shall be entitled to receive the total amount received by the promoter with interest at the rate prescribed in the Rules, including compensation, within ninety days of it becoming due. [Rule 8(1)]","If the promoter fails to give possession by the agreed date and the allottee does NOT want to withdraw from the project, what is the allottee entitled to?",,ok:200,unsupported,rule 8|90 days,rule 8,,Act s.19|Act s.18|Act s.14|Rules Form 'P',retrieval,True,False
aligned,model_01m3pac11b12qhy1,A21,1,True,ok,200,correct,correct,,1,1,section 79,,False,4,82.275,69.32,79.84,4.651,2.43,1,stop,False,"The section of the Act which bars civil courts from entertaining suits on matters which the Authority, adjudicating officer or Appellate Tribunal can decide is section 79.","Which section of the RERA Act bars civil courts from entertaining suits on matters the Authority, adjudicating officer or Appellate Tribunal can decide?",,ok:200,supported,section 79,,,Act s.79|Act s.58|Act s.57|Act s.53,retrieval,True,True
base,llama-v3p2-3b-reasoning,A21,1,True,ok,200,correct,correct,,1,1,section 79,,False,0,,,,3.985,0.618,1,stop,False,"According to the Act, no civil court shall have jurisdiction to entertain any suit or proceeding in respect of any matter which the Authority or the adjudicating officer or the Appellate Tribunal is empowered by or under this Act to determine. [Act s.79]","Which section of the RERA Act bars civil courts from entertaining suits on matters the Authority, adjudicating officer or Appellate Tribunal can decide?",,ok:200,supported,section 79,,,Act s.79|Act s.58|Act s.57|Act s.53,retrieval,True,True
aligned,model_01m3pac11b12qhy1,U07,1,False,ok,200,abstained,abstained,,1,0,,,True,2,64.405,56.1,72.71,1.488,0.682,1,stop,False,The Act does not specify any late fee for uploading project updates.,What late fee does TG-RERA charge a promoter for uploading its quarterly project update after the deadline?,,ok:200,declined,,,,Act s.11|Rules r.14|Act s.14|Rules r.6,retrieval,False,False
base,llama-v3p2-3b-reasoning,U07,1,False,ok,200,abstained,abstained,,1,0,,,True,0,,,,3.426,2.192,1,stop,False,The late fee for uploading the quarterly project update after the deadline is not mentioned in the provided excerpts.,What late fee does TG-RERA charge a promoter for uploading its quarterly project update after the deadline?,,ok:200,declined,,,,Act s.11|Rules r.14|Act s.14|Rules r.6,retrieval,False,False
aligned,model_01m3pac11b12qhy1,A22,1,True,ok,200,correct,correct,,1,1,15 years|20 years,,False,8,94.3725,76.42,98.34,6.708,1.648,1,stop,False,"A person shall be appointed as a Judicial Member of the Appellate Tribunal unless he has held a judicial office in the territory of India for at least fifteen years or has been a member of the Indian Legal Service and has held the post of Additional Secretary of that service or any equivalent post, or has been an advocate for at least twenty years with experience in dealing with real estate matters.",What experience does a person need to be appointed as a Judicial Member of the Appellate Tribunal?,,ok:200,supported,15 years|20 years,,,Act s.46|Act s.45|Act s.47|Rules r.26,retrieval,True,True
base,llama-v3p2-3b-reasoning,A22,1,True,ok,200,correct,correct,,1,1,15 years|20 years,,False,0,,,,5.064,0.598,1,stop,False,"A person must have held a judicial office in the territory of India for at least fifteen years or has been a member of the Indian Legal Service and has held the post of Additional Secretary of that service or any equivalent post, or has been an advocate for at least twenty years with experience in dealing with real estate matters. [Section 46 (b)]",What experience does a person need to be appointed as a Judicial Member of the Appellate Tribunal?,,ok:200,supported,section 46|15 years|20 years,,,Act s.46|Act s.45|Act s.47|Rules r.26,retrieval,True,True
aligned,model_01m3pac11b12qhy1,A25,1,True,ok,200,correct,correct,,1,1,10000|50000,,False,4,88.38,74.26,96.83,3.009,0.642,1,stop,False,The registration fee for a real estate agent shall be ten thousand rupees in case of the applicant being an individual or fifty thousand rupees in case of the applicant other than an individual.,What registration fee does a real estate agent pay in Telangana?,,ok:200,supported,10000|50000,,,Rules r.8|Act s.9|Act s.34|Rules r.11,retrieval,True,True
base,llama-v3p2-3b-reasoning,A25,1,True,ok,200,correct,correct,,1,1,10000|50000,,False,0,,,,4.284,0.661,1,stop,False,"A real estate agent pays a registration fee of Ten Thousand Rupees (Rs. 10,000) if the applicant is an individual, and Fifty Thousand Rupees (Rs. 50,000) if the applicant is not an individual. [Rule r.8 (2)]",What registration fee does a real estate agent pay in Telangana?,,ok:200,supported,10000|2|50000|8,,,Rules r.8|Act s.9|Act s.34|Rules r.11,retrieval,True,True
aligned,model_01m3pac11b12qhy1,U02,1,False,ok,200,answered,answered,,0,0,,,False,3,67.58,53.4,56.71,2.487,0.676,1,stop,False,"The penalty imposed by the Authority shall be in regard to any contravention of obligations cast upon the promoters, including the imposition of interest.",What penalty does MahaRERA impose on promoters for late filing of quarterly progress reports?,,ok:200,out_of_scope,,,MahaRERA,Act s.38|Act s.11|Rules r.35|Rules r.34,retrieval,True,False
base,llama-v3p2-3b-reasoning,U02,1,False,ok,200,abstained,abstained,,1,0,,,True,0,,,,1.549,0.638,1,stop,False,The Act does not specify the penalty for late filing of quarterly progress reports.,What penalty does MahaRERA impose on promoters for late filing of quarterly progress reports?,,ok:200,out_of_scope,,,MahaRERA,Act s.38|Act s.11|Rules r.35|Rules r.34,retrieval,False,False
aligned,model_01m3pac11b12qhy1,A13,1,True,ok,200,correct,correct,,1,1,60 days,,False,3,87.60000000000001,78.64,96.1,2.356,0.618,1,stop,False,The Authority shall dispose of the questions which come up before it within a period of sixty days from the date of receipt of the application.,Within what period is the Authority supposed to dispose of questions/applications that come before it?,,ok:200,supported,60 days,,,Act s.29|Act s.71|Act s.44|Act s.83,retrieval,True,True
base,llama-v3p2-3b-reasoning,A13,1,True,ok,200,correct,correct,,1,1,60 days,,False,0,,,,4.144,0.712,1,stop,False,"According to the Act, the Authority shall dispose of the questions which come up before it as expeditiously as possible and the Authority shall dispose of the same within a period of sixty days from the date of receipt of the application [Act s. 29 (4)].",Within what period is the Authority supposed to dispose of questions/applications that come before it?,,ok:200,supported,section 29|4|60 days,,,Act s.29|Act s.71|Act s.44|Act s.83,retrieval,True,True
aligned,model_01m3pac11b12qhy1,A12,1,True,ok,200,correct,correct,,1,1,5 years|65,,False,4,90.83,82.63,95.97,3.166,0.604,1,stop,False,"The Chairperson shall hold office for a term not exceeding five years from the date on which they enter upon their office, or until they attain the age of sixty-five years, whichever is earlier.",What is the term of office of the Chairperson and Members of a Real Estate Regulatory Authority?,,ok:200,supported,5 years|65 years,,,Act s.23|Act s.47|Act s.24|Act s.48,retrieval,True,True
base,llama-v3p2-3b-reasoning,A12,1,True,ok,200,abstained,abstained,,0,0,,5 years|65,True,0,,,,2.189,0.692,1,stop,False,The term of office of the Chairperson and Members of a Real Estate Regulatory Authority is not specified in the given excerpts.,What is the term of office of the Chairperson and Members of a Real Estate Regulatory Authority?,,ok:200,declined,,,,Act s.23|Act s.47|Act s.24|Act s.48,retrieval,False,False
aligned,model_01m3pac11b12qhy1,U08,1,False,ok,200,abstained,abstained,,1,0,,,True,2,76.0,75.62,76.38,1.825,0.671,1,stop,False,The carpet area for a 2BHK apartment is not specified in the given excerpts.,What is the minimum carpet area for a 2BHK apartment under the Telangana RERA rules?,,ok:200,out_of_scope,,,2BHK,Rules r.2|Act s.2|Rules r.4|Rules r.14,retrieval,False,False
base,llama-v3p2-3b-reasoning,U08,1,False,ok,200,abstained,abstained,,1,0,,,True,0,,,,1.262,0.678,1,stop,False,This information is not available in the provided excerpts.,What is the minimum carpet area for a 2BHK apartment under the Telangana RERA rules?,,ok:200,out_of_scope,,,2BHK,Rules r.2|Act s.2|Rules r.4|Rules r.14,retrieval,False,False
aligned,model_01m3pac11b12qhy1,A14,1,True,ok,200,correct,correct,,1,1,60 days,,False,7,91.30428571428573,83.24,94.28,4.674,0.648,1,stop,False,The time limit for filing an appeal to the Real Estate Appellate Tribunal against an order of the Authority is sixty days from the date on which a copy of the direction or order made by the Authority or the adjudicating officer is received by the appropriate Government or the competent authority or the aggrieved person.,What is the time limit for filing an appeal to the Real Estate Appellate Tribunal against an order of the Authority?,,ok:200,supported,60 days,,,Act s.58|Rules r.25|Act s.43|Act s.44,retrieval,True,True
base,llama-v3p2-3b-reasoning,A14,1,True,ok,200,correct,correct,,1,1,60 days,,False,0,,,,4.668,0.651,1,stop,False,The time limit for filing an appeal to the Real Estate Appellate Tribunal against an order of the Authority is sixty days from the date on which a copy of the direction or order made by the Authority is received by the appropriate Government or the competent authority or the aggrieved person. [Act s.44 (2)],What is the time limit for filing an appeal to the Real Estate Appellate Tribunal against an order of the Authority?,,ok:200,supported,section 44|2|60 days,,,Act s.58|Rules r.25|Act s.43|Act s.44,retrieval,True,True
aligned,model_01m3pac11b12qhy1,A18,1,True,ok,200,correct,correct,,1,1,10000|5 percent,,False,8,91.34375,84.88,89.6,5.171,0.598,1,stop,False,"The penalty for a real estate agent who fails to comply with section 9 or section 10 is a penalty of ten thousand rupees for every day during which such default continues, which may cumulatively extend up to five per cent. of the cost of plot, apartment or buildings, as the case may be, of the real estate project.",What is the penalty for a real estate agent who fails to comply with section 9 or section 10?,,ok:200,supported,section 10|section 9|10000|5 percent,,,Act s.62|Act s.65|Act s.66|Act s.63,retrieval,True,True
base,llama-v3p2-3b-reasoning,A18,1,True,ok,200,correct,correct,,1,1,10000|5 percent,,False,0,,,,5.532,0.614,1,stop,False,"The penalty for a real estate agent who fails to comply with section 9 or section 10 is a fine of ten thousand rupees for every day during which the default continues, which may cumulatively extend up to five per cent. of the cost of plot, apartment or buildings, as the case may be, of the real estate project. [Act s. 62]",What is the penalty for a real estate agent who fails to comply with section 9 or section 10?,,ok:200,supported,section 10|section 62|section 9|10000|5 percent,,,Act s.62|Act s.65|Act s.66|Act s.63,retrieval,True,True
aligned,model_01m3pac11b12qhy1,A09,1,True,ok,200,correct,correct,,1,1,3 months|occupancy certificate,,False,3,90.39333333333332,87.58,89.93,2.348,0.655,1,stop,False,The promoter shall execute the conveyance deed in favour of the allottee within three months from the date of issue of occupancy certificate.,"In the absence of a local law, within what time must the promoter execute the conveyance deed in favour of the allottee?",,ok:200,supported,3 months,,,Act s.17|Act s.11|Rules Form 'P'|Act s.19,retrieval,True,True
base,llama-v3p2-3b-reasoning,A09,1,True,ok,200,correct,correct,,1,1,3 months|occupancy certificate,,False,0,,,,3.368,0.687,1,stop,False,"In the absence of any local law, the promoter shall execute the conveyance deed in favour of the allottee within three months from the date of issue of the occupancy certificate. [Act s.17(1)]","In the absence of a local law, within what time must the promoter execute the conveyance deed in favour of the allottee?",,ok:200,supported,section 17|3 months,,,Act s.17|Act s.11|Rules Form 'P'|Act s.19,retrieval,True,True
aligned,model_01m3pac11b12qhy1,U09,1,False,ok,200,answered,answered,,0,0,,,False,2,81.875,80.59,83.16,1.61,0.68,1,stop,False,The fee for filing a complaint with the Authority is one thousand rupees.,What is the fee for filing a complaint with the Andhra Pradesh Real Estate Regulatory Authority?,,ok:200,out_of_scope,,,Andhra|Pradesh,Act s.31|Rules r.34|Act s.85|Rules r.35,retrieval,True,False
base,llama-v3p2-3b-reasoning,U09,1,False,ok,200,answered,answered,,0,0,,,False,0,,,,6.2,0.671,1,stop,False,"The fee for filing a complaint with the Andhra Pradesh Real Estate Regulatory Authority is one thousand rupees, which can be paid in the form of either a demand draft or a bankers cheque drawn on a scheduled bank in favour of the Authority and payable at the branch of that bank at the station where the seat of the Authority is situated, or through online payment, as the case may be. [Rules r.34(1)]",What is the fee for filing a complaint with the Andhra Pradesh Real Estate Regulatory Authority?,,ok:200,out_of_scope,,,Andhra|Pradesh,Act s.31|Rules r.34|Act s.85|Rules r.35,retrieval,True,False
aligned,model_01m3pac11b12qhy1,A30,1,True,ok,200,partial,partial,,0,0,3 months,half,False,3,75.25666666666667,66.65,69.25,3.16,1.678,1,stop,False,The promoter may apply to extend the registration of the project within three months prior to the expiry of the registration granted.,"How and when does a promoter apply to extend a project's registration in Telangana, and what does it cost?",,ok:200,supported,3 months,,,Rules r.6|Act s.59|Act s.6|Act s.64,retrieval,True,False
base,llama-v3p2-3b-reasoning,A30,1,True,ok,200,correct,correct,,1,1,3 months|half,,False,0,,,,7.906,0.632,1,stop,False,"A promoter can apply to extend a project's registration in Telangana by submitting an application in Form 'E' annexed to the order, along with a demand draft or a bankers cheque drawn on any scheduled bank or through online payment mode, for an amount equivalent to half the registration fees as prescribed under sub-rule (3) of rule 3. This application must be made within three months prior to the expiry of the registration granted. The application is accompanied by an explanatory note setting out the reasons for delay in the completion of the project and seeking extension of registration.","How and when does a promoter apply to extend a project's registration in Telangana, and what does it cost?",,ok:200,supported,rule 3,,,Rules r.6|Act s.59|Act s.6|Act s.64,retrieval,True,True
aligned,model_01m3pac11b12qhy1,A02,1,True,ok,200,correct,correct,,1,1,3 months,,False,3,88.80666666666667,78.93,93.18,2.471,0.645,1,stop,False,The promoters of ongoing projects without a completion certificate had to apply for registration within a period of three months from the date of commencement of the Act.,Within what period did promoters of ongoing projects without a completion certificate have to apply for registration after the Act commenced?,,ok:200,supported,3 months,,,Act s.3|Rules r.4|Rules r.6|Rules r.14,retrieval,True,True
base,llama-v3p2-3b-reasoning,A02,1,True,ok,200,correct,correct,,1,1,3 months,,False,0,,,,3.159,0.653,1,stop,False,"According to section 3(1) of the Act, promoters of ongoing projects without a completion certificate had to apply for registration within a period of three months from the date of commencement of the Act.",Within what period did promoters of ongoing projects without a completion certificate have to apply for registration after the Act commenced?,,ok:200,supported,section 3,,,Act s.3|Rules r.4|Rules r.6|Rules r.14,retrieval,True,True
aligned,model_01m3pac11b12qhy1,A15,1,True,ok,200,partial,partial,,0,0,high court,60 days,False,3,73.77333333333333,52.67,52.67,1.98,0.635,1,stop,False,An appeal against any decision or order of the Appellate Tribunal shall be filed with the High Court.,"Where does an appeal against an Appellate Tribunal decision go, and within what time?",,ok:200,unchecked,,,,Act s.58|Act s.43|Act s.44|Rules r.25,retrieval,True,False
base,llama-v3p2-3b-reasoning,A15,1,True,ok,200,correct,correct,,1,1,high court|60 days,,False,0,,,,3.645,0.671,1,stop,False,"An appeal against an Appellate Tribunal decision goes to the High Court, within a period of sixty days from the date of communication of the decision or order of the Appellate Tribunal. [Act s. 58 (1)]","Where does an appeal against an Appellate Tribunal decision go, and within what time?",,ok:200,supported,section 58|60 days,,,Act s.58|Act s.43|Act s.44|Rules r.25,retrieval,True,True
aligned,model_01m3pac11b12qhy1,A05,1,True,ok,200,correct,correct,,1,1,1 year,,False,4,93.8425,84.63,97.44,2.647,0.628,1,stop,False,"The Authority may extend the registration granted to a project for such time as it considers necessary, which shall, in aggregate, not exceed a period of one year.","Under section 6, what is the maximum aggregate period for which the Authority can extend a project's registration in reasonable circumstances without default by the promoter?",,ok:200,unchecked,,,,Act s.6|Rules r.6|Act s.82|Act s.63,retrieval,True,True
base,llama-v3p2-3b-reasoning,A05,1,True,ok,200,correct,correct,,1,1,1 year,,False,0,,,,2.597,0.647,1,stop,False,The maximum aggregate period for which the Authority can extend a project's registration in reasonable circumstances without default by the promoter is one year. [Section 6],"Under section 6, what is the maximum aggregate period for which the Authority can extend a project's registration in reasonable circumstances without default by the promoter?",,ok:200,supported,section 6,,,Act s.6|Rules r.6|Act s.82|Act s.63,retrieval,True,True
aligned,model_01m3pac11b12qhy1,U01,1,False,ok,200,answered,answered,,0,0,,,False,4,87.99000000000001,72.63,87.84,2.925,0.715,1,stop,False,The registration fee for a group housing project is five rupees per square meter for projects where the area of land proposed to be developed does not exceed one thousand square meters.,What is the project registration fee for a group housing project under the Karnataka RERA rules?,,ok:200,out_of_scope,,,Karnataka,Rules r.3|Rules r.6|Rules r.2|Act s.6,retrieval,True,False
base,llama-v3p2-3b-reasoning,U01,1,False,ok,200,answered,answered,,0,0,,,False,0,,,,5.569,0.665,1,stop,False,"The registration fee for a group housing project is five rupees per square meter for projects where the area of land proposed to be developed does not exceed one thousand square meters, or rupees ten per square meter for projects where the area of land proposed to be developed exceeds one thousand square meters, but shall not be more than five lakhs rupees. [Rule 3 (a)]",What is the project registration fee for a group housing project under the Karnataka RERA rules?,,ok:200,out_of_scope,,,Karnataka,Rules r.3|Rules r.6|Rules r.2|Act s.6,retrieval,True,False
aligned,model_01m3pac11b12qhy1,U03,1,False,ok,200,abstained,abstained,,1,0,,,True,2,77.11,64.74,89.48,1.704,0.691,1,stop,False,The Act does not mention the stamp duty rate for registering an agreement for sale.,What is the stamp duty rate for registering an agreement for sale of an apartment in Telangana?,,ok:200,declined,,,,Act s.13|Act s.18|Act s.19|Rules r.38,retrieval,False,False
base,llama-v3p2-3b-reasoning,U03,1,False,ok,200,answered,answered,,0,0,,,False,0,,,,2.121,0.688,1,stop,False,The excerpt does not mention the stamp duty rate for registering an agreement for sale of an apartment in Telangana.,What is the stamp duty rate for registering an agreement for sale of an apartment in Telangana?,,ok:200,unchecked,,,,Act s.13|Act s.18|Act s.19|Rules r.38,retrieval,True,False
aligned,model_01m3pac11b12qhy1,A19,1,True,ok,200,correct,correct,,1,1,3 years|10 percent,,False,5,93.404,88.82,88.82,3.664,0.615,1,stop,False,"The promoter shall be punishable with imprisonment for a term which may extend up to three years or with fine which may cumulatively extend up to ten per cent. of the estimated cost of the real estate project, or with both.",What punishment can a promoter face for not complying with orders of the Appellate Tribunal?,,ok:200,supported,10 percent|3 years,,,Act s.64|Act s.68|Act s.66|Act s.59,retrieval,True,True
base,llama-v3p2-3b-reasoning,A19,1,True,ok,200,correct,correct,,1,1,3 years|10 percent,,False,0,,,,4.351,0.562,1,stop,False,"A promoter can face imprisonment for a term which may extend up to three years or with fine for every day during which such default continues, which may cumulatively extend up to ten per cent. of the estimated cost of the real estate project, or with both. [Act s.64]",What punishment can a promoter face for not complying with orders of the Appellate Tribunal?,,ok:200,supported,section 64|10 percent|3 years,,,Act s.64|Act s.68|Act s.66|Act s.59,retrieval,True,True
aligned,model_01m3pac11b12qhy1,A07,1,True,ok,200,partial,partial,,0,0,30 days,5 years,False,2,81.12,77.73,84.51,1.407,0.73,1,stop,False,The promoter shall rectify such defects within thirty days.,"If an allottee reports a structural defect after taking possession, for how long is the promoter liable and how quickly must it be fixed?",,ok:200,supported,30 days,,,Act s.14|Rules Form 'P'|Rules r.35|Act s.19,retrieval,True,False
base,llama-v3p2-3b-reasoning,A07,1,True,ok,200,partial,partial,,0,0,30 days,5 years,False,0,,,,4.388,0.68,1,stop,False,"The promoter is liable to rectify the structural defect within 30 days from the date of notice from the allottee. If the promoter fails to rectify the defect within this time, the aggrieved allottee is entitled to receive appropriate compensation. [Act s. 14(3)]","If an allottee reports a structural defect after taking possession, for how long is the promoter liable and how quickly must it be fixed?",,ok:200,supported,section 14|3|30 days,,,Act s.14|Rules Form 'P'|Rules r.35|Act s.19,retrieval,True,False
aligned,model_01m3pac11b12qhy1,A03,1,True,ok,200,correct,correct,,1,1,70 percent|separate account|separate bank account,,False,7,93.21,85.84,99.26,4.605,0.71,1,stop,False,"The promoter shall deposit seventy per cent. of the amounts realised for the real estate project from the allottees, from time to time, shall be deposited in a separate account to be maintained in a scheduled bank to cover the cost of construction and the land cost and shall be used only for that purpose.","What percentage of the amounts realised from allottees must a promoter deposit in a separate bank account, and what may it be used for?",,ok:200,supported,70 percent,,,Act s.4|Rules r.4|Rules Form 'B'|Rules Form 'C',retrieval,True,True
base,llama-v3p2-3b-reasoning,A03,1,True,ok,200,correct,correct,,1,1,70 percent|separate account|separate bank account,,False,0,,,,3.905,0.73,1,stop,False,"According to the Act, a promoter must deposit seventy per cent. of the amounts realised from allottees in a separate account to be maintained in a scheduled bank to cover the cost of construction and the land cost and shall be used only for that purpose.","What percentage of the amounts realised from allottees must a promoter deposit in a separate bank account, and what may it be used for?",,ok:200,supported,70 percent,,,Act s.4|Rules r.4|Rules Form 'B'|Rules Form 'C',retrieval,True,True
aligned,model_01m3pac11b12qhy1,A23,1,True,ok,200,correct,correct,,1,1,mclr|2 percent|sbi,,False,5,93.902,90.26,95.08,3.295,0.668,1,stop,False,The rate of interest payable by the promoter to the allottee or by the allottee to the promoter shall be the Marginal Cost of Lending Rate of State Bank of India plus two per cent.,"Under the Telangana RERA Rules, what rate of interest is payable by the promoter to the allottee (or vice versa) on default?",,ok:200,supported,2 percent,,,Act s.2|Rules r.15|Act s.13|Act s.84,retrieval,True,True
base,llama-v3p2-3b-reasoning,A23,1,True,ok,200,correct,correct,,1,1,mclr|2 percent|sbi,,False,0,,,,3.431,0.634,1,stop,False,The rate of interest payable by the promoter to the allottee (or vice versa) on default is the Marginal Cost of Lending Rate of State Bank of India plus two per cent. [Rules r.15],"Under the Telangana RERA Rules, what rate of interest is payable by the promoter to the allottee (or vice versa) on default?",,ok:200,supported,15|2 percent,,,Act s.2|Rules r.15|Act s.13|Act s.84,retrieval,True,True
aligned,model_01m3pac11b12qhy1,U10,1,False,ok,200,answered,answered,,0,0,,,False,4,71.97,53.45,81.76,2.759,0.672,1,stop,False,"The documents with authentication of such title, including details of the land, title, interest, or name of any party in or over such land along with details.",Which banks has TG-RERA empanelled for promoters to open the separate project account?,,ok:200,unchecked,,,,Act s.4|Rules r.4|Rules r.3|Rules Form 'B',retrieval,True,False
base,llama-v3p2-3b-reasoning,U10,1,False,ok,200,answered,answered,,0,0,,,False,0,,,,2.471,0.651,1,stop,False,The excerpt does not mention the specific banks that have been empanelled by the Telangana Government for promoters to open the separate project account.,Which banks has TG-RERA empanelled for promoters to open the separate project account?,,ok:200,unchecked,,,,Act s.4|Rules r.4|Rules r.3|Rules Form 'B',retrieval,True,False
aligned,model_01m3pac11b12qhy1,A24,1,True,ok,200,correct,correct,,1,1,90 days,,False,2,83.83,69.16,98.5,1.22,0.615,1,stop,False,The promoter must pay the refund within ninety days.,"Under the Telangana rules, within how many days must a promoter pay a refund (with interest and compensation) once it becomes due?",,ok:200,supported,90 days,,,Rules r.16|Act s.18|Rules Form 'P'|Rules r.23,retrieval,True,True
base,llama-v3p2-3b-reasoning,A24,1,True,ok,200,correct,correct,,1,1,90 days,,False,0,,,,3.505,0.645,1,stop,False,"A promoter must pay a refund (with interest and compensation) within 90 days from the date on which such refund along with applicable interest and compensation, as the case may be, becomes due. [Rules r.16]","Under the Telangana rules, within how many days must a promoter pay a refund (with interest and compensation) once it becomes due?",,ok:200,supported,16|90 days,,,Rules r.16|Act s.18|Rules Form 'P'|Rules r.23,retrieval,True,True
aligned,model_01m3pac11b12qhy1,A08,1,True,ok,200,partial,partial,,0,0,2/3,authority,False,2,82.295,74.16,90.43,1.336,0.734,1,stop,False,"Two-thirds of the allottees, except the promoter.",What consent is needed before a promoter can transfer its majority rights and liabilities in a project to a third party?,,ok:200,supported,2|3,,,Act s.15|Act s.11|Rules r.25|Rules r.3,retrieval,True,False
base,llama-v3p2-3b-reasoning,A08,1,True,ok,200,correct,correct,,1,1,2/3|authority,,False,0,,,,3.576,0.707,1,stop,False,"Two-thirds of the allottees, except the promoter, and the prior written approval of the Authority are required before a promoter can transfer its majority rights and liabilities in a project to a third party. [Section 15(1)]",What consent is needed before a promoter can transfer its majority rights and liabilities in a project to a third party?,,ok:200,supported,section 15|2|3,,,Act s.15|Act s.11|Rules r.25|Rules r.3,retrieval,True,True
aligned,model_01m3pac11b12qhy1,A11,1,True,ok,200,correct,correct,,1,1,return|refund|repay|interest|compensation,,False,5,88.42,85.61,93.39,3.911,0.725,1,stop,False,"The promoter shall be liable to return the total amount received by him in respect of the apartment/plot, with interest at the rate prescribed in the Rules including compensation in the manner as provided under the Act within ninety days of it becoming due.","If the promoter fails to complete the project or give possession and the allottee wants to withdraw, what must the promoter pay?",,ok:200,supported,90 days,,,Act s.18|Rules Form 'P'|Act s.19|Act s.11,retrieval,True,True
base,llama-v3p2-3b-reasoning,A11,1,True,ok,200,partial,partial,,0,0,interest|compensation,return|refund|repay,False,0,,,,6.235,0.714,1,stop,False,"The promoter shall pay the total amount received by him in respect of the apartment or plot, with interest at the rate prescribed in the Rules, including compensation, within ninety days of it becoming due. This includes compensation for defective title of the land, if any. The allottee shall also be paid interest at the rate prescribed in the Rules for every month of delay, till the handing over of the possession of the apartment or plot.","If the promoter fails to complete the project or give possession and the allottee wants to withdraw, what must the promoter pay?",,ok:200,supported,90 days,,,Act s.18|Rules Form 'P'|Act s.19|Act s.11,retrieval,True,False
aligned,model_01m3pac11b12qhy1,A28,1,True,ok,200,correct,correct,,1,1,5000,,False,2,90.11,87.33,87.33,1.824,0.67,1,stop,False,The fee for filing an appeal with the Appellate Tribunal is five thousand rupees.,What is the fee for filing an appeal with the Appellate Tribunal under the Telangana rules?,,ok:200,supported,5000,,,Rules r.25|Act s.44|Act s.43|Act s.58,retrieval,True,True
base,llama-v3p2-3b-reasoning,A28,1,True,ok,200,correct,correct,,1,1,5000,,False,0,,,,4.327,0.692,1,stop,False,"The fee for filing an appeal with the Appellate Tribunal under the Telangana rules is five thousand rupees, payable in the form of a demand draft or a bankers cheque drawn on a scheduled bank in favour of the Appellate Tribunal. [Rule 25(1)]",What is the fee for filing an appeal with the Appellate Tribunal under the Telangana rules?,,ok:200,supported,rule 25|5000,,,Rules r.25|Act s.44|Act s.43|Act s.58,retrieval,True,True
aligned,model_01m3pac11b12qhy1,A27,1,True,ok,200,wrong,wrong,,0,0,,1000|form m,False,4,86.9225,78.09,87.81,2.989,0.693,1,stop,False,The fee accompanying a complaint is five thousand rupees in the form of a demand draft or a bankers cheque drawn on a scheduled bank in favour of the Appellate Tribunal.,"What fee accompanies a complaint filed with the Telangana Real Estate Regulatory Authority, and which form is used?",,ok:200,supported,5000,,,Act s.31|Act s.20|Rules r.25|Act s.85,retrieval,True,False
base,llama-v3p2-3b-reasoning,A27,1,True,ok,200,wrong,wrong,,0,0,,1000|form m,False,0,,,,5.633,0.646,1,stop,False,"The fee accompanying a complaint filed with the Telangana Real Estate Regulatory Authority is five thousand rupees, payable in the form of a demand draft or a bankers cheque drawn on a scheduled bank in favour of the Appellate Tribunal, as per Rule 25 (1) of the rules. The complaint is filed in Form 'L', in triplicate, along with the required documents.","What fee accompanies a complaint filed with the Telangana Real Estate Regulatory Authority, and which form is used?",,ok:200,supported,rule 25|5000,,,Act s.31|Act s.20|Rules r.25|Act s.85,retrieval,True,False
aligned,model_01m3pac11b12qhy1,A16,1,True,ok,200,partial,partial,,0,0,10 percent,3 years,False,4,88.03,78.39,91.94,2.97,0.593,1,stop,False,The penalty for a promoter who sells or advertises a project without registering it under section 3 is up to ten per cent. of the estimated cost of the real estate project.,"What is the penalty for a promoter who sells or advertises a project without registering it under section 3, and what if the violation continues?",,ok:200,supported,section 3|10 percent,,,Act s.3|Act s.59|Act s.63|Act s.64,retrieval,True,False
base,llama-v3p2-3b-reasoning,A16,1,True,ok,200,correct,correct,,1,1,10 percent|3 years,,False,0,,,,4.202,0.584,1,stop,False,"According to the Act, if a promoter sells or advertises a project without registering it under section 3, the penalty is 10% of the estimated cost of the real estate project. If the violation continues, the promoter shall be punishable with imprisonment for a term which may extend up to three years or with fine which may extend up to a further 10% of the estimated cost of the real estate project, or with both [Act s.59 (1) and (2)].","What is the penalty for a promoter who sells or advertises a project without registering it under section 3, and what if the violation continues?",,ok:200,supported,section 3|section 59|10 percent|2,,,Act s.3|Act s.59|Act s.63|Act s.64,retrieval,True,True
aligned,model_01m3pac11b12qhy1,A20,1,True,ok,200,correct,correct,,1,1,district judge,,False,3,82.59666666666668,72.43,93.46,1.21,0.622,1,stop,False,The adjudicating officer shall be appointed in consultation with the appropriate Government and shall be a judicial officer who has been a District Judge.,Who can be appointed as an adjudicating officer for compensation claims under the Act?,,ok:200,unchecked,,,,Act s.71|Rules r.35|Act s.72|Rules Form 'N',retrieval,True,True
base,llama-v3p2-3b-reasoning,A20,1,True,ok,200,correct,correct,,1,1,district judge,,False,0,,,,1.731,0.656,1,stop,False,"According to the Act, the Authority shall appoint one or more judicial officers as deemed necessary, who is or has been a District Judge, to be an adjudicating officer for holding an inquiry in the prescribed manner. [Section 71(1)]",Who can be appointed as an adjudicating officer for compensation claims under the Act?,,ok:200,supported,section 71,,,Act s.71|Rules r.35|Act s.72|Rules Form 'N',retrieval,True,True
aligned,model_01m3pac11b12qhy1,U05,1,False,ok,200,abstained,abstained,,1,0,,,True,2,71.3,57.69,84.91,0.956,0.617,1,stop,False,The Act does not specify the GST rate applicable to the sale of an apartment.,What GST rate applies to the sale of an under-construction apartment?,,ok:200,out_of_scope,,,GST,Act s.13|Act s.18|Act s.19|Act s.84,retrieval,False,False
base,llama-v3p2-3b-reasoning,U05,1,False,ok,200,abstained,abstained,,1,0,,,True,0,,,,0.992,0.637,1,stop,False,There is no mention of GST (Goods and Services Tax) in the provided excerpts.,What GST rate applies to the sale of an under-construction apartment?,,ok:200,out_of_scope,,,GST,Act s.13|Act s.18|Act s.19|Act s.84,retrieval,False,False
aligned,model_01m3pac11b12qhy1,A26,1,True,ok,200,wrong,wrong,,0,0,,5000|25000,False,2,85.64500000000001,82.14,89.15,1.029,0.614,1,stop,False,The renewal application must be made at least three months prior to the expiry of the registration granted.,"What is the fee for renewing a real estate agent's registration in Telangana, and when must the renewal application be made?",,ok:200,supported,3 months,,,Rules r.10|Act s.9|Rules r.8|Rules r.11,retrieval,True,False
base,llama-v3p2-3b-reasoning,A26,1,True,ok,200,correct,correct,,1,1,5000|25000,,False,0,,,,1.988,0.571,1,stop,False,The renewal application for registration of a real estate agent must be made at least three months prior to the expiry of the registration granted. The fee for renewal of registration is five thousand rupees for an individual and twenty-five thousand rupees for a real estate agent other than an individual. [Rules r. 10 (1)],"What is the fee for renewing a real estate agent's registration in Telangana, and when must the renewal application be made?",,ok:200,supported,10|25000|3 months|5000,,,Rules r.10|Act s.9|Rules r.8|Rules r.11,retrieval,True,True
aligned,model_01m3pac11b12qhy1,A06,1,True,ok,200,correct,correct,,1,1,10 percent|agreement for sale,,False,4,86.9825,71.75,88.0,1.424,0.622,1,stop,False,"The maximum advance a promoter can take from a buyer before entering into and registering a written agreement for sale is ten per cent of the cost of the apartment, plot, or building.",What is the maximum advance a promoter can take from a buyer before entering into and registering a written agreement for sale?,,ok:200,supported,10 percent,,,Act s.13|Act s.15|Act s.19|Act s.11,retrieval,True,True
base,llama-v3p2-3b-reasoning,A06,1,True,ok,200,correct,correct,,1,1,10 percent|agreement for sale,,False,0,,,,2.37,0.643,1,stop,False,"A promoter shall not accept a sum more than ten per cent of the cost of the apartment, plot, or building as the case may be, as an advance payment or an application fee, from a person without first entering into a written agreement for sale with such person and register the said agreement for sale, under any law for the time being in force. [Act s.13(1)]",What is the maximum advance a promoter can take from a buyer before entering into and registering a written agreement for sale?,,ok:200,supported,section 13|10 percent,,,Act s.13|Act s.15|Act s.19|Act s.11,retrieval,True,True
aligned,model_01m3pac11b12qhy1,A01,1,True,ok,200,correct,correct,,1,1,500 sqm|8,,False,4,82.41,69.57,94.78,1.415,0.665,1,stop,False,"The land area or apartment count threshold below which a real estate project does not need registration under the Act is five hundred square meters or eight apartments, inclusive of all phases.",What is the land-area / apartment-count threshold below which a real estate project does not need RERA registration under the Act?,,ok:200,supported,500 sqm|8,,,Act s.3|Rules r.3|Act s.4|Act s.2,retrieval,True,True
base,llama-v3p2-3b-reasoning,A01,1,True,ok,200,correct,correct,,1,1,500 sqm|8,,False,0,,,,1.778,0.647,1,stop,False,"According to the Act, a real estate project with an area of land not exceeding 500 square meters or the number of apartments not exceeding 8 inclusive of all phases does not require RERA registration under the Act. [Section 3(2)(a)]",What is the land-area / apartment-count threshold below which a real estate project does not need RERA registration under the Act?,,ok:200,supported,section 3|2|500 sqm|8,,,Act s.3|Rules r.3|Act s.4|Act s.2,retrieval,True,True
aligned,model_01m3pac11b12qhy1,U06,1,False,ok,200,answered,answered,,0,0,,,False,1,56.03,56.03,56.03,0.743,0.582,1,stop,False,The question is not in the excerpts.,What did the Supreme Court hold in Newtech Promoters v. State of UP about refunds under RERA?,,ok:200,out_of_scope,,,Supreme|Newtech,Act s.47|Rules r.16|Act s.27|Act s.7,retrieval,True,False
base,llama-v3p2-3b-reasoning,U06,1,False,ok,200,answered,answered,,0,0,,,False,0,,,,0.983,0.562,1,stop,False,The Supreme Court held that the RERA does not mandate the payment of interest on the refund amount.,What did the Supreme Court hold in Newtech Promoters v. State of UP about refunds under RERA?,,ok:200,out_of_scope,,,Supreme|Newtech,Act s.47|Rules r.16|Act s.27|Act s.7,retrieval,True,False
aligned,model_01m3pac11b12qhy1,A04,1,True,ok,200,partial,partial,,0,0,30 days,deemed,False,2,78.81,78.2,79.42,0.883,0.625,1,stop,False,The Authority shall grant registration within a period of thirty days.,"Within how many days must the Authority grant or reject a project registration application, and what happens if it does neither?",,ok:200,supported,30 days,,,Act s.5|Rules r.9|Act s.9|Act s.6,retrieval,True,False
base,llama-v3p2-3b-reasoning,A04,1,True,ok,200,correct,correct,,1,1,30 days|deemed,,False,0,,,,2.193,0.582,1,stop,False,"According to the Act, the Authority must grant or reject a project registration application within a period of 30 days. If the Authority fails to do so, the project shall be deemed to have been registered, and the Authority shall provide a registration number and a Login Id and password to the promoter within 7 days of the expiry of the said period of 30 days.","Within how many days must the Authority grant or reject a project registration application, and what happens if it does neither?",,ok:200,supported,30 days|7 days,,,Act s.5|Rules r.9|Act s.9|Act s.6,retrieval,True,True
aligned,model_01m3pac11b12qhy1,A17,1,True,ok,200,correct,correct,,1,1,5 percent,,False,3,93.44666666666669,89.12,92.19,1.139,0.545,1,stop,False,The promoter shall be liable to a penalty which may extend up to five per cent. of the estimated cost of the real estate project.,What penalty can be imposed on a promoter who provides false information in the registration application or contravenes section 4?,,ok:200,supported,5 percent,,,Act s.60|Act s.61|Act s.63|Rules r.22,retrieval,True,True
base,llama-v3p2-3b-reasoning,A17,1,True,ok,200,correct,correct,,1,1,5 percent,,False,0,,,,1.657,0.515,1,stop,False,"A promoter who provides false information in the registration application or contravenes section 4 is liable to a penalty which may extend up to five per cent. of the estimated cost of the real estate project, as determined by the Authority. [Act s.60]",What penalty can be imposed on a promoter who provides false information in the registration application or contravenes section 4?,,ok:200,supported,section 4|section 60|5 percent,,,Act s.60|Act s.61|Act s.63|Rules r.22,retrieval,True,True
aligned,model_01m3pac11b12qhy1,U04,1,False,ok,200,abstained,abstained,,1,0,,,True,3,80.33999999999999,54.86,95.35,1.017,0.556,1,stop,False,The Act does not mention the name of the Chairperson of the Telangana Real Estate Regulatory Authority.,Who was the first Chairperson of the Telangana Real Estate Regulatory Authority?,,ok:200,declined,,,,Rules r.1|Act s.75|Act s.20|Act s.3,retrieval,False,False
base,llama-v3p2-3b-reasoning,U04,1,False,ok,200,answered,answered,,0,0,,,False,0,,,,1.017,0.56,1,stop,False,The excerpt does not mention the name of the first Chairperson of the Telangana Real Estate Regulatory Authority.,Who was the first Chairperson of the Telangana Real Estate Regulatory Authority?,,ok:200,unchecked,,,,Rules r.1|Act s.75|Act s.20|Act s.3,retrieval,True,False
aligned,model_01m3pac11b12qhy1,A29,1,True,ok,200,correct,correct,,1,1,10 per sqm|500000,,False,5,92.776,82.78,96.61,1.55,0.655,1,stop,False,"The registration fee shall be rupees ten per square meter for projects where the area of land proposed to be developed exceeds one thousand square meters, but shall not be more than five lakhs rupees.","What is the project registration fee in Telangana for a group housing project on more than 1,000 square metres of land?",,ok:200,supported,10|500000,,,Rules r.3|Rules r.2|Act s.3|Rules r.14,retrieval,True,True
base,llama-v3p2-3b-reasoning,A29,1,True,ok,200,correct,correct,,1,1,10 per sqm|500000,,False,0,,,,1.608,0.639,1,stop,False,"The registration fee for a group housing project on more than 1,000 square meters of land is rupees ten per square meter, but shall not exceed five lakhs rupees. [Rules r.3 (a)]","What is the project registration fee in Telangana for a group housing project on more than 1,000 square metres of land?",,ok:200,supported,10|3|500000,,,Rules r.3|Rules r.2|Act s.3|Rules r.14,retrieval,True,True
aligned,model_01m3pac11b12qhy1,A01,2,True,ok,200,correct,correct,,1,1,500 sqm|8,,False,4,82.41,69.57,94.78,1.398,0.648,1,stop,False,"The land area or apartment count threshold below which a real estate project does not need registration under the Act is five hundred square meters or eight apartments, inclusive of all phases.",What is the land-area / apartment-count threshold below which a real estate project does not need RERA registration under the Act?,,ok:200,supported,500 sqm|8,,,Act s.3|Rules r.3|Act s.4|Act s.2,retrieval,True,True
base,llama-v3p2-3b-reasoning,A01,2,True,ok,200,correct,correct,,1,1,500 sqm|8,,False,0,,,,1.933,0.624,1,stop,False,"According to section 3(2)(a) of the Act, a real estate project does not require registration under the Act if the area of land proposed to be developed does not exceed 500 square meters or the number of apartments proposed to be developed does not exceed 8, inclusive of all phases.",What is the land-area / apartment-count threshold below which a real estate project does not need RERA registration under the Act?,,ok:200,supported,section 3|2|500 sqm|8,,,Act s.3|Rules r.3|Act s.4|Act s.2,retrieval,True,True
aligned,model_01m3pac11b12qhy1,A28,2,True,ok,200,correct,correct,,1,1,5000,,False,2,90.11,87.33,87.33,0.984,0.587,1,stop,False,The fee for filing an appeal with the Appellate Tribunal is five thousand rupees.,What is the fee for filing an appeal with the Appellate Tribunal under the Telangana rules?,,ok:200,supported,5000,,,Rules r.25|Act s.44|Act s.43|Act s.58,retrieval,True,True
base,llama-v3p2-3b-reasoning,A28,2,True,ok,200,correct,correct,,1,1,5000,,False,0,,,,1.915,0.65,1,stop,False,"The fee for filing an appeal with the Appellate Tribunal under the Telangana rules is five thousand rupees, payable in the form of a demand draft or a bankers cheque drawn on a scheduled bank in favour of the Appellate Tribunal. [Rules r.25 (1)]",What is the fee for filing an appeal with the Appellate Tribunal under the Telangana rules?,,ok:200,supported,25|5000,,,Rules r.25|Act s.44|Act s.43|Act s.58,retrieval,True,True
aligned,model_01m3pac11b12qhy1,A24,2,True,ok,200,correct,correct,,1,1,90 days,,False,3,88.07,76.88,98.57,1.915,0.619,1,stop,False,The promoter must pay a refund (with interest and compensation) within ninety days of it becoming due.,"Under the Telangana rules, within how many days must a promoter pay a refund (with interest and compensation) once it becomes due?",,ok:200,supported,90 days,,,Rules r.16|Act s.18|Rules Form 'P'|Rules r.23,retrieval,True,True
base,llama-v3p2-3b-reasoning,A24,2,True,ok,200,correct,correct,,1,1,90 days,,False,0,,,,2.297,0.595,1,stop,False,A promoter must pay a refund (with interest and compensation) within 90 days of it becoming due. [Rules r.16],"Under the Telangana rules, within how many days must a promoter pay a refund (with interest and compensation) once it becomes due?",,ok:200,supported,16|90 days,,,Rules r.16|Act s.18|Rules Form 'P'|Rules r.23,retrieval,True,True
aligned,model_01m3pac11b12qhy1,A08,2,True,ok,200,partial,partial,,0,0,2/3,authority,False,2,78.27,76.49,80.05,1.886,0.672,1,stop,False,"The promoter shall obtain prior written consent from two-thirds of the allottees, except the promoter.",What consent is needed before a promoter can transfer its majority rights and liabilities in a project to a third party?,,ok:200,supported,2|3,,,Act s.15|Act s.11|Rules r.25|Rules r.3,retrieval,True,False
base,llama-v3p2-3b-reasoning,A08,2,True,ok,200,correct,correct,,1,1,2/3|authority,,False,0,,,,2.127,0.746,1,stop,False,"Two-third allottees, except the promoter, and prior written approval of the Authority. [Section 15(1)]",What consent is needed before a promoter can transfer its majority rights and liabilities in a project to a third party?,,ok:200,supported,section 15|2|3,,,Act s.15|Act s.11|Rules r.25|Rules r.3,retrieval,True,True
aligned,model_01m3pac11b12qhy1,U01,2,False,ok,200,answered,answered,,0,0,,,False,4,87.99000000000001,72.63,87.84,2.922,0.688,1,stop,False,The registration fee for a group housing project is five rupees per square meter for projects where the area of land proposed to be developed does not exceed one thousand square meters.,What is the project registration fee for a group housing project under the Karnataka RERA rules?,,ok:200,out_of_scope,,,Karnataka,Rules r.3|Rules r.6|Rules r.2|Act s.6,retrieval,True,False
base,llama-v3p2-3b-reasoning,U01,2,False,ok,200,answered,answered,,0,0,,,False,0,,,,5.6,0.641,1,stop,False,"The registration fee for a group housing project is five rupees per square meter for projects where the area of land proposed to be developed does not exceed one thousand square meters, or rupees ten per square meter for projects where the area of land proposed to be developed exceeds one thousand square meters, but shall not be more than five lakhs rupees. [Rule 3 (a)]",What is the project registration fee for a group housing project under the Karnataka RERA rules?,,ok:200,out_of_scope,,,Karnataka,Rules r.3|Rules r.6|Rules r.2|Act s.6,retrieval,True,False
aligned,model_01m3pac11b12qhy1,A17,2,True,ok,200,correct,correct,,1,1,5 percent,,False,3,93.44666666666669,89.12,92.19,2.346,0.576,1,stop,False,The promoter shall be liable to a penalty which may extend up to five per cent. of the estimated cost of the real estate project.,What penalty can be imposed on a promoter who provides false information in the registration application or contravenes section 4?,,ok:200,supported,5 percent,,,Act s.60|Act s.61|Act s.63|Rules r.22,retrieval,True,True
base,llama-v3p2-3b-reasoning,A17,2,True,ok,200,correct,correct,,1,1,5 percent,,False,0,,,,4.052,0.592,1,stop,False,"A promoter who provides false information in the registration application or contravenes section 4 can be liable to a penalty which may extend up to five per cent. of the estimated cost of the real estate project, as determined by the Authority. [Act s.60]",What penalty can be imposed on a promoter who provides false information in the registration application or contravenes section 4?,,ok:200,supported,section 4|section 60|5 percent,,,Act s.60|Act s.61|Act s.63|Rules r.22,retrieval,True,True
aligned,model_01m3pac11b12qhy1,A14,2,True,ok,200,correct,correct,,1,1,60 days,,False,6,90.415,83.24,96.73,4.357,0.637,1,stop,False,The time limit for filing an appeal to the Real Estate Appellate Tribunal against an order of the Authority is sixty days from the date on which a copy of the direction or order made by the Authority is received by the appropriate Government or the competent authority or the aggrieved person.,What is the time limit for filing an appeal to the Real Estate Appellate Tribunal against an order of the Authority?,,ok:200,supported,60 days,,,Act s.58|Rules r.25|Act s.43|Act s.44,retrieval,True,True
base,llama-v3p2-3b-reasoning,A14,2,True,ok,200,correct,correct,,1,1,60 days,,False,0,,,,4.712,0.671,1,stop,False,The time limit for filing an appeal to the Real Estate Appellate Tribunal against an order of the Authority is sixty days from the date on which a copy of the direction or order made by the Authority is received by the appropriate Government or the competent authority or the aggrieved person [Act s.44 (2)].,What is the time limit for filing an appeal to the Real Estate Appellate Tribunal against an order of the Authority?,,ok:200,supported,section 44|2|60 days,,,Act s.58|Rules r.25|Act s.43|Act s.44,retrieval,True,True
aligned,model_01m3pac11b12qhy1,A04,2,True,ok,200,partial,partial,,0,0,30 days,deemed,False,2,78.81,78.2,79.42,1.423,0.686,1,stop,False,The Authority shall grant registration within a period of thirty days.,"Within how many days must the Authority grant or reject a project registration application, and what happens if it does neither?",,ok:200,supported,30 days,,,Act s.5|Rules r.9|Act s.9|Act s.6,retrieval,True,False
base,llama-v3p2-3b-reasoning,A04,2,True,ok,200,correct,correct,,1,1,30 days|deemed,,False,0,,,,5.151,0.618,1,stop,False,"The Authority must grant or reject a project registration application within a period of thirty days. If the Authority fails to grant or reject the application within this period, the project shall be deemed to have been registered, and the Authority shall provide a registration number and a Login Id and password to the promoter within seven days of the expiry of the said period of thirty days.","Within how many days must the Authority grant or reject a project registration application, and what happens if it does neither?",,ok:200,supported,30 days|7 days,,,Act s.5|Rules r.9|Act s.9|Act s.6,retrieval,True,True
aligned,model_01m3pac11b12qhy1,A18,2,True,ok,200,correct,correct,,1,1,10000|5 percent,,False,6,91.45666666666666,80.59,80.59,3.97,0.63,1,stop,False,"The penalty shall be ten thousand rupees for every day during which such default continues, which may cumulatively extend up to five per cent. of the cost of plot, apartment or buildings, as the case may be, of the real estate project.",What is the penalty for a real estate agent who fails to comply with section 9 or section 10?,,ok:200,supported,10000|5 percent,,,Act s.62|Act s.65|Act s.66|Act s.63,retrieval,True,True
base,llama-v3p2-3b-reasoning,A18,2,True,ok,200,correct,correct,,1,1,10000|5 percent,,False,0,,,,6.465,0.602,1,stop,False,"The penalty for a real estate agent who fails to comply with section 9 or section 10 is a fine of ten thousand rupees for every day during which such default continues, which may cumulatively extend up to five per cent. of the cost of plot, apartment or buildings, as the case may be, of the real estate project, for which the sale or purchase has been facilitated as determined by the Authority. [Act s. 62]",What is the penalty for a real estate agent who fails to comply with section 9 or section 10?,,ok:200,supported,section 10|section 62|section 9|10000|5 percent,,,Act s.62|Act s.65|Act s.66|Act s.63,retrieval,True,True
aligned,model_01m3pac11b12qhy1,A13,2,True,ok,200,correct,correct,,1,1,60 days,,False,3,87.60000000000001,78.64,96.1,2.364,0.604,1,stop,False,The Authority shall dispose of the questions which come up before it within a period of sixty days from the date of receipt of the application.,Within what period is the Authority supposed to dispose of questions/applications that come before it?,,ok:200,supported,60 days,,,Act s.29|Act s.71|Act s.44|Act s.83,retrieval,True,True
base,llama-v3p2-3b-reasoning,A13,2,True,ok,200,correct,correct,,1,1,60 days,,False,0,,,,3.116,0.603,1,stop,False,The Authority shall dispose of the questions which come before it as expeditiously as possible and the Authority shall dispose of the same within a period of sixty days from the date of receipt of the application.,Within what period is the Authority supposed to dispose of questions/applications that come before it?,,ok:200,supported,60 days,,,Act s.29|Act s.71|Act s.44|Act s.83,retrieval,True,True
aligned,model_01m3pac11b12qhy1,U10,2,False,ok,200,answered,answered,,0,0,,,False,4,71.97,53.45,81.76,2.749,0.652,1,stop,False,"The documents with authentication of such title, including details of the land, title, interest, or name of any party in or over such land along with details.",Which banks has TG-RERA empanelled for promoters to open the separate project account?,,ok:200,unchecked,,,,Act s.4|Rules r.4|Rules r.3|Rules Form 'B',retrieval,True,False
base,llama-v3p2-3b-reasoning,U10,2,False,ok,200,answered,answered,,0,0,,,False,0,,,,0.986,0.723,1,stop,False,Not in the excerpts.,Which banks has TG-RERA empanelled for promoters to open the separate project account?,,ok:200,unchecked,,,,Act s.4|Rules r.4|Rules r.3|Rules Form 'B',retrieval,True,False
aligned,model_01m3pac11b12qhy1,A11,2,True,ok,200,correct,correct,,1,1,return|refund|repay|interest|compensation,,False,5,88.42,85.61,93.39,3.827,0.668,1,stop,False,"The promoter shall be liable to return the total amount received by him in respect of the apartment/plot, with interest at the rate prescribed in the Rules including compensation in the manner as provided under the Act within ninety days of it becoming due.","If the promoter fails to complete the project or give possession and the allottee wants to withdraw, what must the promoter pay?",,ok:200,supported,90 days,,,Act s.18|Rules Form 'P'|Act s.19|Act s.11,retrieval,True,True
base,llama-v3p2-3b-reasoning,A11,2,True,ok,200,partial,partial,,0,0,interest|compensation,return|refund|repay,False,0,,,,6.227,0.729,1,stop,False,"The promoter shall pay the total amount received by him in respect of the apartment or plot, with interest at the rate prescribed in the Rules, including compensation, within ninety days of it becoming due. This includes compensation for defective title of the land, if any. The allottee shall also be paid interest at the rate prescribed in the Rules for every month of delay, till the handing over of the possession of the apartment or plot.","If the promoter fails to complete the project or give possession and the allottee wants to withdraw, what must the promoter pay?",,ok:200,supported,90 days,,,Act s.18|Rules Form 'P'|Act s.19|Act s.11,retrieval,True,False
aligned,model_01m3pac11b12qhy1,A23,2,True,ok,200,correct,correct,,1,1,mclr|2 percent|sbi,,False,5,93.902,90.26,95.08,3.255,0.625,1,stop,False,The rate of interest payable by the promoter to the allottee or by the allottee to the promoter shall be the Marginal Cost of Lending Rate of State Bank of India plus two per cent.,"Under the Telangana RERA Rules, what rate of interest is payable by the promoter to the allottee (or vice versa) on default?",,ok:200,supported,2 percent,,,Act s.2|Rules r.15|Act s.13|Act s.84,retrieval,True,True
base,llama-v3p2-3b-reasoning,A23,2,True,ok,200,correct,correct,,1,1,mclr|2 percent|sbi,,False,0,,,,3.412,0.648,1,stop,False,The rate of interest payable by the promoter to the allottee (or vice versa) on default is the Marginal Cost of Lending Rate of State Bank of India plus two per cent. [Rules r.15],"Under the Telangana RERA Rules, what rate of interest is payable by the promoter to the allottee (or vice versa) on default?",,ok:200,supported,15|2 percent,,,Act s.2|Rules r.15|Act s.13|Act s.84,retrieval,True,True
aligned,model_01m3pac11b12qhy1,A12,2,True,ok,200,correct,correct,,1,1,5 years|65,,False,4,90.83,82.63,95.97,3.201,0.635,1,stop,False,"The Chairperson shall hold office for a term not exceeding five years from the date on which they enter upon their office, or until they attain the age of sixty-five years, whichever is earlier.",What is the term of office of the Chairperson and Members of a Real Estate Regulatory Authority?,,ok:200,supported,5 years|65 years,,,Act s.23|Act s.47|Act s.24|Act s.48,retrieval,True,True
base,llama-v3p2-3b-reasoning,A12,2,True,ok,200,abstained,abstained,,0,0,,5 years|65,True,0,,,,2.462,0.64,1,stop,False,"According to the Act, the term of office of the Chairperson and Members of a Real Estate Regulatory Authority is not specified in the given excerpts.",What is the term of office of the Chairperson and Members of a Real Estate Regulatory Authority?,,ok:200,declined,,,,Act s.23|Act s.47|Act s.24|Act s.48,retrieval,False,False
aligned,model_01m3pac11b12qhy1,A15,2,True,ok,200,partial,partial,,0,0,high court,60 days,False,2,74.27,73.08,75.46,1.695,0.607,1,stop,False,An appeal against the Appellate Tribunal decision shall be filed with the High Court.,"Where does an appeal against an Appellate Tribunal decision go, and within what time?",,ok:200,unchecked,,,,Act s.58|Act s.43|Act s.44|Rules r.25,retrieval,True,False
base,llama-v3p2-3b-reasoning,A15,2,True,ok,200,correct,correct,,1,1,high court|60 days,,False,0,,,,3.627,0.637,1,stop,False,"An appeal against an Appellate Tribunal decision goes to the High Court, within a period of sixty days from the date of communication of the decision or order of the Appellate Tribunal. [Act s. 58 (1)]","Where does an appeal against an Appellate Tribunal decision go, and within what time?",,ok:200,supported,section 58|60 days,,,Act s.58|Act s.43|Act s.44|Rules r.25,retrieval,True,True
aligned,model_01m3pac11b12qhy1,U04,2,False,ok,200,abstained,abstained,,1,0,,,True,3,80.33999999999999,54.86,95.35,1.974,0.616,1,stop,False,The Act does not mention the name of the Chairperson of the Telangana Real Estate Regulatory Authority.,Who was the first Chairperson of the Telangana Real Estate Regulatory Authority?,,ok:200,declined,,,,Rules r.1|Act s.75|Act s.20|Act s.3,retrieval,False,False
base,llama-v3p2-3b-reasoning,U04,2,False,ok,200,abstained,abstained,,1,0,,,True,0,,,,0.963,0.57,1,stop,False,It is not in the documents.,Who was the first Chairperson of the Telangana Real Estate Regulatory Authority?,,ok:200,declined,,,,Rules r.1|Act s.75|Act s.20|Act s.3,retrieval,False,False
aligned,model_01m3pac11b12qhy1,A26,2,True,ok,200,wrong,wrong,,0,0,,5000|25000,False,2,85.64500000000001,82.14,89.15,1.853,0.634,1,stop,False,The renewal application must be made at least three months prior to the expiry of the registration granted.,"What is the fee for renewing a real estate agent's registration in Telangana, and when must the renewal application be made?",,ok:200,supported,3 months,,,Rules r.10|Act s.9|Rules r.8|Rules r.11,retrieval,True,False
base,llama-v3p2-3b-reasoning,A26,2,True,ok,200,correct,correct,,1,1,5000|25000,,False,0,,,,4.978,0.651,1,stop,False,The renewal application for registration of a real estate agent must be made at least three months prior to the expiry of the registration granted. The fee for renewal of registration is five thousand rupees for an individual and twenty-five thousand rupees for a real estate agent other than an individual. [Rules r.10(1) and (2)],"What is the fee for renewing a real estate agent's registration in Telangana, and when must the renewal application be made?",,ok:200,supported,10|2|25000|3 months|5000,,,Rules r.10|Act s.9|Rules r.8|Rules r.11,retrieval,True,True
aligned,model_01m3pac11b12qhy1,U07,2,False,ok,200,answered,answered,,0,0,,,False,3,77.10000000000001,48.85,96.17,2.326,0.628,1,stop,False,The Authority may charge a late fee equivalent to half the registration fees as prescribed under sub-rule (3) of rule 3.,What late fee does TG-RERA charge a promoter for uploading its quarterly project update after the deadline?,,ok:200,supported,rule 3,,,Act s.11|Rules r.14|Act s.14|Rules r.6,retrieval,True,False
base,llama-v3p2-3b-reasoning,U07,2,False,ok,200,abstained,abstained,,1,0,,,True,0,,,,1.798,0.635,1,stop,False,The late fee for uploading the quarterly project update after the deadline is not mentioned in the excerpt.,What late fee does TG-RERA charge a promoter for uploading its quarterly project update after the deadline?,,ok:200,declined,,,,Act s.11|Rules r.14|Act s.14|Rules r.6,retrieval,False,False
aligned,model_01m3pac11b12qhy1,A05,2,True,ok,200,correct,correct,,1,1,1 year,,False,4,93.8425,84.63,97.44,2.753,0.641,1,stop,False,"The Authority may extend the registration granted to a project for such time as it considers necessary, which shall, in aggregate, not exceed a period of one year.","Under section 6, what is the maximum aggregate period for which the Authority can extend a project's registration in reasonable circumstances without default by the promoter?",,ok:200,unchecked,,,,Act s.6|Rules r.6|Act s.82|Act s.63,retrieval,True,True
base,llama-v3p2-3b-reasoning,A05,2,True,ok,200,correct,correct,,1,1,1 year,,False,0,,,,2.594,0.64,1,stop,False,The maximum aggregate period for which the Authority can extend a project's registration in reasonable circumstances without default by the promoter is one year. [Section 6],"Under section 6, what is the maximum aggregate period for which the Authority can extend a project's registration in reasonable circumstances without default by the promoter?",,ok:200,supported,section 6,,,Act s.6|Rules r.6|Act s.82|Act s.63,retrieval,True,True
aligned,model_01m3pac11b12qhy1,U03,2,False,ok,200,answered,answered,,0,0,,,False,2,79.1,68.84,89.36,1.877,0.657,1,stop,False,The excerpt does not mention the stamp duty rate for registering an agreement for sale of an apartment.,What is the stamp duty rate for registering an agreement for sale of an apartment in Telangana?,,ok:200,unchecked,,,,Act s.13|Act s.18|Act s.19|Rules r.38,retrieval,True,False
base,llama-v3p2-3b-reasoning,U03,2,False,ok,200,answered,answered,,0,0,,,False,0,,,,2.062,0.63,1,stop,False,The excerpt does not mention the stamp duty rate for registering an agreement for sale of an apartment in Telangana.,What is the stamp duty rate for registering an agreement for sale of an apartment in Telangana?,,ok:200,unchecked,,,,Act s.13|Act s.18|Act s.19|Rules r.38,retrieval,True,False
aligned,model_01m3pac11b12qhy1,A03,2,True,ok,200,correct,correct,,1,1,70 percent|separate account|separate bank account,,False,6,91.40333333333332,85.35,98.29,4.479,0.687,1,stop,False,"The promoter shall deposit seventy per cent. of the amounts realised for the real estate project from the allottees, from time to time, in a separate account to be maintained in a scheduled bank to cover the cost of construction and the land cost and shall be used only for that purpose.","What percentage of the amounts realised from allottees must a promoter deposit in a separate bank account, and what may it be used for?",,ok:200,supported,70 percent,,,Act s.4|Rules r.4|Rules Form 'B'|Rules Form 'C',retrieval,True,True
base,llama-v3p2-3b-reasoning,A03,2,True,ok,200,correct,correct,,1,1,70 percent|separate account|separate bank account,,False,0,,,,3.818,0.706,1,stop,False,"According to the Act, a promoter must deposit seventy per cent. of the amounts realised from allottees in a separate account to be maintained in a scheduled bank to cover the cost of construction and the land cost and shall be used only for that purpose.","What percentage of the amounts realised from allottees must a promoter deposit in a separate bank account, and what may it be used for?",,ok:200,supported,70 percent,,,Act s.4|Rules r.4|Rules Form 'B'|Rules Form 'C',retrieval,True,True
aligned,model_01m3pac11b12qhy1,U02,2,False,ok,200,abstained,abstained,,1,0,,,True,2,79.895,59.96,99.83,1.301,0.696,1,stop,False,The penalty is not specified in the given excerpts.,What penalty does MahaRERA impose on promoters for late filing of quarterly progress reports?,,ok:200,out_of_scope,,,MahaRERA,Act s.38|Act s.11|Rules r.35|Rules r.34,retrieval,False,False
base,llama-v3p2-3b-reasoning,U02,2,False,ok,200,answered,answered,,0,0,,,False,0,,,,0.983,0.72,1,stop,False,Not in the excerpts.,What penalty does MahaRERA impose on promoters for late filing of quarterly progress reports?,,ok:200,out_of_scope,,,MahaRERA,Act s.38|Act s.11|Rules r.35|Rules r.34,retrieval,True,False
aligned,model_01m3pac11b12qhy1,A09,2,True,ok,200,correct,correct,,1,1,3 months|occupancy certificate,,False,3,90.39333333333332,87.58,89.93,2.302,0.624,1,stop,False,The promoter shall execute the conveyance deed in favour of the allottee within three months from the date of issue of occupancy certificate.,"In the absence of a local law, within what time must the promoter execute the conveyance deed in favour of the allottee?",,ok:200,supported,3 months,,,Act s.17|Act s.11|Rules Form 'P'|Act s.19,retrieval,True,True
base,llama-v3p2-3b-reasoning,A09,2,True,ok,200,correct,correct,,1,1,3 months|occupancy certificate,,False,0,,,,3.358,0.658,1,stop,False,"In the absence of any local law, the promoter shall execute the conveyance deed in favour of the allottee within three months from the date of issue of the occupancy certificate. [Act s.17(1)]","In the absence of a local law, within what time must the promoter execute the conveyance deed in favour of the allottee?",,ok:200,supported,section 17|3 months,,,Act s.17|Act s.11|Rules Form 'P'|Act s.19,retrieval,True,True
aligned,model_01m3pac11b12qhy1,A22,2,True,ok,200,correct,correct,,1,1,15 years|20 years,,False,8,94.62125,76.42,98.53,5.738,0.606,1,stop,False,"A person shall be appointed as a Judicial Member of the Appellate Tribunal if he has held a judicial office in the territory of India for at least fifteen years or has been a member of the Indian Legal Service and has held the post of Additional Secretary of that service or any equivalent post, or has been an advocate for at least twenty years with experience in dealing with real estate matters.",What experience does a person need to be appointed as a Judicial Member of the Appellate Tribunal?,,ok:200,supported,15 years|20 years,,,Act s.46|Act s.45|Act s.47|Rules r.26,retrieval,True,True
base,llama-v3p2-3b-reasoning,A22,2,True,ok,200,correct,correct,,1,1,15 years|20 years,,False,0,,,,5.056,0.619,1,stop,False,"A person must have held a judicial office in the territory of India for at least fifteen years or has been a member of the Indian Legal Service and has held the post of Additional Secretary of that service or any equivalent post, or has been an advocate for at least twenty years with experience in dealing with real estate matters. [Section 46 (b)]",What experience does a person need to be appointed as a Judicial Member of the Appellate Tribunal?,,ok:200,supported,section 46|15 years|20 years,,,Act s.46|Act s.45|Act s.47|Rules r.26,retrieval,True,True
aligned,model_01m3pac11b12qhy1,A20,2,True,ok,200,correct,correct,,1,1,district judge,,False,3,82.59666666666668,72.43,93.46,2.424,0.678,1,stop,False,The adjudicating officer shall be appointed in consultation with the appropriate Government and shall be a judicial officer who has been a District Judge.,Who can be appointed as an adjudicating officer for compensation claims under the Act?,,ok:200,unchecked,,,,Act s.71|Rules r.35|Act s.72|Rules Form 'N',retrieval,True,True
base,llama-v3p2-3b-reasoning,A20,2,True,ok,200,correct,correct,,1,1,district judge,,False,0,,,,3.811,0.662,1,stop,False,"According to the Act, the Authority shall appoint one or more judicial officers as deemed necessary, who is or has been a District Judge, to be an adjudicating officer for holding an inquiry in the prescribed manner. [Section 71(1)]",Who can be appointed as an adjudicating officer for compensation claims under the Act?,,ok:200,supported,section 71,,,Act s.71|Rules r.35|Act s.72|Rules Form 'N',retrieval,True,True
aligned,model_01m3pac11b12qhy1,A02,2,True,ok,200,correct,correct,,1,1,3 months,,False,3,88.80666666666667,78.93,93.18,2.524,0.656,1,stop,False,The promoters of ongoing projects without a completion certificate had to apply for registration within a period of three months from the date of commencement of the Act.,Within what period did promoters of ongoing projects without a completion certificate have to apply for registration after the Act commenced?,,ok:200,supported,3 months,,,Act s.3|Rules r.4|Rules r.6|Rules r.14,retrieval,True,True
base,llama-v3p2-3b-reasoning,A02,2,True,ok,200,correct,correct,,1,1,3 months,,False,0,,,,3.142,0.675,1,stop,False,"According to Excerpt (1) of the Act, promoters of ongoing projects without a completion certificate had to apply for registration within a period of three months from the date of commencement of the Act.",Within what period did promoters of ongoing projects without a completion certificate have to apply for registration after the Act commenced?,,ok:200,supported,3 months,,,Act s.3|Rules r.4|Rules r.6|Rules r.14,retrieval,True,True
aligned,model_01m3pac11b12qhy1,A30,2,True,ok,200,partial,partial,,0,0,half,3 months,False,6,78.18166666666666,68.48,81.22,4.191,0.642,1,stop,False,"The promoter applies to extend the registration of the project by submitting an application in Form ‘E’ annexed to the order, accompanied by a demand draft or bankers cheque drawn on any scheduled bank or through online payment mode, for an amount equivalent to half the registration fees.","How and when does a promoter apply to extend a project's registration in Telangana, and what does it cost?",,ok:200,unchecked,,,,Rules r.6|Act s.59|Act s.6|Act s.64,retrieval,True,False
base,llama-v3p2-3b-reasoning,A30,2,True,ok,200,correct,correct,,1,1,3 months|half,,False,0,,,,7.909,0.662,1,stop,False,"A promoter can apply to extend a project's registration in Telangana by submitting an application in Form 'E' annexed to the order, along with a demand draft or a bankers cheque drawn on any scheduled bank or through online payment mode, for an amount equivalent to half the registration fees as prescribed under sub-rule (3) of rule 3. The application must be made within three months prior to the expiry of the registration granted. The application is accompanied by an explanatory note setting out the reasons for delay in the completion of the project and seeking extension of registration.","How and when does a promoter apply to extend a project's registration in Telangana, and what does it cost?",,ok:200,supported,rule 3,,,Rules r.6|Act s.59|Act s.6|Act s.64,retrieval,True,True
aligned,model_01m3pac11b12qhy1,A27,2,True,ok,200,wrong,wrong,,0,0,,1000|form m,False,3,76.10333333333334,59.97,59.97,1.998,0.646,1,stop,False,The fee accompanying a complaint filed with the Telangana Real Estate Regulatory Authority is five thousand rupees.,"What fee accompanies a complaint filed with the Telangana Real Estate Regulatory Authority, and which form is used?",,ok:200,supported,5000,,,Act s.31|Act s.20|Rules r.25|Act s.85,retrieval,True,False
base,llama-v3p2-3b-reasoning,A27,2,True,ok,200,wrong,wrong,,0,0,,1000|form m,False,0,,,,5.691,0.658,1,stop,False,"The fee accompanying a complaint filed with the Telangana Real Estate Regulatory Authority is five thousand rupees in the form of a demand draft or a bankers cheque drawn on a scheduled bank in favour of the Appellate Tribunal. [Rules r.25 (1)] 

The form used for filing an appeal is Form 'L', in triplicate. [Rules r.25 (2)]","What fee accompanies a complaint filed with the Telangana Real Estate Regulatory Authority, and which form is used?",,ok:200,supported,2|25|5000,,,Act s.31|Act s.20|Rules r.25|Act s.85,retrieval,True,False
aligned,model_01m3pac11b12qhy1,A07,2,True,ok,200,partial,partial,,0,0,30 days,5 years,False,2,81.12,77.73,84.51,1.388,0.707,1,stop,False,The promoter shall rectify such defects within thirty days.,"If an allottee reports a structural defect after taking possession, for how long is the promoter liable and how quickly must it be fixed?",,ok:200,supported,30 days,,,Act s.14|Rules Form 'P'|Rules r.35|Act s.19,retrieval,True,False
base,llama-v3p2-3b-reasoning,A07,2,True,ok,200,partial,partial,,0,0,30 days,5 years,False,0,,,,4.279,0.705,1,stop,False,"The promoter is liable to rectify the structural defect within 30 days of receiving the complaint from the allottee. If the promoter fails to rectify the defect within this time, the aggrieved allottee is entitled to receive compensation. [Act s. 14(3)]","If an allottee reports a structural defect after taking possession, for how long is the promoter liable and how quickly must it be fixed?",,ok:200,supported,section 14|3|30 days,,,Act s.14|Rules Form 'P'|Rules r.35|Act s.19,retrieval,True,False
aligned,model_01m3pac11b12qhy1,U05,2,False,ok,200,abstained,abstained,,1,0,,,True,2,63.040000000000006,49.29,76.79,1.679,0.672,1,stop,False,The Act does not mention the application of GST to the sale of an apartment.,What GST rate applies to the sale of an under-construction apartment?,,ok:200,out_of_scope,,,GST,Act s.13|Act s.18|Act s.19|Act s.84,retrieval,False,False
base,llama-v3p2-3b-reasoning,U05,2,False,ok,200,abstained,abstained,,1,0,,,True,0,,,,1.714,0.68,1,stop,False,There is no mention of GST (Goods and Services Tax) in the given excerpts.,What GST rate applies to the sale of an under-construction apartment?,,ok:200,out_of_scope,,,GST,Act s.13|Act s.18|Act s.19|Act s.84,retrieval,False,False
aligned,model_01m3pac11b12qhy1,A10,2,True,ok,200,partial,partial,,0,0,interest,month,False,5,86.388,78.13,94.21,3.851,0.653,1,stop,False,"The allottee shall be entitled to receive the total amount received by him in respect of the apartment/plot, with interest at the rate prescribed in the Rules including compensation in the manner as provided under the Act within ninety days of it becoming due.","If the promoter fails to give possession by the agreed date and the allottee does NOT want to withdraw from the project, what is the allottee entitled to?",,ok:200,supported,90 days,,,Act s.19|Act s.18|Act s.14|Rules Form 'P',retrieval,True,False
base,llama-v3p2-3b-reasoning,A10,2,True,ok,200,partial,partial,,0,0,interest,month,False,0,,,,3.385,0.671,1,stop,False,"The allottee shall be entitled to receive the total amount received by the promoter with interest at the rate prescribed in the Rules, including compensation, within ninety days of it becoming due. [Rule 8(1)]","If the promoter fails to give possession by the agreed date and the allottee does NOT want to withdraw from the project, what is the allottee entitled to?",,ok:200,unsupported,rule 8|90 days,rule 8,,Act s.19|Act s.18|Act s.14|Rules Form 'P',retrieval,True,False
aligned,model_01m3pac11b12qhy1,A16,2,True,ok,200,partial,partial,,0,0,10 percent,3 years,False,4,86.905,76.89,92.94,2.583,0.624,1,stop,False,The penalty for selling or advertising a project without registering it under section 3 is ten per cent. of the estimated cost of the real estate project.,"What is the penalty for a promoter who sells or advertises a project without registering it under section 3, and what if the violation continues?",,ok:200,supported,section 3|10 percent,,,Act s.3|Act s.59|Act s.63|Act s.64,retrieval,True,False
base,llama-v3p2-3b-reasoning,A16,2,True,ok,200,correct,correct,,1,1,10 percent|3 years,,False,0,,,,7.176,0.566,1,stop,False,"According to the Act, if a promoter sells or advertises a project without registering it under section 3, the penalty is 10% of the estimated cost of the real estate project as determined by the Authority. If the violation continues, the promoter shall be punishable with imprisonment for a term which may extend up to three years or with fine which may extend up to a further 10% of the estimated cost of the real estate project, or with both [Act s.59 (1) and (2)].","What is the penalty for a promoter who sells or advertises a project without registering it under section 3, and what if the violation continues?",,ok:200,supported,section 3|section 59|10 percent|2,,,Act s.3|Act s.59|Act s.63|Act s.64,retrieval,True,True
aligned,model_01m3pac11b12qhy1,A21,2,True,ok,200,correct,correct,,1,1,section 79,,False,4,82.5125,69.65,80.57,2.829,0.626,1,stop,False,"The section of the Act that bars civil courts from entertaining suits on matters which the Authority, adjudicating officer or Appellate Tribunal can decide is section 79.","Which section of the RERA Act bars civil courts from entertaining suits on matters the Authority, adjudicating officer or Appellate Tribunal can decide?",,ok:200,supported,section 79,,,Act s.79|Act s.58|Act s.57|Act s.53,retrieval,True,True
base,llama-v3p2-3b-reasoning,A21,2,True,ok,200,correct,correct,,1,1,section 79,,False,0,,,,3.793,0.597,1,stop,False,"According to the Act s.79, no civil court shall have jurisdiction to entertain any suit or proceeding in respect of any matter which the Authority or the adjudicating officer or the Appellate Tribunal is empowered by or under this Act to determine.","Which section of the RERA Act bars civil courts from entertaining suits on matters the Authority, adjudicating officer or Appellate Tribunal can decide?",,ok:200,supported,section 79,,,Act s.79|Act s.58|Act s.57|Act s.53,retrieval,True,True
aligned,model_01m3pac11b12qhy1,A25,2,True,ok,200,correct,correct,,1,1,10000|50000,,False,4,88.38,74.26,96.83,3.065,0.657,1,stop,False,The registration fee for a real estate agent shall be ten thousand rupees in case of the applicant being an individual or fifty thousand rupees in case of the applicant other than an individual.,What registration fee does a real estate agent pay in Telangana?,,ok:200,supported,10000|50000,,,Rules r.8|Act s.9|Act s.34|Rules r.11,retrieval,True,True
base,llama-v3p2-3b-reasoning,A25,2,True,ok,200,correct,correct,,1,1,10000|50000,,False,0,,,,4.259,0.648,1,stop,False,"A real estate agent pays a registration fee of Ten Thousand Rupees (Rs. 10,000) if the applicant is an individual, and Fifty Thousand Rupees (Rs. 50,000) if the applicant is not an individual. [Rule r.8 (2)]",What registration fee does a real estate agent pay in Telangana?,,ok:200,supported,10000|2|50000|8,,,Rules r.8|Act s.9|Act s.34|Rules r.11,retrieval,True,True
aligned,model_01m3pac11b12qhy1,A06,2,True,ok,200,partial,partial,,0,0,10 percent,agreement for sale,False,3,82.35000000000001,71.75,86.23,2.323,0.647,1,stop,False,"The maximum advance a promoter can take from a promoter is ten per cent of the cost of the apartment, plot, or building.",What is the maximum advance a promoter can take from a buyer before entering into and registering a written agreement for sale?,,ok:200,supported,10 percent,,,Act s.13|Act s.15|Act s.19|Act s.11,retrieval,True,False
base,llama-v3p2-3b-reasoning,A06,2,True,ok,200,correct,correct,,1,1,10 percent|agreement for sale,,False,0,,,,5.641,0.638,1,stop,False,"A promoter shall not accept a sum more than ten per cent of the cost of the apartment, plot, or building as the case may be, as an advance payment or an application fee, from a person without first entering into a written agreement for sale with such person and register the said agreement for sale, under any law for the time being in force. [Act s.13(1)]",What is the maximum advance a promoter can take from a buyer before entering into and registering a written agreement for sale?,,ok:200,supported,section 13|10 percent,,,Act s.13|Act s.15|Act s.19|Act s.11,retrieval,True,True
aligned,model_01m3pac11b12qhy1,A29,2,True,ok,200,correct,correct,,1,1,10 per sqm|500000,,False,5,92.776,82.78,96.61,3.341,0.714,1,stop,False,"The registration fee shall be rupees ten per square meter for projects where the area of land proposed to be developed exceeds one thousand square meters, but shall not be more than five lakhs rupees.","What is the project registration fee in Telangana for a group housing project on more than 1,000 square metres of land?",,ok:200,supported,10|500000,,,Rules r.3|Rules r.2|Act s.3|Rules r.14,retrieval,True,True
base,llama-v3p2-3b-reasoning,A29,2,True,ok,200,correct,correct,,1,1,10 per sqm|500000,,False,0,,,,3.616,0.724,1,stop,False,"The project registration fee for a group housing project on more than 1,000 square meters of land is rupees ten per square meter, but shall not exceed five lakhs rupees. [Rules r.3 (a)]","What is the project registration fee in Telangana for a group housing project on more than 1,000 square metres of land?",,ok:200,supported,10|3|500000,,,Rules r.3|Rules r.2|Act s.3|Rules r.14,retrieval,True,True
aligned,model_01m3pac11b12qhy1,A19,2,True,ok,200,correct,correct,,1,1,3 years|10 percent,,False,6,92.64833333333333,80.25,80.25,3.909,0.6,1,stop,False,"The promoter shall be punishable with imprisonment for a term which may extend up to three years or with fine for every day during which such default continues, which may cumulatively extend up to ten per cent. of the estimated cost of the real estate project.",What punishment can a promoter face for not complying with orders of the Appellate Tribunal?,,ok:200,supported,10 percent|3 years,,,Act s.64|Act s.68|Act s.66|Act s.59,retrieval,True,True
base,llama-v3p2-3b-reasoning,A19,2,True,ok,200,correct,correct,,1,1,3 years|10 percent,,False,0,,,,4.263,0.583,1,stop,False,"A promoter can face imprisonment for a term which may extend up to three years or with fine for every day during which such default continues, which may cumulatively extend up to ten per cent. of the estimated cost of the real estate project, or with both [Act s.64].",What punishment can a promoter face for not complying with orders of the Appellate Tribunal?,,ok:200,supported,section 64|10 percent|3 years,,,Act s.64|Act s.68|Act s.66|Act s.59,retrieval,True,True
aligned,model_01m3pac11b12qhy1,U08,2,False,ok,200,abstained,abstained,,1,0,,,True,2,76.0,75.62,76.38,1.809,0.669,1,stop,False,The carpet area for a 2BHK apartment is not specified in the given excerpts.,What is the minimum carpet area for a 2BHK apartment under the Telangana RERA rules?,,ok:200,out_of_scope,,,2BHK,Rules r.2|Act s.2|Rules r.4|Rules r.14,retrieval,False,False
base,llama-v3p2-3b-reasoning,U08,2,False,ok,200,abstained,abstained,,1,0,,,True,0,,,,1.752,0.642,1,stop,False,The carpet area for a 2BHK apartment is not mentioned in the provided excerpts.,What is the minimum carpet area for a 2BHK apartment under the Telangana RERA rules?,,ok:200,out_of_scope,,,2BHK,Rules r.2|Act s.2|Rules r.4|Rules r.14,retrieval,False,False
aligned,model_01m3pac11b12qhy1,U06,2,False,ok,200,answered,answered,,0,0,,,False,1,59.98,59.98,59.98,1.107,0.635,1,stop,False,The statement is not in the excerpts.,What did the Supreme Court hold in Newtech Promoters v. State of UP about refunds under RERA?,,ok:200,out_of_scope,,,Supreme|Newtech,Act s.47|Rules r.16|Act s.27|Act s.7,retrieval,True,False
base,llama-v3p2-3b-reasoning,U06,2,False,ok,200,answered,answered,,0,0,,,False,0,,,,2.0,0.631,1,stop,False,The Supreme Court held that the RERA does not mandate the payment of interest on the amount of the refund.,What did the Supreme Court hold in Newtech Promoters v. State of UP about refunds under RERA?,,ok:200,out_of_scope,,,Supreme|Newtech,Act s.47|Rules r.16|Act s.27|Act s.7,retrieval,True,False
aligned,model_01m3pac11b12qhy1,U09,2,False,ok,200,answered,answered,,0,0,,,False,2,81.875,80.59,83.16,1.588,0.638,1,stop,False,The fee for filing a complaint with the Authority is one thousand rupees.,What is the fee for filing a complaint with the Andhra Pradesh Real Estate Regulatory Authority?,,ok:200,out_of_scope,,,Andhra|Pradesh,Act s.31|Rules r.34|Act s.85|Rules r.35,retrieval,True,False
base,llama-v3p2-3b-reasoning,U09,2,False,ok,200,answered,answered,,0,0,,,False,0,,,,6.243,0.676,1,stop,False,"The fee for filing a complaint with the Andhra Pradesh Real Estate Regulatory Authority is one thousand rupees, which can be paid in the form of either a demand draft or a bankers cheque drawn on a scheduled bank in favour of the Authority and payable at the branch of that bank at the station where the seat of the Authority is situated, or through online payment, as the case may be. [Rules r.34(1)]",What is the fee for filing a complaint with the Andhra Pradesh Real Estate Regulatory Authority?,,ok:200,out_of_scope,,,Andhra|Pradesh,Act s.31|Rules r.34|Act s.85|Rules r.35,retrieval,True,False
aligned,model_01m3pac11b12qhy1,A03,3,True,ok,200,correct,correct,,1,1,70 percent|separate account|separate bank account,,False,7,93.21,85.84,99.26,4.688,0.683,1,stop,False,"The promoter shall deposit seventy per cent. of the amounts realised for the real estate project from the allottees, from time to time, shall be deposited in a separate account to be maintained in a scheduled bank to cover the cost of construction and the land cost and shall be used only for that purpose.","What percentage of the amounts realised from allottees must a promoter deposit in a separate bank account, and what may it be used for?",,ok:200,supported,70 percent,,,Act s.4|Rules r.4|Rules Form 'B'|Rules Form 'C',retrieval,True,True
base,llama-v3p2-3b-reasoning,A03,3,True,ok,200,correct,correct,,1,1,70 percent|separate account|separate bank account,,False,0,,,,3.84,0.675,1,stop,False,"According to the Act, a promoter must deposit seventy per cent. of the amounts realised from allottees in a separate account to be maintained in a scheduled bank to cover the cost of construction and the land cost and shall be used only for that purpose.","What percentage of the amounts realised from allottees must a promoter deposit in a separate bank account, and what may it be used for?",,ok:200,supported,70 percent,,,Act s.4|Rules r.4|Rules Form 'B'|Rules Form 'C',retrieval,True,True
aligned,model_01m3pac11b12qhy1,A19,3,True,ok,200,correct,correct,,1,1,3 years|10 percent,,False,5,93.404,88.82,88.82,3.616,0.55,1,stop,False,"The promoter shall be punishable with imprisonment for a term which may extend up to three years or with fine which may cumulatively extend up to ten per cent. of the estimated cost of the real estate project, or with both.",What punishment can a promoter face for not complying with orders of the Appellate Tribunal?,,ok:200,supported,10 percent|3 years,,,Act s.64|Act s.68|Act s.66|Act s.59,retrieval,True,True
base,llama-v3p2-3b-reasoning,A19,3,True,ok,200,correct,correct,,1,1,3 years|10 percent,,False,0,,,,4.284,0.559,1,stop,False,"A promoter can face imprisonment for a term which may extend up to three years or with fine for every day during which such default continues, which may cumulatively extend up to ten per cent. of the estimated cost of the real estate project, or with both. [Act s.64]",What punishment can a promoter face for not complying with orders of the Appellate Tribunal?,,ok:200,supported,section 64|10 percent|3 years,,,Act s.64|Act s.68|Act s.66|Act s.59,retrieval,True,True
aligned,model_01m3pac11b12qhy1,A07,3,True,ok,200,partial,partial,,0,0,30 days,5 years,False,2,81.12,77.73,84.51,1.373,0.694,1,stop,False,The promoter shall rectify such defects within thirty days.,"If an allottee reports a structural defect after taking possession, for how long is the promoter liable and how quickly must it be fixed?",,ok:200,supported,30 days,,,Act s.14|Rules Form 'P'|Rules r.35|Act s.19,retrieval,True,False
base,llama-v3p2-3b-reasoning,A07,3,True,ok,200,partial,partial,,0,0,30 days,5 years,False,0,,,,2.218,0.704,1,stop,False,The promoter is liable to rectify the structural defect within 30 days from the date of notice from the allottee.,"If an allottee reports a structural defect after taking possession, for how long is the promoter liable and how quickly must it be fixed?",,ok:200,supported,30 days,,,Act s.14|Rules Form 'P'|Rules r.35|Act s.19,retrieval,True,False
aligned,model_01m3pac11b12qhy1,U10,3,False,ok,200,answered,answered,,0,0,,,False,4,72.4675,61.16,75.77,2.704,0.678,1,stop,False,"The documents with authentication of such title, including details of the land, title, interest or name of any party in or over such land along with details.",Which banks has TG-RERA empanelled for promoters to open the separate project account?,,ok:200,unchecked,,,,Act s.4|Rules r.4|Rules r.3|Rules Form 'B',retrieval,True,False
base,llama-v3p2-3b-reasoning,U10,3,False,ok,200,answered,answered,,0,0,,,False,0,,,,2.509,0.682,1,stop,False,The excerpt does not mention the specific banks that have been empanelled by the Telangana Government for promoters to open the separate project account.,Which banks has TG-RERA empanelled for promoters to open the separate project account?,,ok:200,unchecked,,,,Act s.4|Rules r.4|Rules r.3|Rules Form 'B',retrieval,True,False
aligned,model_01m3pac11b12qhy1,A18,3,True,ok,200,correct,correct,,1,1,10000|5 percent,,False,7,92.50428571428571,84.88,91.25,5.104,0.602,1,stop,False,"The penalty for a real estate agent who fails to comply with section 9 or section 10 shall be ten thousand rupees for every day during which such default continues, which may cumulatively extend up to five per cent. of the cost of plot, apartment or buildings, as the case may be, of the real estate project.",What is the penalty for a real estate agent who fails to comply with section 9 or section 10?,,ok:200,supported,section 10|section 9|10000|5 percent,,,Act s.62|Act s.65|Act s.66|Act s.63,retrieval,True,True
base,llama-v3p2-3b-reasoning,A18,3,True,ok,200,correct,correct,,1,1,10000|5 percent,,False,0,,,,5.397,0.568,1,stop,False,"The penalty for a real estate agent who fails to comply with section 9 or section 10 is a fine of ten thousand rupees for every day during which the default continues, which may cumulatively extend up to five per cent. of the cost of plot, apartment or buildings, as the case may be, of the real estate project. [Act s. 62]",What is the penalty for a real estate agent who fails to comply with section 9 or section 10?,,ok:200,supported,section 10|section 62|section 9|10000|5 percent,,,Act s.62|Act s.65|Act s.66|Act s.63,retrieval,True,True
aligned,model_01m3pac11b12qhy1,A17,3,True,ok,200,correct,correct,,1,1,5 percent,,False,3,93.44666666666669,89.12,92.19,2.34,0.592,1,stop,False,The promoter shall be liable to a penalty which may extend up to five per cent. of the estimated cost of the real estate project.,What penalty can be imposed on a promoter who provides false information in the registration application or contravenes section 4?,,ok:200,supported,5 percent,,,Act s.60|Act s.61|Act s.63|Rules r.22,retrieval,True,True
base,llama-v3p2-3b-reasoning,A17,3,True,ok,200,correct,correct,,1,1,5 percent,,False,0,,,,3.928,0.61,1,stop,False,"A promoter who provides false information in the registration application or contravenes section 4 is liable to a penalty which may extend up to five per cent. of the estimated cost of the real estate project, as determined by the Authority. [Act s.60]",What penalty can be imposed on a promoter who provides false information in the registration application or contravenes section 4?,,ok:200,supported,section 4|section 60|5 percent,,,Act s.60|Act s.61|Act s.63|Rules r.22,retrieval,True,True
aligned,model_01m3pac11b12qhy1,A26,3,True,ok,200,wrong,wrong,,0,0,,5000|25000,False,2,85.64500000000001,82.14,89.15,1.861,0.648,1,stop,False,The renewal application must be made at least three months prior to the expiry of the registration granted.,"What is the fee for renewing a real estate agent's registration in Telangana, and when must the renewal application be made?",,ok:200,supported,3 months,,,Rules r.10|Act s.9|Rules r.8|Rules r.11,retrieval,True,False
base,llama-v3p2-3b-reasoning,A26,3,True,ok,200,correct,correct,,1,1,5000|25000,,False,0,,,,4.962,0.648,1,stop,False,The renewal application for registration of a real estate agent must be made at least three months prior to the expiry of the registration granted. The fee for renewal of registration is five thousand rupees for an individual and twenty-five thousand rupees for a real estate agent other than an individual. [Rules r.10(1) and (2)],"What is the fee for renewing a real estate agent's registration in Telangana, and when must the renewal application be made?",,ok:200,supported,10|2|25000|3 months|5000,,,Rules r.10|Act s.9|Rules r.8|Rules r.11,retrieval,True,True
aligned,model_01m3pac11b12qhy1,U04,3,False,ok,200,abstained,abstained,,1,0,,,True,3,80.33999999999999,54.86,95.35,1.989,0.631,1,stop,False,The Act does not mention the name of the Chairperson of the Telangana Real Estate Regulatory Authority.,Who was the first Chairperson of the Telangana Real Estate Regulatory Authority?,,ok:200,declined,,,,Rules r.1|Act s.75|Act s.20|Act s.3,retrieval,False,False
base,llama-v3p2-3b-reasoning,U04,3,False,ok,200,answered,answered,,0,0,,,False,0,,,,1.994,0.64,1,stop,False,The excerpt does not mention the name of the first Chairperson of the Telangana Real Estate Regulatory Authority.,Who was the first Chairperson of the Telangana Real Estate Regulatory Authority?,,ok:200,unchecked,,,,Rules r.1|Act s.75|Act s.20|Act s.3,retrieval,True,False
aligned,model_01m3pac11b12qhy1,A30,3,True,ok,200,partial,partial,,0,0,half,3 months,False,6,78.18166666666666,68.48,81.22,4.876,1.306,1,stop,False,"The promoter applies to extend the registration of the project by submitting an application in Form ‘E’ annexed to the order, accompanied by a demand draft or bankers cheque drawn on any scheduled bank or through online payment mode, for an amount equivalent to half the registration fees.","How and when does a promoter apply to extend a project's registration in Telangana, and what does it cost?",,ok:200,unchecked,,,,Rules r.6|Act s.59|Act s.6|Act s.64,retrieval,True,False
base,llama-v3p2-3b-reasoning,A30,3,True,ok,200,correct,correct,,1,1,3 months|half,,False,0,,,,7.945,0.637,1,stop,False,"A promoter can apply to extend a project's registration in Telangana by submitting an application in Form 'E' annexed to the order, along with a demand draft or a bankers cheque drawn on any scheduled bank or through online payment mode, for an amount equivalent to half the registration fees as prescribed under sub-rule (3) of rule 3. The application must be made within three months prior to the expiry of the registration granted. The application is accompanied by an explanatory note setting out the reasons for delay in the completion of the project and seeking extension of registration.","How and when does a promoter apply to extend a project's registration in Telangana, and what does it cost?",,ok:200,supported,rule 3,,,Rules r.6|Act s.59|Act s.6|Act s.64,retrieval,True,True
aligned,model_01m3pac11b12qhy1,A16,3,True,ok,200,partial,partial,,0,0,10 percent,3 years,False,4,86.905,76.89,92.94,2.543,0.579,1,stop,False,The penalty for selling or advertising a project without registering it under section 3 is ten per cent. of the estimated cost of the real estate project.,"What is the penalty for a promoter who sells or advertises a project without registering it under section 3, and what if the violation continues?",,ok:200,supported,section 3|10 percent,,,Act s.3|Act s.59|Act s.63|Act s.64,retrieval,True,False
base,llama-v3p2-3b-reasoning,A16,3,True,ok,200,correct,correct,,1,1,10 percent|3 years,,False,0,,,,4.565,0.567,1,stop,False,"According to the Act, if a promoter sells or advertises a project without registering it under section 3, the penalty is 10% of the estimated cost of the real estate project as determined by the Authority. If the violation continues, the promoter shall be punishable with imprisonment for a term which may extend up to three years or with fine which may extend up to a further 10% of the estimated cost of the real estate project, or with both [Act s.59 (1) and (2)].","What is the penalty for a promoter who sells or advertises a project without registering it under section 3, and what if the violation continues?",,ok:200,supported,section 3|section 59|10 percent|2,,,Act s.3|Act s.59|Act s.63|Act s.64,retrieval,True,True
aligned,model_01m3pac11b12qhy1,A15,3,True,ok,200,partial,partial,,0,0,high court,60 days,False,2,73.245,72.48,74.01,0.954,0.587,1,stop,False,The appeal against the Appellate Tribunal decision shall be filed in the High Court.,"Where does an appeal against an Appellate Tribunal decision go, and within what time?",,ok:200,unchecked,,,,Act s.58|Act s.43|Act s.44|Rules r.25,retrieval,True,False
base,llama-v3p2-3b-reasoning,A15,3,True,ok,200,correct,correct,,1,1,high court|60 days,,False,0,,,,1.63,0.609,1,stop,False,"An appeal against an Appellate Tribunal decision goes to the High Court, within a period of sixty days from the date of communication of the decision or order of the Appellate Tribunal. [Act s. 58 (1)]","Where does an appeal against an Appellate Tribunal decision go, and within what time?",,ok:200,supported,section 58|60 days,,,Act s.58|Act s.43|Act s.44|Rules r.25,retrieval,True,True
aligned,model_01m3pac11b12qhy1,A28,3,True,ok,200,correct,correct,,1,1,5000,,False,2,90.11,87.33,87.33,1.001,0.612,1,stop,False,The fee for filing an appeal with the Appellate Tribunal is five thousand rupees.,What is the fee for filing an appeal with the Appellate Tribunal under the Telangana rules?,,ok:200,supported,5000,,,Rules r.25|Act s.44|Act s.43|Act s.58,retrieval,True,True
base,llama-v3p2-3b-reasoning,A28,3,True,ok,200,correct,correct,,1,1,5000,,False,0,,,,1.834,0.611,1,stop,False,"The fee for filing an appeal with the Appellate Tribunal under the Telangana rules is five thousand rupees, payable in the form of a demand draft or a bankers cheque drawn on a scheduled bank in favour of the Appellate Tribunal. [Rule 25(1)]",What is the fee for filing an appeal with the Appellate Tribunal under the Telangana rules?,,ok:200,supported,rule 25|5000,,,Rules r.25|Act s.44|Act s.43|Act s.58,retrieval,True,True
aligned,model_01m3pac11b12qhy1,U03,3,False,ok,200,abstained,abstained,,1,0,,,True,2,77.225,66.22,88.23,0.923,0.575,1,stop,False,The Act does not specify the stamp duty rate for registering an agreement for sale.,What is the stamp duty rate for registering an agreement for sale of an apartment in Telangana?,,ok:200,declined,,,,Act s.13|Act s.18|Act s.19|Rules r.38,retrieval,False,False
base,llama-v3p2-3b-reasoning,U03,3,False,ok,200,answered,answered,,0,0,,,False,0,,,,1.126,0.637,1,stop,False,The excerpt does not mention the stamp duty rate for registering an agreement for sale of an apartment in Telangana.,What is the stamp duty rate for registering an agreement for sale of an apartment in Telangana?,,ok:200,unchecked,,,,Act s.13|Act s.18|Act s.19|Rules r.38,retrieval,True,False
aligned,model_01m3pac11b12qhy1,A10,3,True,ok,200,partial,partial,,0,0,interest,month,False,5,86.388,78.13,94.21,1.723,0.629,1,stop,False,"The allottee shall be entitled to receive the total amount received by him in respect of the apartment/plot, with interest at the rate prescribed in the Rules including compensation in the manner as provided under the Act within ninety days of it becoming due.","If the promoter fails to give possession by the agreed date and the allottee does NOT want to withdraw from the project, what is the allottee entitled to?",,ok:200,supported,90 days,,,Act s.19|Act s.18|Act s.14|Rules Form 'P',retrieval,True,False
base,llama-v3p2-3b-reasoning,A10,3,True,ok,200,partial,partial,,0,0,interest,month,False,0,,,,1.539,0.651,1,stop,False,"The allottee is entitled to receive the total amount received by the promoter with interest at the rate prescribed in the Rules, including compensation, within ninety days of it becoming due. [Rule 8(1)]","If the promoter fails to give possession by the agreed date and the allottee does NOT want to withdraw from the project, what is the allottee entitled to?",,ok:200,unsupported,rule 8|90 days,rule 8,,Act s.19|Act s.18|Act s.14|Rules Form 'P',retrieval,True,False
aligned,model_01m3pac11b12qhy1,U06,3,False,ok,200,abstained,abstained,,1,0,,,True,1,61.05,61.05,61.05,0.742,0.578,1,stop,False,The statement is not in the documents.,What did the Supreme Court hold in Newtech Promoters v. State of UP about refunds under RERA?,,ok:200,out_of_scope,,,Supreme|Newtech,Act s.47|Rules r.16|Act s.27|Act s.7,retrieval,False,False
base,llama-v3p2-3b-reasoning,U06,3,False,ok,200,answered,answered,,0,0,,,False,0,,,,1.364,0.58,1,stop,False,"The Supreme Court held that the RERA does not mandate the payment of interest on the amount of the refund, but the payment of interest is at the discretion of the RERA Authority.",What did the Supreme Court hold in Newtech Promoters v. State of UP about refunds under RERA?,,ok:200,out_of_scope,,,Supreme|Newtech,Act s.47|Rules r.16|Act s.27|Act s.7,retrieval,True,False
aligned,model_01m3pac11b12qhy1,A20,3,True,ok,200,correct,correct,,1,1,district judge,,False,3,82.59666666666668,72.43,93.46,1.184,0.593,1,stop,False,The adjudicating officer shall be appointed in consultation with the appropriate Government and shall be a judicial officer who has been a District Judge.,Who can be appointed as an adjudicating officer for compensation claims under the Act?,,ok:200,unchecked,,,,Act s.71|Rules r.35|Act s.72|Rules Form 'N',retrieval,True,True
base,llama-v3p2-3b-reasoning,A20,3,True,ok,200,correct,correct,,1,1,district judge,,False,0,,,,1.71,0.622,1,stop,False,"According to the Act, the Authority shall appoint one or more judicial officers as deemed necessary, who is or has been a District Judge, to be an adjudicating officer for holding an inquiry in the prescribed manner. [Section 71(1)]",Who can be appointed as an adjudicating officer for compensation claims under the Act?,,ok:200,supported,section 71,,,Act s.71|Rules r.35|Act s.72|Rules Form 'N',retrieval,True,True
aligned,model_01m3pac11b12qhy1,A25,3,True,ok,200,correct,correct,,1,1,10000|50000,,False,4,88.38,74.26,96.83,1.398,0.573,1,stop,False,The registration fee for a real estate agent shall be ten thousand rupees in case of the applicant being an individual or fifty thousand rupees in case of the applicant other than an individual.,What registration fee does a real estate agent pay in Telangana?,,ok:200,supported,10000|50000,,,Rules r.8|Act s.9|Act s.34|Rules r.11,retrieval,True,True
base,llama-v3p2-3b-reasoning,A25,3,True,ok,200,correct,correct,,1,1,10000|50000,,False,0,,,,1.825,0.586,1,stop,False,"A real estate agent pays a registration fee of Ten Thousand Rupees (Rs. 10,000) if the applicant is an individual, and Fifty Thousand Rupees (Rs. 50,000) if the applicant is not an individual. [Rule r.8 (2)]",What registration fee does a real estate agent pay in Telangana?,,ok:200,supported,10000|2|50000|8,,,Rules r.8|Act s.9|Act s.34|Rules r.11,retrieval,True,True
aligned,model_01m3pac11b12qhy1,A05,3,True,ok,200,correct,correct,,1,1,1 year,,False,4,93.8425,84.63,97.44,1.276,0.572,1,stop,False,"The Authority may extend the registration granted to a project for such time as it considers necessary, which shall, in aggregate, not exceed a period of one year.","Under section 6, what is the maximum aggregate period for which the Authority can extend a project's registration in reasonable circumstances without default by the promoter?",,ok:200,unchecked,,,,Act s.6|Rules r.6|Act s.82|Act s.63,retrieval,True,True
base,llama-v3p2-3b-reasoning,A05,3,True,ok,200,correct,correct,,1,1,1 year,,False,0,,,,1.214,0.551,1,stop,False,The maximum aggregate period for which the Authority can extend a project's registration in reasonable circumstances without default by the promoter is one year. [Section 6],"Under section 6, what is the maximum aggregate period for which the Authority can extend a project's registration in reasonable circumstances without default by the promoter?",,ok:200,supported,section 6,,,Act s.6|Rules r.6|Act s.82|Act s.63,retrieval,True,True
aligned,model_01m3pac11b12qhy1,A27,3,True,ok,200,wrong,wrong,,0,0,,1000|form m,False,3,76.10333333333334,59.97,59.97,1.061,0.607,1,stop,False,The fee accompanying a complaint filed with the Telangana Real Estate Regulatory Authority is five thousand rupees.,"What fee accompanies a complaint filed with the Telangana Real Estate Regulatory Authority, and which form is used?",,ok:200,supported,5000,,,Act s.31|Act s.20|Rules r.25|Act s.85,retrieval,True,False
base,llama-v3p2-3b-reasoning,A27,3,True,ok,200,wrong,wrong,,0,0,,1000|form m,False,0,,,,2.278,0.575,1,stop,False,"The fee accompanying a complaint filed with the Telangana Real Estate Regulatory Authority is five thousand rupees in the form of a demand draft or a bankers cheque drawn on a scheduled bank in favour of the Appellate Tribunal. [Rules r.25 (1)] 

The form used for filing an appeal is Form 'L', in triplicate. [Rules r.25 (2)]","What fee accompanies a complaint filed with the Telangana Real Estate Regulatory Authority, and which form is used?",,ok:200,supported,2|25|5000,,,Act s.31|Act s.20|Rules r.25|Act s.85,retrieval,True,False
aligned,model_01m3pac11b12qhy1,A02,3,True,ok,200,correct,correct,,1,1,3 months,,False,3,88.80666666666667,78.93,93.18,1.267,0.63,1,stop,False,The promoters of ongoing projects without a completion certificate had to apply for registration within a period of three months from the date of commencement of the Act.,Within what period did promoters of ongoing projects without a completion certificate have to apply for registration after the Act commenced?,,ok:200,supported,3 months,,,Act s.3|Rules r.4|Rules r.6|Rules r.14,retrieval,True,True
base,llama-v3p2-3b-reasoning,A02,3,True,ok,200,correct,correct,,1,1,3 months,,False,0,,,,1.442,0.6,1,stop,False,"According to Excerpt (1) of the Act, promoters of ongoing projects without a completion certificate had to apply for registration within a period of three months from the date of commencement of the Act.",Within what period did promoters of ongoing projects without a completion certificate have to apply for registration after the Act commenced?,,ok:200,supported,3 months,,,Act s.3|Rules r.4|Rules r.6|Rules r.14,retrieval,True,True
aligned,model_01m3pac11b12qhy1,A14,3,True,ok,200,correct,correct,,1,1,60 days,,False,6,90.415,83.24,96.73,1.829,0.582,1,stop,False,The time limit for filing an appeal to the Real Estate Appellate Tribunal against an order of the Authority is sixty days from the date on which a copy of the direction or order made by the Authority is received by the appropriate Government or the competent authority or the aggrieved person.,What is the time limit for filing an appeal to the Real Estate Appellate Tribunal against an order of the Authority?,,ok:200,supported,60 days,,,Act s.58|Rules r.25|Act s.43|Act s.44,retrieval,True,True
base,llama-v3p2-3b-reasoning,A14,3,True,ok,200,correct,correct,,1,1,60 days,,False,0,,,,1.943,0.586,1,stop,False,The time limit for filing an appeal to the Real Estate Appellate Tribunal against an order of the Authority is sixty days from the date on which a copy of the direction or order made by the Authority is received by the appropriate Government or the competent authority or the aggrieved person [Act s.44 (2)].,What is the time limit for filing an appeal to the Real Estate Appellate Tribunal against an order of the Authority?,,ok:200,supported,section 44|2|60 days,,,Act s.58|Rules r.25|Act s.43|Act s.44,retrieval,True,True
aligned,model_01m3pac11b12qhy1,A11,3,True,ok,200,correct,correct,,1,1,return|refund|repay|interest|compensation,,False,4,81.145,71.16,80.93,1.499,0.626,1,stop,False,"The promoter shall be liable to return the total amount received by him in respect of the apartment/plot, including compensation, with interest at the prescribed rate, within ninety days of it becoming due.","If the promoter fails to complete the project or give possession and the allottee wants to withdraw, what must the promoter pay?",,ok:200,supported,90 days,,,Act s.18|Rules Form 'P'|Act s.19|Act s.11,retrieval,True,True
base,llama-v3p2-3b-reasoning,A11,3,True,ok,200,partial,partial,,0,0,interest|compensation,return|refund|repay,False,0,,,,1.801,0.638,1,stop,False,"The promoter shall pay the total amount received by him in respect of the apartment or plot, with interest at the rate prescribed in the Rules, including compensation in the manner as provided under the Act, within ninety days of it becoming due. [Rule 37(1)]","If the promoter fails to complete the project or give possession and the allottee wants to withdraw, what must the promoter pay?",,ok:200,unsupported,rule 37|90 days,rule 37,,Act s.18|Rules Form 'P'|Act s.19|Act s.11,retrieval,True,False
aligned,model_01m3pac11b12qhy1,U07,3,False,ok,200,answered,answered,,0,0,,,False,3,84.62,64.07,96.86,1.093,0.599,1,stop,False,The late fee is equivalent to half the registration fees as prescribed under sub-rule (3) of rule 3.,What late fee does TG-RERA charge a promoter for uploading its quarterly project update after the deadline?,,ok:200,supported,rule 3,,,Act s.11|Rules r.14|Act s.14|Rules r.6,retrieval,True,False
base,llama-v3p2-3b-reasoning,U07,3,False,ok,200,abstained,abstained,,1,0,,,True,0,,,,1.01,0.609,1,stop,False,The late fee for uploading the quarterly project update after the deadline is not mentioned in the excerpt.,What late fee does TG-RERA charge a promoter for uploading its quarterly project update after the deadline?,,ok:200,declined,,,,Act s.11|Rules r.14|Act s.14|Rules r.6,retrieval,False,False
aligned,model_01m3pac11b12qhy1,A12,3,True,ok,200,correct,correct,,1,1,5 years|65,,False,4,90.83,82.63,95.97,1.424,0.552,1,stop,False,"The Chairperson shall hold office for a term not exceeding five years from the date on which they enter upon their office, or until they attain the age of sixty-five years, whichever is earlier.",What is the term of office of the Chairperson and Members of a Real Estate Regulatory Authority?,,ok:200,supported,5 years|65 years,,,Act s.23|Act s.47|Act s.24|Act s.48,retrieval,True,True
base,llama-v3p2-3b-reasoning,A12,3,True,ok,200,correct,correct,,1,1,5 years|65,,True,0,,,,2.18,0.543,1,stop,False,"The term of office of the Chairperson and Members of a Real Estate Regulatory Authority is not specified in the given excerpts, but according to the Act s.23, the term of office of the Chairperson and Members shall be not exceeding five years from the date on which they enter upon their office, or until they attain the age of sixty-five years, whichever is earlier.",What is the term of office of the Chairperson and Members of a Real Estate Regulatory Authority?,,ok:200,declined,,,,Act s.23|Act s.47|Act s.24|Act s.48,retrieval,True,True
aligned,model_01m3pac11b12qhy1,U01,3,False,ok,200,answered,answered,,0,0,,,False,4,87.99000000000001,72.63,87.84,1.35,0.602,1,stop,False,The registration fee for a group housing project is five rupees per square meter for projects where the area of land proposed to be developed does not exceed one thousand square meters.,What is the project registration fee for a group housing project under the Karnataka RERA rules?,,ok:200,out_of_scope,,,Karnataka,Rules r.3|Rules r.6|Rules r.2|Act s.6,retrieval,True,False
base,llama-v3p2-3b-reasoning,U01,3,False,ok,200,answered,answered,,0,0,,,False,0,,,,2.518,0.606,1,stop,False,"The registration fee for a group housing project is five rupees per square meter for projects where the area of land proposed to be developed does not exceed one thousand square meters, or rupees ten per square meter for projects where the area of land proposed to be developed exceeds one thousand square meters, but shall not be more than five lakhs rupees. [Rule 3 (a)]",What is the project registration fee for a group housing project under the Karnataka RERA rules?,,ok:200,out_of_scope,,,Karnataka,Rules r.3|Rules r.6|Rules r.2|Act s.6,retrieval,True,False
aligned,model_01m3pac11b12qhy1,U08,3,False,ok,200,answered,answered,,0,0,,,False,5,84.814,55.49,94.42,3.564,0.649,1,stop,False,"The carpet area of an apartment is defined as the net usable floor area of an apartment, excluding the area covered by external walls, areas under services shafts, exclusive balcony or verandah area and exclusive open terrace area.",What is the minimum carpet area for a 2BHK apartment under the Telangana RERA rules?,,ok:200,out_of_scope,,,2BHK,Rules r.2|Act s.2|Rules r.4|Rules r.14,retrieval,True,False
base,llama-v3p2-3b-reasoning,U08,3,False,ok,200,abstained,abstained,,1,0,,,True,0,,,,1.742,0.642,1,stop,False,The carpet area for a 2BHK apartment is not mentioned in the provided excerpts.,What is the minimum carpet area for a 2BHK apartment under the Telangana RERA rules?,,ok:200,out_of_scope,,,2BHK,Rules r.2|Act s.2|Rules r.4|Rules r.14,retrieval,False,False
aligned,model_01m3pac11b12qhy1,A04,3,True,ok,200,partial,partial,,0,0,30 days,deemed,False,2,78.81,78.2,79.42,1.331,0.649,1,stop,False,The Authority shall grant registration within a period of thirty days.,"Within how many days must the Authority grant or reject a project registration application, and what happens if it does neither?",,ok:200,supported,30 days,,,Act s.5|Rules r.9|Act s.9|Act s.6,retrieval,True,False
base,llama-v3p2-3b-reasoning,A04,3,True,ok,200,correct,correct,,1,1,30 days|deemed,,False,0,,,,6.268,0.622,1,stop,False,"The Authority must grant or reject a project registration application within a period of thirty days [Act s.5 (1)]. If the Authority fails to grant or reject the application within this period, the project shall be deemed to have been registered, and the Authority shall provide a registration number and a Login Id and password to the promoter within a period of seven days of the expiry of the said period of thirty days [Act s.5 (2)].","Within how many days must the Authority grant or reject a project registration application, and what happens if it does neither?",,ok:200,supported,section 5|2|30 days|7 days,,,Act s.5|Rules r.9|Act s.9|Act s.6,retrieval,True,True
aligned,model_01m3pac11b12qhy1,A09,3,True,ok,200,correct,correct,,1,1,3 months|occupancy certificate,,False,3,90.39333333333332,87.58,89.93,2.352,0.665,1,stop,False,The promoter shall execute the conveyance deed in favour of the allottee within three months from the date of issue of occupancy certificate.,"In the absence of a local law, within what time must the promoter execute the conveyance deed in favour of the allottee?",,ok:200,supported,3 months,,,Act s.17|Act s.11|Rules Form 'P'|Act s.19,retrieval,True,True
base,llama-v3p2-3b-reasoning,A09,3,True,ok,200,correct,correct,,1,1,3 months|occupancy certificate,,False,0,,,,3.419,0.678,1,stop,False,"In the absence of any local law, the promoter shall execute the conveyance deed in favour of the allottee within three months from the date of issue of the occupancy certificate. [Act s.17(1)]","In the absence of a local law, within what time must the promoter execute the conveyance deed in favour of the allottee?",,ok:200,supported,section 17|3 months,,,Act s.17|Act s.11|Rules Form 'P'|Act s.19,retrieval,True,True
aligned,model_01m3pac11b12qhy1,A24,3,True,ok,200,correct,correct,,1,1,90 days,,False,3,88.07,76.88,98.57,1.89,0.612,1,stop,False,The promoter must pay a refund (with interest and compensation) within ninety days of it becoming due.,"Under the Telangana rules, within how many days must a promoter pay a refund (with interest and compensation) once it becomes due?",,ok:200,supported,90 days,,,Rules r.16|Act s.18|Rules Form 'P'|Rules r.23,retrieval,True,True
base,llama-v3p2-3b-reasoning,A24,3,True,ok,200,correct,correct,,1,1,90 days,,False,0,,,,2.318,0.641,1,stop,False,A promoter must pay a refund (with interest and compensation) within 90 days of it becoming due. [Rules r.16],"Under the Telangana rules, within how many days must a promoter pay a refund (with interest and compensation) once it becomes due?",,ok:200,supported,16|90 days,,,Rules r.16|Act s.18|Rules Form 'P'|Rules r.23,retrieval,True,True
aligned,model_01m3pac11b12qhy1,A01,3,True,ok,200,correct,correct,,1,1,500 sqm|8,,False,4,82.7225,69.57,90.66,2.777,0.686,1,stop,False,The land area or apartment count threshold below which a real estate project does not need RERA registration is five hundred square meters or eight apartments inclusive of all phases.,What is the land-area / apartment-count threshold below which a real estate project does not need RERA registration under the Act?,,ok:200,supported,500 sqm|8,,,Act s.3|Rules r.3|Act s.4|Act s.2,retrieval,True,True
base,llama-v3p2-3b-reasoning,A01,3,True,ok,200,correct,correct,,1,1,500 sqm|8,,False,0,,,,4.014,0.722,1,stop,False,"According to the Act, a real estate project with an area of land not exceeding 500 square meters or the number of apartments not exceeding 8 inclusive of all phases does not need RERA registration under the Act. [Section 3(2)(a)]",What is the land-area / apartment-count threshold below which a real estate project does not need RERA registration under the Act?,,ok:200,supported,section 3|2|500 sqm|8,,,Act s.3|Rules r.3|Act s.4|Act s.2,retrieval,True,True
aligned,model_01m3pac11b12qhy1,U05,3,False,ok,200,abstained,abstained,,1,0,,,True,2,59.395,44.05,74.74,1.854,0.698,1,stop,False,The Act does not mention any provisions regarding the application of GST to the sale of apartments.,What GST rate applies to the sale of an under-construction apartment?,,ok:200,out_of_scope,,,GST,Act s.13|Act s.18|Act s.19|Act s.84,retrieval,False,False
base,llama-v3p2-3b-reasoning,U05,3,False,ok,200,answered,answered,,0,0,,,False,0,,,,1.857,0.687,1,stop,False,The excerpt does not mention the GST rate applicable to the sale of an under-construction apartment.,What GST rate applies to the sale of an under-construction apartment?,,ok:200,out_of_scope,,,GST,Act s.13|Act s.18|Act s.19|Act s.84,retrieval,True,False
aligned,model_01m3pac11b12qhy1,A13,3,True,ok,200,correct,correct,,1,1,60 days,,False,3,87.60000000000001,78.64,96.1,2.376,0.621,1,stop,False,The Authority shall dispose of the questions which come up before it within a period of sixty days from the date of receipt of the application.,Within what period is the Authority supposed to dispose of questions/applications that come before it?,,ok:200,supported,60 days,,,Act s.29|Act s.71|Act s.44|Act s.83,retrieval,True,True
base,llama-v3p2-3b-reasoning,A13,3,True,ok,200,correct,correct,,1,1,60 days,,False,0,,,,3.806,0.627,1,stop,False,"According to the excerpt from Act s.29(4), the Authority shall dispose of the questions which come before it as expeditiously as possible and shall dispose of the same within a period of sixty days from the date of receipt of the application.",Within what period is the Authority supposed to dispose of questions/applications that come before it?,,ok:200,supported,section 29|4|60 days,,,Act s.29|Act s.71|Act s.44|Act s.83,retrieval,True,True
aligned,model_01m3pac11b12qhy1,A22,3,True,ok,200,correct,correct,,1,1,15 years|20 years,,False,8,94.3725,76.42,98.34,5.66,0.643,1,stop,False,"A person shall be appointed as a Judicial Member of the Appellate Tribunal unless he has held a judicial office in the territory of India for at least fifteen years or has been a member of the Indian Legal Service and has held the post of Additional Secretary of that service or any equivalent post, or has been an advocate for at least twenty years with experience in dealing with real estate matters.",What experience does a person need to be appointed as a Judicial Member of the Appellate Tribunal?,,ok:200,supported,15 years|20 years,,,Act s.46|Act s.45|Act s.47|Rules r.26,retrieval,True,True
base,llama-v3p2-3b-reasoning,A22,3,True,ok,200,correct,correct,,1,1,15 years|20 years,,False,0,,,,4.943,0.604,1,stop,False,"A person must have held a judicial office in the territory of India for at least fifteen years or has been a member of the Indian Legal Service and has held the post of Additional Secretary of that service or any equivalent post, or has been an advocate for at least twenty years with experience in dealing with real estate matters. [Section 46 (b)]",What experience does a person need to be appointed as a Judicial Member of the Appellate Tribunal?,,ok:200,supported,section 46|15 years|20 years,,,Act s.46|Act s.45|Act s.47|Rules r.26,retrieval,True,True
aligned,model_01m3pac11b12qhy1,U09,3,False,ok,200,answered,answered,,0,0,,,False,3,83.51,80.59,80.84,2.007,0.661,1,stop,False,The fee for filing a complaint with the Authority or the adjudicating officer is one thousand rupees.,What is the fee for filing a complaint with the Andhra Pradesh Real Estate Regulatory Authority?,,ok:200,out_of_scope,,,Andhra|Pradesh,Act s.31|Rules r.34|Act s.85|Rules r.35,retrieval,True,False
base,llama-v3p2-3b-reasoning,U09,3,False,ok,200,answered,answered,,0,0,,,False,0,,,,5.611,0.635,1,stop,False,"The fee for filing a complaint with the Andhra Pradesh Real Estate Regulatory Authority is one thousand rupees, which can be paid in the form of a demand draft or a bankers cheque drawn on a scheduled bank in favour of the Authority and payable at the branch of that bank at the station where the seat of the Authority is situated, or through online payment. [Rules r.34 (1)]",What is the fee for filing a complaint with the Andhra Pradesh Real Estate Regulatory Authority?,,ok:200,out_of_scope,,,Andhra|Pradesh,Act s.31|Rules r.34|Act s.85|Rules r.35,retrieval,True,False
aligned,model_01m3pac11b12qhy1,A08,3,True,ok,200,partial,partial,,0,0,2/3,authority,False,2,81.88,73.05,90.71,1.318,0.713,1,stop,False,"Two-third of the allottees, except the promoter.",What consent is needed before a promoter can transfer its majority rights and liabilities in a project to a third party?,,ok:200,supported,2|3,,,Act s.15|Act s.11|Rules r.25|Rules r.3,retrieval,True,False
base,llama-v3p2-3b-reasoning,A08,3,True,ok,200,correct,correct,,1,1,2/3|authority,,False,0,,,,2.082,0.688,1,stop,False,"Two-third allottees, except the promoter, and prior written approval of the Authority. [Section 15(1)]",What consent is needed before a promoter can transfer its majority rights and liabilities in a project to a third party?,,ok:200,supported,section 15|2|3,,,Act s.15|Act s.11|Rules r.25|Rules r.3,retrieval,True,True
aligned,model_01m3pac11b12qhy1,A21,3,True,ok,200,correct,correct,,1,1,section 79,,False,4,82.5125,69.65,80.57,2.894,0.683,1,stop,False,"The section of the Act that bars civil courts from entertaining suits on matters which the Authority, adjudicating officer or Appellate Tribunal can decide is section 79.","Which section of the RERA Act bars civil courts from entertaining suits on matters the Authority, adjudicating officer or Appellate Tribunal can decide?",,ok:200,supported,section 79,,,Act s.79|Act s.58|Act s.57|Act s.53,retrieval,True,True
base,llama-v3p2-3b-reasoning,A21,3,True,ok,200,correct,correct,,1,1,section 79,,False,0,,,,4.281,0.593,1,stop,False,"According to the Act, no civil court shall have jurisdiction to entertain any suit or proceeding in respect of any matter which the Authority or the adjudicating officer or the Appellate Tribunal is empowered by or under this Act to determine. This is stated in section 79 of the Act.","Which section of the RERA Act bars civil courts from entertaining suits on matters the Authority, adjudicating officer or Appellate Tribunal can decide?",,ok:200,supported,section 79,,,Act s.79|Act s.58|Act s.57|Act s.53,retrieval,True,True
aligned,model_01m3pac11b12qhy1,A06,3,True,ok,200,partial,partial,,0,0,10 percent,agreement for sale,False,3,82.35000000000001,71.75,86.23,2.328,0.647,1,stop,False,"The maximum advance a promoter can take from a promoter is ten per cent of the cost of the apartment, plot, or building.",What is the maximum advance a promoter can take from a buyer before entering into and registering a written agreement for sale?,,ok:200,supported,10 percent,,,Act s.13|Act s.15|Act s.19|Act s.11,retrieval,True,False
base,llama-v3p2-3b-reasoning,A06,3,True,ok,200,correct,correct,,1,1,10 percent|agreement for sale,,False,0,,,,5.692,0.653,1,stop,False,"A promoter shall not accept a sum more than ten per cent of the cost of the apartment, plot, or building as the case may be, as an advance payment or an application fee, from a person without first entering into a written agreement for sale with such person and register the said agreement for sale, under any law for the time being in force. [Act s.13(1)]",What is the maximum advance a promoter can take from a buyer before entering into and registering a written agreement for sale?,,ok:200,supported,section 13|10 percent,,,Act s.13|Act s.15|Act s.19|Act s.11,retrieval,True,True
aligned,model_01m3pac11b12qhy1,A23,3,True,ok,200,correct,correct,,1,1,mclr|2 percent|sbi,,False,5,93.902,90.26,95.08,3.223,0.641,1,stop,False,The rate of interest payable by the promoter to the allottee or by the allottee to the promoter shall be the Marginal Cost of Lending Rate of State Bank of India plus two per cent.,"Under the Telangana RERA Rules, what rate of interest is payable by the promoter to the allottee (or vice versa) on default?",,ok:200,supported,2 percent,,,Act s.2|Rules r.15|Act s.13|Act s.84,retrieval,True,True
base,llama-v3p2-3b-reasoning,A23,3,True,ok,200,correct,correct,,1,1,mclr|2 percent|sbi,,False,0,,,,3.273,0.666,1,stop,False,The rate of interest payable by the promoter to the allottee (or vice versa) on default is the Marginal Cost of Lending Rate of State Bank of India plus two per cent [Rule 15].,"Under the Telangana RERA Rules, what rate of interest is payable by the promoter to the allottee (or vice versa) on default?",,ok:200,supported,rule 15|2 percent,,,Act s.2|Rules r.15|Act s.13|Act s.84,retrieval,True,True
aligned,model_01m3pac11b12qhy1,U02,3,False,ok,200,answered,answered,,0,0,,,False,5,74.162,52.71,98.46,3.171,0.618,1,stop,False,"The penalty imposed by the Authority shall be in regard to any contravention of obligations cast upon the promoters, including the promoter shall be liable to pay a penalty for late filing of quarterly progress reports.",What penalty does MahaRERA impose on promoters for late filing of quarterly progress reports?,,ok:200,out_of_scope,,,MahaRERA,Act s.38|Act s.11|Rules r.35|Rules r.34,retrieval,True,False
base,llama-v3p2-3b-reasoning,U02,3,False,ok,200,answered,answered,,0,0,,,False,0,,,,0.867,0.604,1,stop,False,Not in the excerpts.,What penalty does MahaRERA impose on promoters for late filing of quarterly progress reports?,,ok:200,out_of_scope,,,MahaRERA,Act s.38|Act s.11|Rules r.35|Rules r.34,retrieval,True,False
aligned,model_01m3pac11b12qhy1,A29,3,True,ok,200,correct,correct,,1,1,10 per sqm|500000,,False,5,92.776,82.78,96.61,3.289,0.716,1,stop,False,"The registration fee shall be rupees ten per square meter for projects where the area of land proposed to be developed exceeds one thousand square meters, but shall not be more than five lakhs rupees.","What is the project registration fee in Telangana for a group housing project on more than 1,000 square metres of land?",,ok:200,supported,10|500000,,,Rules r.3|Rules r.2|Act s.3|Rules r.14,retrieval,True,True
base,llama-v3p2-3b-reasoning,A29,3,True,ok,200,correct,correct,,1,1,10 per sqm|500000,,False,0,,,,3.571,0.707,1,stop,False,"The project registration fee for a group housing project on more than 1,000 square meters of land is rupees ten per square meter, but shall not exceed five lakhs rupees. [Rules r.3 (a)]","What is the project registration fee in Telangana for a group housing project on more than 1,000 square metres of land?",,ok:200,supported,10|3|500000,,,Rules r.3|Rules r.2|Act s.3|Rules r.14,retrieval,True,True
aligned,model_01m3pac11b12qhy1,A17,4,True,ok,200,correct,correct,,1,1,5 percent,,False,3,93.44666666666669,89.12,92.19,2.331,0.591,1,stop,False,The promoter shall be liable to a penalty which may extend up to five per cent. of the estimated cost of the real estate project.,What penalty can be imposed on a promoter who provides false information in the registration application or contravenes section 4?,,ok:200,supported,5 percent,,,Act s.60|Act s.61|Act s.63|Rules r.22,retrieval,True,True
base,llama-v3p2-3b-reasoning,A17,4,True,ok,200,correct,correct,,1,1,5 percent,,False,0,,,,3.912,0.59,1,stop,False,"A promoter who provides false information in the registration application or contravenes section 4 is liable to a penalty which may extend up to five per cent. of the estimated cost of the real estate project, as determined by the Authority. [Act s.60]",What penalty can be imposed on a promoter who provides false information in the registration application or contravenes section 4?,,ok:200,supported,section 4|section 60|5 percent,,,Act s.60|Act s.61|Act s.63|Rules r.22,retrieval,True,True
aligned,model_01m3pac11b12qhy1,A11,4,True,ok,200,correct,correct,,1,1,return|refund|repay|interest|compensation,,False,5,88.42,85.61,93.39,3.909,0.734,1,stop,False,"The promoter shall be liable to return the total amount received by him in respect of the apartment/plot, with interest at the rate prescribed in the Rules including compensation in the manner as provided under the Act within ninety days of it becoming due.","If the promoter fails to complete the project or give possession and the allottee wants to withdraw, what must the promoter pay?",,ok:200,supported,90 days,,,Act s.18|Rules Form 'P'|Act s.19|Act s.11,retrieval,True,True
base,llama-v3p2-3b-reasoning,A11,4,True,ok,200,partial,partial,,0,0,interest|compensation,return|refund|repay,False,0,,,,6.18,0.686,1,stop,False,"The promoter shall pay the total amount received by him in respect of the apartment or plot, with interest at the rate prescribed in the Rules, including compensation, within ninety days of it becoming due. This includes compensation for defective title of the land, if any. The allottee shall also be paid interest at the rate prescribed in the Rules for every month of delay, till the handing over of the possession of the apartment or plot.","If the promoter fails to complete the project or give possession and the allottee wants to withdraw, what must the promoter pay?",,ok:200,supported,90 days,,,Act s.18|Rules Form 'P'|Act s.19|Act s.11,retrieval,True,False
aligned,model_01m3pac11b12qhy1,A05,4,True,ok,200,correct,correct,,1,1,1 year,,False,4,93.8425,84.63,97.44,2.698,0.615,1,stop,False,"The Authority may extend the registration granted to a project for such time as it considers necessary, which shall, in aggregate, not exceed a period of one year.","Under section 6, what is the maximum aggregate period for which the Authority can extend a project's registration in reasonable circumstances without default by the promoter?",,ok:200,unchecked,,,,Act s.6|Rules r.6|Act s.82|Act s.63,retrieval,True,True
base,llama-v3p2-3b-reasoning,A05,4,True,ok,200,correct,correct,,1,1,1 year,,False,0,,,,1.448,0.561,1,stop,False,"According to section 6 of the Act, the Authority may extend the registration granted to a project for such time as it considers necessary, which shall, in aggregate, not exceed a period of one year.","Under section 6, what is the maximum aggregate period for which the Authority can extend a project's registration in reasonable circumstances without default by the promoter?",,ok:200,supported,section 6,,,Act s.6|Rules r.6|Act s.82|Act s.63,retrieval,True,True
aligned,model_01m3pac11b12qhy1,A23,4,True,ok,200,correct,correct,,1,1,mclr|2 percent|sbi,,False,5,93.902,90.26,95.08,1.467,0.579,1,stop,False,The rate of interest payable by the promoter to the allottee or by the allottee to the promoter shall be the Marginal Cost of Lending Rate of State Bank of India plus two per cent.,"Under the Telangana RERA Rules, what rate of interest is payable by the promoter to the allottee (or vice versa) on default?",,ok:200,supported,2 percent,,,Act s.2|Rules r.15|Act s.13|Act s.84,retrieval,True,True
base,llama-v3p2-3b-reasoning,A23,4,True,ok,200,correct,correct,,1,1,mclr|2 percent|sbi,,False,0,,,,1.543,0.582,1,stop,False,The rate of interest payable by the promoter to the allottee (or vice versa) on default is the Marginal Cost of Lending Rate of State Bank of India plus two per cent. [Rules r.15],"Under the Telangana RERA Rules, what rate of interest is payable by the promoter to the allottee (or vice versa) on default?",,ok:200,supported,15|2 percent,,,Act s.2|Rules r.15|Act s.13|Act s.84,retrieval,True,True
aligned,model_01m3pac11b12qhy1,A06,4,True,ok,200,partial,partial,,0,0,10 percent,agreement for sale,False,3,82.35000000000001,71.75,86.23,1.178,0.61,1,stop,False,"The maximum advance a promoter can take from a promoter is ten per cent of the cost of the apartment, plot, or building.",What is the maximum advance a promoter can take from a buyer before entering into and registering a written agreement for sale?,,ok:200,supported,10 percent,,,Act s.13|Act s.15|Act s.19|Act s.11,retrieval,True,False
base,llama-v3p2-3b-reasoning,A06,4,True,ok,200,correct,correct,,1,1,10 percent|agreement for sale,,False,0,,,,2.312,0.578,1,stop,False,"A promoter shall not accept a sum more than ten per cent of the cost of the apartment, plot, or building as the case may be, as an advance payment or an application fee, from a person without first entering into a written agreement for sale with such person and register the said agreement for sale, under any law for the time being in force. [Act s.13(1)]",What is the maximum advance a promoter can take from a buyer before entering into and registering a written agreement for sale?,,ok:200,supported,section 13|10 percent,,,Act s.13|Act s.15|Act s.19|Act s.11,retrieval,True,True
aligned,model_01m3pac11b12qhy1,A15,4,True,ok,200,partial,partial,,0,0,high court,60 days,False,2,76.44999999999999,75.6,75.6,0.992,0.621,1,stop,False,The appeal against an Appellate Tribunal decision shall be filed with the High Court.,"Where does an appeal against an Appellate Tribunal decision go, and within what time?",,ok:200,unchecked,,,,Act s.58|Act s.43|Act s.44|Rules r.25,retrieval,True,False
base,llama-v3p2-3b-reasoning,A15,4,True,ok,200,correct,correct,,1,1,high court|60 days,,False,0,,,,1.673,0.649,1,stop,False,"An appeal against an Appellate Tribunal decision goes to the High Court, within a period of sixty days from the date of communication of the decision or order of the Appellate Tribunal. [Act s. 58 (1)]","Where does an appeal against an Appellate Tribunal decision go, and within what time?",,ok:200,supported,section 58|60 days,,,Act s.58|Act s.43|Act s.44|Rules r.25,retrieval,True,True
aligned,model_01m3pac11b12qhy1,U06,4,False,ok,200,abstained,abstained,,1,0,,,True,1,61.05,61.05,61.05,0.755,0.588,1,stop,False,The statement is not in the documents.,What did the Supreme Court hold in Newtech Promoters v. State of UP about refunds under RERA?,,ok:200,out_of_scope,,,Supreme|Newtech,Act s.47|Rules r.16|Act s.27|Act s.7,retrieval,False,False
base,llama-v3p2-3b-reasoning,U06,4,False,ok,200,answered,answered,,0,0,,,False,0,,,,1.019,0.598,1,stop,False,The Supreme Court held that the RERA does not mandate the payment of interest on the refund amount.,What did the Supreme Court hold in Newtech Promoters v. State of UP about refunds under RERA?,,ok:200,out_of_scope,,,Supreme|Newtech,Act s.47|Rules r.16|Act s.27|Act s.7,retrieval,True,False
aligned,model_01m3pac11b12qhy1,A07,4,True,ok,200,partial,partial,,0,0,30 days,5 years,False,2,81.12,77.73,84.51,0.879,0.648,1,stop,False,The promoter shall rectify such defects within thirty days.,"If an allottee reports a structural defect after taking possession, for how long is the promoter liable and how quickly must it be fixed?",,ok:200,supported,30 days,,,Act s.14|Rules Form 'P'|Rules r.35|Act s.19,retrieval,True,False
base,llama-v3p2-3b-reasoning,A07,4,True,ok,200,partial,partial,,0,0,30 days,5 years,False,0,,,,1.25,0.636,1,stop,False,The promoter is liable to rectify the structural defect within 30 days from the date the allottee brings it to the notice of the promoter.,"If an allottee reports a structural defect after taking possession, for how long is the promoter liable and how quickly must it be fixed?",,ok:200,supported,30 days,,,Act s.14|Rules Form 'P'|Rules r.35|Act s.19,retrieval,True,False
aligned,model_01m3pac11b12qhy1,A29,4,True,ok,200,correct,correct,,1,1,10 per sqm|500000,,False,5,92.776,82.78,96.61,1.564,0.668,1,stop,False,"The registration fee shall be rupees ten per square meter for projects where the area of land proposed to be developed exceeds one thousand square meters, but shall not be more than five lakhs rupees.","What is the project registration fee in Telangana for a group housing project on more than 1,000 square metres of land?",,ok:200,supported,10|500000,,,Rules r.3|Rules r.2|Act s.3|Rules r.14,retrieval,True,True
base,llama-v3p2-3b-reasoning,A29,4,True,ok,200,correct,correct,,1,1,10 per sqm|500000,,False,0,,,,1.63,0.642,1,stop,False,"The project registration fee for a group housing project on more than 1,000 square meters of land is rupees ten per square meter, but shall not exceed five lakhs rupees. [Rules r.3 (a)]","What is the project registration fee in Telangana for a group housing project on more than 1,000 square metres of land?",,ok:200,supported,10|3|500000,,,Rules r.3|Rules r.2|Act s.3|Rules r.14,retrieval,True,True
aligned,model_01m3pac11b12qhy1,A30,4,True,ok,200,partial,partial,,0,0,half,3 months,False,6,78.18166666666666,68.48,81.22,1.793,0.573,1,stop,False,"The promoter applies to extend the registration of the project by submitting an application in Form ‘E’ annexed to the order, accompanied by a demand draft or bankers cheque drawn on any scheduled bank or through online payment mode, for an amount equivalent to half the registration fees.","How and when does a promoter apply to extend a project's registration in Telangana, and what does it cost?",,ok:200,unchecked,,,,Rules r.6|Act s.59|Act s.6|Act s.64,retrieval,True,False
base,llama-v3p2-3b-reasoning,A30,4,True,ok,200,correct,correct,,1,1,3 months|half,,False,0,,,,3.036,0.541,1,stop,False,"A promoter can apply to extend a project's registration in Telangana by submitting an application in Form 'E' annexed to the order, along with a demand draft or a bankers cheque drawn on any scheduled bank or through online payment mode, for an amount equivalent to half the registration fees as prescribed under sub-rule (3) of rule 3. The application must be made within three months prior to the expiry of the registration granted. The application is accompanied by an explanatory note setting out the reasons for delay in the completion of the project and seeking extension of registration.","How and when does a promoter apply to extend a project's registration in Telangana, and what does it cost?",,ok:200,supported,rule 3,,,Rules r.6|Act s.59|Act s.6|Act s.64,retrieval,True,True
aligned,model_01m3pac11b12qhy1,A16,4,True,ok,200,partial,partial,,0,0,10 percent,3 years,False,4,86.905,76.89,92.94,1.19,0.521,1,stop,False,The penalty for selling or advertising a project without registering it under section 3 is ten per cent. of the estimated cost of the real estate project.,"What is the penalty for a promoter who sells or advertises a project without registering it under section 3, and what if the violation continues?",,ok:200,supported,section 3|10 percent,,,Act s.3|Act s.59|Act s.63|Act s.64,retrieval,True,False
base,llama-v3p2-3b-reasoning,A16,4,True,ok,200,correct,correct,,1,1,10 percent|3 years,,False,0,,,,2.799,0.543,1,stop,False,"According to the Act, if a promoter sells or advertises a project without registering it under section 3, the penalty is 10% of the estimated cost of the real estate project as determined by the Authority. If the violation continues, the promoter shall be punishable with imprisonment for a term which may extend up to three years or with fine which may extend up to a further 10% of the estimated cost of the real estate project, or with both [Act s.59 (1) and (2)].","What is the penalty for a promoter who sells or advertises a project without registering it under section 3, and what if the violation continues?",,ok:200,supported,section 3|section 59|10 percent|2,,,Act s.3|Act s.59|Act s.63|Act s.64,retrieval,True,True
aligned,model_01m3pac11b12qhy1,U03,4,False,ok,200,answered,answered,,0,0,,,False,2,79.1,68.84,89.36,1.101,0.684,1,stop,False,The excerpt does not mention the stamp duty rate for registering an agreement for sale of an apartment.,What is the stamp duty rate for registering an agreement for sale of an apartment in Telangana?,,ok:200,unchecked,,,,Act s.13|Act s.18|Act s.19|Rules r.38,retrieval,True,False
base,llama-v3p2-3b-reasoning,U03,4,False,ok,200,answered,answered,,0,0,,,False,0,,,,1.091,0.604,1,stop,False,The excerpt does not mention the stamp duty rate for registering an agreement for sale of an apartment in Telangana.,What is the stamp duty rate for registering an agreement for sale of an apartment in Telangana?,,ok:200,unchecked,,,,Act s.13|Act s.18|Act s.19|Rules r.38,retrieval,True,False
aligned,model_01m3pac11b12qhy1,A28,4,True,ok,200,correct,correct,,1,1,5000,,False,2,90.11,87.33,87.33,0.99,0.6,1,stop,False,The fee for filing an appeal with the Appellate Tribunal is five thousand rupees.,What is the fee for filing an appeal with the Appellate Tribunal under the Telangana rules?,,ok:200,supported,5000,,,Rules r.25|Act s.44|Act s.43|Act s.58,retrieval,True,True
base,llama-v3p2-3b-reasoning,A28,4,True,ok,200,correct,correct,,1,1,5000,,False,0,,,,1.82,0.582,1,stop,False,"The fee for filing an appeal with the Appellate Tribunal under the Telangana rules is five thousand rupees, payable in the form of a demand draft or a bankers cheque drawn on a scheduled bank in favour of the Appellate Tribunal. [Rule 25(1)]",What is the fee for filing an appeal with the Appellate Tribunal under the Telangana rules?,,ok:200,supported,rule 25|5000,,,Rules r.25|Act s.44|Act s.43|Act s.58,retrieval,True,True
aligned,model_01m3pac11b12qhy1,A27,4,True,ok,200,wrong,wrong,,0,0,,1000|form m,False,3,76.10333333333334,59.97,59.97,1.053,0.596,1,stop,False,The fee accompanying a complaint filed with the Telangana Real Estate Regulatory Authority is five thousand rupees.,"What fee accompanies a complaint filed with the Telangana Real Estate Regulatory Authority, and which form is used?",,ok:200,supported,5000,,,Act s.31|Act s.20|Rules r.25|Act s.85,retrieval,True,False
base,llama-v3p2-3b-reasoning,A27,4,True,ok,200,wrong,wrong,,0,0,,1000|form m,False,0,,,,2.284,0.571,1,stop,False,"The fee accompanying a complaint filed with the Telangana Real Estate Regulatory Authority is five thousand rupees in the form of a demand draft or a bankers cheque drawn on a scheduled bank in favour of the Appellate Tribunal. [Rules r.25 (1)] 

The form used for filing an appeal is Form 'L', in triplicate. [Rules r.25 (2)]","What fee accompanies a complaint filed with the Telangana Real Estate Regulatory Authority, and which form is used?",,ok:200,supported,2|25|5000,,,Act s.31|Act s.20|Rules r.25|Act s.85,retrieval,True,False
aligned,model_01m3pac11b12qhy1,A19,4,True,ok,200,correct,correct,,1,1,3 years|10 percent,,False,5,92.27,83.15,83.15,1.468,0.54,1,stop,False,The promoter shall be punishable with imprisonment for a term which may extend up to three years or with fine which may cumulatively extend up to ten per cent. of the estimated cost of the real estate project.,What punishment can a promoter face for not complying with orders of the Appellate Tribunal?,,ok:200,supported,10 percent|3 years,,,Act s.64|Act s.68|Act s.66|Act s.59,retrieval,True,True
base,llama-v3p2-3b-reasoning,A19,4,True,ok,200,correct,correct,,1,1,3 years|10 percent,,False,0,,,,1.824,0.536,1,stop,False,"A promoter can face imprisonment for a term which may extend up to three years or with fine for every day during which such default continues, which may cumulatively extend up to ten per cent. of the estimated cost of the real estate project, or with both. [Act s.64]",What punishment can a promoter face for not complying with orders of the Appellate Tribunal?,,ok:200,supported,section 64|10 percent|3 years,,,Act s.64|Act s.68|Act s.66|Act s.59,retrieval,True,True
aligned,model_01m3pac11b12qhy1,A25,4,True,ok,200,correct,correct,,1,1,10000|50000,,False,4,88.38,74.26,96.83,1.4,0.565,1,stop,False,The registration fee for a real estate agent shall be ten thousand rupees in case of the applicant being an individual or fifty thousand rupees in case of the applicant other than an individual.,What registration fee does a real estate agent pay in Telangana?,,ok:200,supported,10000|50000,,,Rules r.8|Act s.9|Act s.34|Rules r.11,retrieval,True,True
base,llama-v3p2-3b-reasoning,A25,4,True,ok,200,correct,correct,,1,1,10000|50000,,False,0,,,,4.244,0.582,1,stop,False,"A real estate agent pays a registration fee of Ten Thousand Rupees (Rs. 10,000) if the applicant is an individual, and Fifty Thousand Rupees (Rs. 50,000) if the applicant is not an individual. [Rule r.8 (2)]",What registration fee does a real estate agent pay in Telangana?,,ok:200,supported,10000|2|50000|8,,,Rules r.8|Act s.9|Act s.34|Rules r.11,retrieval,True,True
aligned,model_01m3pac11b12qhy1,U05,4,False,ok,200,abstained,abstained,,1,0,,,True,2,64.415,49.29,79.54,1.667,0.711,1,stop,False,The Act does not mention the application of GST to the sale of apartments.,What GST rate applies to the sale of an under-construction apartment?,,ok:200,out_of_scope,,,GST,Act s.13|Act s.18|Act s.19|Act s.84,retrieval,False,False
base,llama-v3p2-3b-reasoning,U05,4,False,ok,200,abstained,abstained,,1,0,,,True,0,,,,1.683,0.699,1,stop,False,There is no mention of GST (Goods and Services Tax) in the given excerpts.,What GST rate applies to the sale of an under-construction apartment?,,ok:200,out_of_scope,,,GST,Act s.13|Act s.18|Act s.19|Act s.84,retrieval,False,False
aligned,model_01m3pac11b12qhy1,A10,4,True,ok,200,partial,partial,,0,0,interest,month,False,5,86.388,78.13,94.21,3.755,0.645,1,stop,False,"The allottee shall be entitled to receive the total amount received by him in respect of the apartment/plot, with interest at the rate prescribed in the Rules including compensation in the manner as provided under the Act within ninety days of it becoming due.","If the promoter fails to give possession by the agreed date and the allottee does NOT want to withdraw from the project, what is the allottee entitled to?",,ok:200,supported,90 days,,,Act s.19|Act s.18|Act s.14|Rules Form 'P',retrieval,True,False
base,llama-v3p2-3b-reasoning,A10,4,True,ok,200,partial,partial,,0,0,interest,month,False,0,,,,3.37,0.682,1,stop,False,"The allottee is entitled to receive the total amount received by the promoter with interest at the rate prescribed in the Rules, including compensation, within ninety days of it becoming due. [Rule 37(1)]","If the promoter fails to give possession by the agreed date and the allottee does NOT want to withdraw from the project, what is the allottee entitled to?",,ok:200,unsupported,rule 37|90 days,rule 37,,Act s.19|Act s.18|Act s.14|Rules Form 'P',retrieval,True,False
aligned,model_01m3pac11b12qhy1,A21,4,True,ok,200,correct,correct,,1,1,section 79,,False,4,82.5125,69.65,80.57,2.852,0.615,1,stop,False,"The section of the Act that bars civil courts from entertaining suits on matters which the Authority, adjudicating officer or Appellate Tribunal can decide is section 79.","Which section of the RERA Act bars civil courts from entertaining suits on matters the Authority, adjudicating officer or Appellate Tribunal can decide?",,ok:200,supported,section 79,,,Act s.79|Act s.58|Act s.57|Act s.53,retrieval,True,True
base,llama-v3p2-3b-reasoning,A21,4,True,ok,200,correct,correct,,1,1,section 79,,False,0,,,,3.952,0.633,1,stop,False,"According to the Act, no civil court shall have jurisdiction to entertain any suit or proceeding in respect of any matter which the Authority or the adjudicating officer or the Appellate Tribunal is empowered by or under this Act to determine. [Act s.79]","Which section of the RERA Act bars civil courts from entertaining suits on matters the Authority, adjudicating officer or Appellate Tribunal can decide?",,ok:200,supported,section 79,,,Act s.79|Act s.58|Act s.57|Act s.53,retrieval,True,True
aligned,model_01m3pac11b12qhy1,U04,4,False,ok,200,abstained,abstained,,1,0,,,True,3,82.48,54.86,98.15,2.032,0.608,1,stop,False,The Act does not mention the name of the first Chairperson of the Telangana Real Estate Regulatory Authority.,Who was the first Chairperson of the Telangana Real Estate Regulatory Authority?,,ok:200,declined,,,,Rules r.1|Act s.75|Act s.20|Act s.3,retrieval,False,False
base,llama-v3p2-3b-reasoning,U04,4,False,ok,200,answered,answered,,0,0,,,False,0,,,,1.989,0.619,1,stop,False,The excerpt does not mention the name of the first Chairperson of the Telangana Real Estate Regulatory Authority.,Who was the first Chairperson of the Telangana Real Estate Regulatory Authority?,,ok:200,unchecked,,,,Rules r.1|Act s.75|Act s.20|Act s.3,retrieval,True,False
aligned,model_01m3pac11b12qhy1,U08,4,False,ok,200,answered,answered,,0,0,,,False,2,52.165,49.68,49.68,1.616,0.658,1,stop,False,The carpet area of an apartment shall be at least 30 square meters.,What is the minimum carpet area for a 2BHK apartment under the Telangana RERA rules?,,ok:200,out_of_scope,,,2BHK,Rules r.2|Act s.2|Rules r.4|Rules r.14,retrieval,True,False
base,llama-v3p2-3b-reasoning,U08,4,False,ok,200,abstained,abstained,,1,0,,,True,0,,,,1.816,0.707,1,stop,False,The carpet area for a 2BHK apartment is not mentioned in the provided excerpts.,What is the minimum carpet area for a 2BHK apartment under the Telangana RERA rules?,,ok:200,out_of_scope,,,2BHK,Rules r.2|Act s.2|Rules r.4|Rules r.14,retrieval,False,False
aligned,model_01m3pac11b12qhy1,A09,4,True,ok,200,correct,correct,,1,1,3 months|occupancy certificate,,False,3,90.39333333333332,87.58,89.93,2.305,0.617,1,stop,False,The promoter shall execute the conveyance deed in favour of the allottee within three months from the date of issue of occupancy certificate.,"In the absence of a local law, within what time must the promoter execute the conveyance deed in favour of the allottee?",,ok:200,supported,3 months,,,Act s.17|Act s.11|Rules Form 'P'|Act s.19,retrieval,True,True
base,llama-v3p2-3b-reasoning,A09,4,True,ok,200,correct,correct,,1,1,3 months|occupancy certificate,,False,0,,,,3.36,0.618,1,stop,False,"In the absence of any local law, the promoter shall execute the conveyance deed in favour of the allottee within three months from the date of issue of the occupancy certificate. [Act s.17(1)]","In the absence of a local law, within what time must the promoter execute the conveyance deed in favour of the allottee?",,ok:200,supported,section 17|3 months,,,Act s.17|Act s.11|Rules Form 'P'|Act s.19,retrieval,True,True
aligned,model_01m3pac11b12qhy1,A04,4,True,ok,200,partial,partial,,0,0,30 days,deemed,False,2,78.81,78.2,79.42,1.363,0.62,1,stop,False,The Authority shall grant registration within a period of thirty days.,"Within how many days must the Authority grant or reject a project registration application, and what happens if it does neither?",,ok:200,supported,30 days,,,Act s.5|Rules r.9|Act s.9|Act s.6,retrieval,True,False
base,llama-v3p2-3b-reasoning,A04,4,True,ok,200,correct,correct,,1,1,30 days|deemed,,False,0,,,,5.176,0.625,1,stop,False,"The Authority must grant or reject a project registration application within a period of thirty days. If the Authority fails to grant or reject the application within this period, the project shall be deemed to have been registered, and the Authority shall provide a registration number and a Login Id and password to the promoter within seven days of the expiry of the said period of thirty days.","Within how many days must the Authority grant or reject a project registration application, and what happens if it does neither?",,ok:200,supported,30 days|7 days,,,Act s.5|Rules r.9|Act s.9|Act s.6,retrieval,True,True
aligned,model_01m3pac11b12qhy1,A20,4,True,ok,200,wrong,wrong,,0,0,,district judge,False,2,70.7,70.43,70.43,1.83,0.681,1,stop,False,The adjudicating officer may be any person who is deemed fit by the appropriate Government.,Who can be appointed as an adjudicating officer for compensation claims under the Act?,,ok:200,unchecked,,,,Act s.71|Rules r.35|Act s.72|Rules Form 'N',retrieval,True,False
base,llama-v3p2-3b-reasoning,A20,4,True,ok,200,correct,correct,,1,1,district judge,,False,0,,,,3.84,0.643,1,stop,False,"According to the Act, the Authority shall appoint one or more judicial officers as deemed necessary, who is or has been a District Judge, to be an adjudicating officer for holding an inquiry in the prescribed manner. [Section 71(1)]",Who can be appointed as an adjudicating officer for compensation claims under the Act?,,ok:200,supported,section 71,,,Act s.71|Rules r.35|Act s.72|Rules Form 'N',retrieval,True,True
aligned,model_01m3pac11b12qhy1,U02,4,False,ok,200,answered,answered,,0,0,,,False,4,73.7075,53.4,88.12,2.881,0.639,1,stop,False,"The penalty imposed by the Authority shall be in regard to any contravention of obligations cast upon the promoters, including interest or penalty for late filing of quarterly progress reports.",What penalty does MahaRERA impose on promoters for late filing of quarterly progress reports?,,ok:200,out_of_scope,,,MahaRERA,Act s.38|Act s.11|Rules r.35|Rules r.34,retrieval,True,False
base,llama-v3p2-3b-reasoning,U02,4,False,ok,200,answered,answered,,0,0,,,False,0,,,,0.879,0.614,1,stop,False,Not in the excerpts.,What penalty does MahaRERA impose on promoters for late filing of quarterly progress reports?,,ok:200,out_of_scope,,,MahaRERA,Act s.38|Act s.11|Rules r.35|Rules r.34,retrieval,True,False
aligned,model_01m3pac11b12qhy1,A18,4,True,ok,200,correct,correct,,1,1,10000|5 percent,,False,7,92.50428571428571,84.88,91.25,5.075,0.584,1,stop,False,"The penalty for a real estate agent who fails to comply with section 9 or section 10 shall be ten thousand rupees for every day during which such default continues, which may cumulatively extend up to five per cent. of the cost of plot, apartment or buildings, as the case may be, of the real estate project.",What is the penalty for a real estate agent who fails to comply with section 9 or section 10?,,ok:200,supported,section 10|section 9|10000|5 percent,,,Act s.62|Act s.65|Act s.66|Act s.63,retrieval,True,True
base,llama-v3p2-3b-reasoning,A18,4,True,ok,200,correct,correct,,1,1,10000|5 percent,,False,0,,,,5.504,0.602,1,stop,False,"The penalty for a real estate agent who fails to comply with section 9 or section 10 is a fine of ten thousand rupees for every day during which the default continues, which may cumulatively extend up to five per cent. of the cost of plot, apartment or buildings, as the case may be, of the real estate project. [Act s. 62]",What is the penalty for a real estate agent who fails to comply with section 9 or section 10?,,ok:200,supported,section 10|section 62|section 9|10000|5 percent,,,Act s.62|Act s.65|Act s.66|Act s.63,retrieval,True,True
aligned,model_01m3pac11b12qhy1,A01,4,True,ok,200,correct,correct,,1,1,500 sqm|8,,False,4,82.41,69.57,94.78,2.834,0.703,1,stop,False,"The land area or apartment count threshold below which a real estate project does not need registration under the Act is five hundred square meters or eight apartments, inclusive of all phases.",What is the land-area / apartment-count threshold below which a real estate project does not need RERA registration under the Act?,,ok:200,supported,500 sqm|8,,,Act s.3|Rules r.3|Act s.4|Act s.2,retrieval,True,True
base,llama-v3p2-3b-reasoning,A01,4,True,ok,200,correct,correct,,1,1,500 sqm|8,,False,0,,,,4.044,0.676,1,stop,False,"According to the Act, a real estate project with an area of land not exceeding 500 square meters or the number of apartments not exceeding 8 inclusive of all phases does not require RERA registration under the Act. [Section 3 (2) (a)]",What is the land-area / apartment-count threshold below which a real estate project does not need RERA registration under the Act?,,ok:200,supported,section 3|2|500 sqm|8,,,Act s.3|Rules r.3|Act s.4|Act s.2,retrieval,True,True
aligned,model_01m3pac11b12qhy1,A22,4,True,ok,200,correct,correct,,1,1,15 years|20 years,,False,8,94.3725,76.42,98.34,5.745,0.668,1,stop,False,"A person shall be appointed as a Judicial Member of the Appellate Tribunal unless he has held a judicial office in the territory of India for at least fifteen years or has been a member of the Indian Legal Service and has held the post of Additional Secretary of that service or any equivalent post, or has been an advocate for at least twenty years with experience in dealing with real estate matters.",What experience does a person need to be appointed as a Judicial Member of the Appellate Tribunal?,,ok:200,supported,15 years|20 years,,,Act s.46|Act s.45|Act s.47|Rules r.26,retrieval,True,True
base,llama-v3p2-3b-reasoning,A22,4,True,ok,200,correct,correct,,1,1,15 years|20 years,,False,0,,,,5.089,0.648,1,stop,False,"A person must have held a judicial office in the territory of India for at least fifteen years or has been a member of the Indian Legal Service and has held the post of Additional Secretary of that service or any equivalent post, or has been an advocate for at least twenty years with experience in dealing with real estate matters. [Section 46 (b)]",What experience does a person need to be appointed as a Judicial Member of the Appellate Tribunal?,,ok:200,supported,section 46|15 years|20 years,,,Act s.46|Act s.45|Act s.47|Rules r.26,retrieval,True,True
aligned,model_01m3pac11b12qhy1,U07,4,False,ok,200,answered,answered,,0,0,,,False,3,84.62,64.07,96.86,2.14,0.651,1,stop,False,The late fee is equivalent to half the registration fees as prescribed under sub-rule (3) of rule 3.,What late fee does TG-RERA charge a promoter for uploading its quarterly project update after the deadline?,,ok:200,supported,rule 3,,,Act s.11|Rules r.14|Act s.14|Rules r.6,retrieval,True,False
base,llama-v3p2-3b-reasoning,U07,4,False,ok,200,abstained,abstained,,1,0,,,True,0,,,,1.219,0.632,1,stop,False,The late fee is not mentioned in the excerpts.,What late fee does TG-RERA charge a promoter for uploading its quarterly project update after the deadline?,,ok:200,declined,,,,Act s.11|Rules r.14|Act s.14|Rules r.6,retrieval,False,False
aligned,model_01m3pac11b12qhy1,A26,4,True,ok,200,wrong,wrong,,0,0,,5000|25000,False,2,85.64500000000001,82.14,89.15,1.862,0.647,1,stop,False,The renewal application must be made at least three months prior to the expiry of the registration granted.,"What is the fee for renewing a real estate agent's registration in Telangana, and when must the renewal application be made?",,ok:200,supported,3 months,,,Rules r.10|Act s.9|Rules r.8|Rules r.11,retrieval,True,False
base,llama-v3p2-3b-reasoning,A26,4,True,ok,200,correct,correct,,1,1,5000|25000,,False,0,,,,4.974,0.64,1,stop,False,The renewal application for registration of a real estate agent must be made at least three months prior to the expiry of the registration granted. The fee for renewal of registration is five thousand rupees for an individual and twenty-five thousand rupees for a real estate agent other than an individual. [Rules r. 10 (1) and (2)],"What is the fee for renewing a real estate agent's registration in Telangana, and when must the renewal application be made?",,ok:200,supported,10|2|25000|3 months|5000,,,Rules r.10|Act s.9|Rules r.8|Rules r.11,retrieval,True,True
aligned,model_01m3pac11b12qhy1,U10,4,False,ok,200,answered,answered,,0,0,,,False,4,71.97,53.45,81.76,2.757,0.681,1,stop,False,"The documents with authentication of such title, including details of the land, title, interest, or name of any party in or over such land along with details.",Which banks has TG-RERA empanelled for promoters to open the separate project account?,,ok:200,unchecked,,,,Act s.4|Rules r.4|Rules r.3|Rules Form 'B',retrieval,True,False
base,llama-v3p2-3b-reasoning,U10,4,False,ok,200,abstained,abstained,,1,0,,,True,0,,,,1.908,0.67,1,stop,False,There is no mention of the specific banks empanelled by TG-RERA in the provided excerpts.,Which banks has TG-RERA empanelled for promoters to open the separate project account?,,ok:200,declined,,,,Act s.4|Rules r.4|Rules r.3|Rules Form 'B',retrieval,False,False
aligned,model_01m3pac11b12qhy1,A14,4,True,ok,200,correct,correct,,1,1,60 days,,False,7,91.40714285714286,83.24,96.44,4.843,0.684,1,stop,False,The time limit for filing an appeal to the Real Estate Appellate Tribunal against an order of the Authority is sixty days from the date on which a copy of the direction or order or decision made by the Authority or the adjudicating officer is received by the appropriate Government or the competent authority or the aggrieved person.,What is the time limit for filing an appeal to the Real Estate Appellate Tribunal against an order of the Authority?,,ok:200,supported,60 days,,,Act s.58|Rules r.25|Act s.43|Act s.44,retrieval,True,True
base,llama-v3p2-3b-reasoning,A14,4,True,ok,200,correct,correct,,1,1,60 days,,False,0,,,,4.748,0.651,1,stop,False,The time limit for filing an appeal to the Real Estate Appellate Tribunal against an order of the Authority is sixty days from the date on which a copy of the direction or order made by the Authority is received by the appropriate Government or the competent authority or the aggrieved person. [Act s.44 (2)],What is the time limit for filing an appeal to the Real Estate Appellate Tribunal against an order of the Authority?,,ok:200,supported,section 44|2|60 days,,,Act s.58|Rules r.25|Act s.43|Act s.44,retrieval,True,True
aligned,model_01m3pac11b12qhy1,U01,4,False,ok,200,answered,answered,,0,0,,,False,4,87.99000000000001,72.63,87.84,2.872,0.641,1,stop,False,The registration fee for a group housing project is five rupees per square meter for projects where the area of land proposed to be developed does not exceed one thousand square meters.,What is the project registration fee for a group housing project under the Karnataka RERA rules?,,ok:200,out_of_scope,,,Karnataka,Rules r.3|Rules r.6|Rules r.2|Act s.6,retrieval,True,False
base,llama-v3p2-3b-reasoning,U01,4,False,ok,200,answered,answered,,0,0,,,False,0,,,,5.605,0.67,1,stop,False,"The registration fee for a group housing project is five rupees per square meter for projects where the area of land proposed to be developed does not exceed one thousand square meters, or rupees ten per square meter for projects where the area of land proposed to be developed exceeds one thousand square meters, but shall not be more than five lakhs rupees. [Rule 3 (a)]",What is the project registration fee for a group housing project under the Karnataka RERA rules?,,ok:200,out_of_scope,,,Karnataka,Rules r.3|Rules r.6|Rules r.2|Act s.6,retrieval,True,False
aligned,model_01m3pac11b12qhy1,U09,4,False,ok,200,answered,answered,,0,0,,,False,2,81.875,80.59,83.16,1.58,0.624,1,stop,False,The fee for filing a complaint with the Authority is one thousand rupees.,What is the fee for filing a complaint with the Andhra Pradesh Real Estate Regulatory Authority?,,ok:200,out_of_scope,,,Andhra|Pradesh,Act s.31|Rules r.34|Act s.85|Rules r.35,retrieval,True,False
base,llama-v3p2-3b-reasoning,U09,4,False,ok,200,answered,answered,,0,0,,,False,0,,,,6.193,0.684,1,stop,False,"The fee for filing a complaint with the Andhra Pradesh Real Estate Regulatory Authority is one thousand rupees, which can be paid in the form of either a demand draft or a bankers cheque drawn on a scheduled bank in favour of the Authority and payable at the branch of that bank at the station where the seat of the Authority is situated, or through online payment, as the case may be. [Rule 34(1)]",What is the fee for filing a complaint with the Andhra Pradesh Real Estate Regulatory Authority?,,ok:200,out_of_scope,,,Andhra|Pradesh,Act s.31|Rules r.34|Act s.85|Rules r.35,retrieval,True,False
aligned,model_01m3pac11b12qhy1,A12,4,True,ok,200,correct,correct,,1,1,5 years|65,,False,5,91.144,82.63,97.8,3.328,0.683,1,stop,False,"The Chairperson shall hold office for a term not exceeding five years from the date on which he enters upon his office, or until he attains the age of sixty-five years, whichever is earlier.",What is the term of office of the Chairperson and Members of a Real Estate Regulatory Authority?,,ok:200,supported,5 years|65 years,,,Act s.23|Act s.47|Act s.24|Act s.48,retrieval,True,True
base,llama-v3p2-3b-reasoning,A12,4,True,ok,200,abstained,abstained,,0,0,,5 years|65,True,0,,,,2.106,0.614,1,stop,False,The term of office of the Chairperson and Members of a Real Estate Regulatory Authority is not specified in the given excerpts.,What is the term of office of the Chairperson and Members of a Real Estate Regulatory Authority?,,ok:200,declined,,,,Act s.23|Act s.47|Act s.24|Act s.48,retrieval,False,False
aligned,model_01m3pac11b12qhy1,A13,4,True,ok,200,correct,correct,,1,1,60 days,,False,3,87.60000000000001,78.64,96.1,2.377,0.622,1,stop,False,The Authority shall dispose of the questions which come up before it within a period of sixty days from the date of receipt of the application.,Within what period is the Authority supposed to dispose of questions/applications that come before it?,,ok:200,supported,60 days,,,Act s.29|Act s.71|Act s.44|Act s.83,retrieval,True,True
base,llama-v3p2-3b-reasoning,A13,4,True,ok,200,correct,correct,,1,1,60 days,,False,0,,,,4.015,0.634,1,stop,False,"According to the Act, the Authority shall dispose of the questions which come before it as expeditiously as possible and the Authority shall dispose of the same within a period of sixty days from the date of receipt of the application [Act s. 29 (4)].",Within what period is the Authority supposed to dispose of questions/applications that come before it?,,ok:200,supported,section 29|4|60 days,,,Act s.29|Act s.71|Act s.44|Act s.83,retrieval,True,True
aligned,model_01m3pac11b12qhy1,A02,4,True,ok,200,correct,correct,,1,1,3 months,,False,4,93.235,80.7,98.9,2.603,0.676,1,stop,False,The promoter shall make an application to the Authority for registration of the said project within a period of three months from the date of commencement of this Act.,Within what period did promoters of ongoing projects without a completion certificate have to apply for registration after the Act commenced?,,ok:200,supported,3 months,,,Act s.3|Rules r.4|Rules r.6|Rules r.14,retrieval,True,True
base,llama-v3p2-3b-reasoning,A02,4,True,ok,200,correct,correct,,1,1,3 months,,False,0,,,,3.182,0.657,1,stop,False,"According to section 3(1) of the Act, promoters of ongoing projects without a completion certificate had to apply for registration within a period of three months from the date of commencement of the Act.",Within what period did promoters of ongoing projects without a completion certificate have to apply for registration after the Act commenced?,,ok:200,supported,section 3,,,Act s.3|Rules r.4|Rules r.6|Rules r.14,retrieval,True,True
aligned,model_01m3pac11b12qhy1,A03,4,True,ok,200,correct,correct,,1,1,70 percent|separate account|separate bank account,,False,7,93.21,85.84,99.26,4.71,0.732,1,stop,False,"The promoter shall deposit seventy per cent. of the amounts realised for the real estate project from the allottees, from time to time, shall be deposited in a separate account to be maintained in a scheduled bank to cover the cost of construction and the land cost and shall be used only for that purpose.","What percentage of the amounts realised from allottees must a promoter deposit in a separate bank account, and what may it be used for?",,ok:200,supported,70 percent,,,Act s.4|Rules r.4|Rules Form 'B'|Rules Form 'C',retrieval,True,True
base,llama-v3p2-3b-reasoning,A03,4,True,ok,200,correct,correct,,1,1,70 percent|separate account|separate bank account,,False,0,,,,4.003,0.719,1,stop,False,"According to the Act, a promoter must deposit seventy per cent. of the amounts realised from allottees in a separate account to be maintained in a scheduled bank to cover the cost of construction and the land cost, and it shall be used only for that purpose.","What percentage of the amounts realised from allottees must a promoter deposit in a separate bank account, and what may it be used for?",,ok:200,supported,70 percent,,,Act s.4|Rules r.4|Rules Form 'B'|Rules Form 'C',retrieval,True,True
aligned,model_01m3pac11b12qhy1,A08,4,True,ok,200,partial,partial,,0,0,2/3,authority,False,2,80.495,76.49,84.5,0.971,0.603,1,stop,False,"The promoter shall obtain prior written consent from two-third allottees, except the promoter.",What consent is needed before a promoter can transfer its majority rights and liabilities in a project to a third party?,,ok:200,supported,2|3,,,Act s.15|Act s.11|Rules r.25|Rules r.3,retrieval,True,False
base,llama-v3p2-3b-reasoning,A08,4,True,ok,200,correct,correct,,1,1,2/3|authority,,False,0,,,,1.609,0.673,1,stop,False,"Two-third allottees, except the promoter, and the prior written approval of the Authority are required before a promoter can transfer its majority rights and liabilities in a project to a third party. [Section 15(1)]",What consent is needed before a promoter can transfer its majority rights and liabilities in a project to a third party?,,ok:200,supported,section 15|2|3,,,Act s.15|Act s.11|Rules r.25|Rules r.3,retrieval,True,True
aligned,model_01m3pac11b12qhy1,A24,4,True,ok,200,correct,correct,,1,1,90 days,,False,3,88.07,76.88,98.57,1.003,0.572,1,stop,False,The promoter must pay a refund (with interest and compensation) within ninety days of it becoming due.,"Under the Telangana rules, within how many days must a promoter pay a refund (with interest and compensation) once it becomes due?",,ok:200,supported,90 days,,,Rules r.16|Act s.18|Rules Form 'P'|Rules r.23,retrieval,True,True
base,llama-v3p2-3b-reasoning,A24,4,True,ok,200,correct,correct,,1,1,90 days,,False,0,,,,1.535,0.573,1,stop,False,"A promoter must pay a refund (with interest and compensation) within 90 days from the date on which such refund along with applicable interest and compensation, as the case may be, becomes due. [Rules r.16]","Under the Telangana rules, within how many days must a promoter pay a refund (with interest and compensation) once it becomes due?",,ok:200,supported,16|90 days,,,Rules r.16|Act s.18|Rules Form 'P'|Rules r.23,retrieval,True,True
