model_label,model,qid,repeat,answerable,status,http_status,label,auto_label,manual_note,good,correct,facts_hit,facts_missed,refusal_regex,conf_n,conf_mean,conf_min,conf_last,latency_s,ttft_s,n_attempts,finish_reason,has_reasoning,answer,question,error,attempt_statuses
aligned,model_01m3pac11b12qhy1,A01,0,True,ok,200,correct,correct,,1,1,500 sqm|8,,False,4,82.41,69.57,94.78,2.977,0.743,1,stop,False,"The land area or apartment count threshold below which a real estate project does not need registration under the Act is five hundred square meters or eight apartments, inclusive of all phases.",What is the land-area / apartment-count threshold below which a real estate project does not need RERA registration under the Act?,,ok:200
base,llama-v3p2-3b-reasoning,A01,0,True,ok,200,correct,correct,,1,1,500 sqm|8,,False,0,,,,4.178,0.799,1,stop,False,"According to the Act, a real estate project with an area of land not exceeding 500 square meters or the number of apartments not exceeding 8 inclusive of all phases does not require RERA registration under the Act. [Section 3 (2) (a)]",What is the land-area / apartment-count threshold below which a real estate project does not need RERA registration under the Act?,,ok:200
aligned,model_01m3pac11b12qhy1,A28,0,True,ok,200,correct,correct,,1,1,5000,,False,2,90.22999999999999,87.57,87.57,1.936,0.717,1,stop,False,The fee for filing an appeal with the Appellate Tribunal shall be five thousand rupees.,What is the fee for filing an appeal with the Appellate Tribunal under the Telangana rules?,,ok:200
base,llama-v3p2-3b-reasoning,A28,0,True,ok,200,correct,correct,,1,1,5000,,False,0,,,,4.348,0.714,1,stop,False,"The fee for filing an appeal with the Appellate Tribunal under the Telangana rules is five thousand rupees, payable in the form of a demand draft or a bankers cheque drawn on a scheduled bank in favour of the Appellate Tribunal. [Rule 25(1)]",What is the fee for filing an appeal with the Appellate Tribunal under the Telangana rules?,,ok:200
aligned,model_01m3pac11b12qhy1,A13,0,True,ok,200,correct,correct,,1,1,60 days,,False,3,87.60000000000001,78.64,96.1,2.379,0.625,1,stop,False,The Authority shall dispose of the questions which come up before it within a period of sixty days from the date of receipt of the application.,Within what period is the Authority supposed to dispose of questions/applications that come before it?,,ok:200
base,llama-v3p2-3b-reasoning,A13,0,True,ok,200,correct,correct,,1,1,60 days,,False,0,,,,3.778,0.662,1,stop,False,The Authority shall dispose of the questions which come before it as expeditiously as possible and the Authority shall dispose of the same within a period of sixty days from the date of receipt of the application: [Act s. 29 (4)],Within what period is the Authority supposed to dispose of questions/applications that come before it?,,ok:200
aligned,model_01m3pac11b12qhy1,A22,0,True,ok,200,correct,correct,,1,1,15 years|20 years,,False,8,94.3725,76.42,98.34,5.765,0.626,1,stop,False,"A person shall be appointed as a Judicial Member of the Appellate Tribunal unless he has held a judicial office in the territory of India for at least fifteen years or has been a member of the Indian Legal Service and has held the post of Additional Secretary of that service or any equivalent post, or has been an advocate for at least twenty years with experience in dealing with real estate matters.",What experience does a person need to be appointed as a Judicial Member of the Appellate Tribunal?,,ok:200
base,llama-v3p2-3b-reasoning,A22,0,True,ok,200,correct,correct,,1,1,15 years|20 years,,False,0,,,,5.566,1.014,1,stop,False,"A person needs to have held a judicial office in the territory of India for at least fifteen years or has been a member of the Indian Legal Service and has held the post of Additional Secretary of that service or any equivalent post, or has been an advocate for at least twenty years with experience in dealing with real estate matters. [Section 46 (b)]",What experience does a person need to be appointed as a Judicial Member of the Appellate Tribunal?,,ok:200
aligned,model_01m3pac11b12qhy1,A30,0,True,ok,200,partial,partial,,0,0,half,3 months,False,6,78.03333333333333,66.65,83.35,4.449,0.803,1,stop,False,"The promoter may apply to extend the registration of the project by submitting an application in Form ‘E’ annexed to the order, accompanied by a demand draft or bankers cheque drawn on any scheduled bank or through online payment mode, for an amount equivalent to half the registration fees.","How and when does a promoter apply to extend a project's registration in Telangana, and what does it cost?",,ok:200
base,llama-v3p2-3b-reasoning,A30,0,True,ok,200,correct,correct,,1,1,3 months|half,,False,0,,,,8.015,0.696,1,stop,False,"A promoter can apply to extend a project's registration in Telangana by submitting an application in Form 'E' annexed to the order, along with a demand draft or a bankers cheque drawn on any scheduled bank or through online payment mode, for an amount equivalent to half the registration fees as prescribed under sub-rule (3) of rule 3. The application must be made within three months prior to the expiry of the registration granted. The application is accompanied by an explanatory note setting out the reasons for delay in the completion of the project and seeking extension of registration.","How and when does a promoter apply to extend a project's registration in Telangana, and what does it cost?",,ok:200
aligned,model_01m3pac11b12qhy1,A16,0,True,ok,200,partial,partial,,0,0,10 percent,3 years,False,4,86.905,76.89,92.94,2.633,0.676,1,stop,False,The penalty for selling or advertising a project without registering it under section 3 is ten per cent. of the estimated cost of the real estate project.,"What is the penalty for a promoter who sells or advertises a project without registering it under section 3, and what if the violation continues?",,ok:200
base,llama-v3p2-3b-reasoning,A16,0,True,ok,200,correct,correct,,1,1,10 percent|3 years,,False,0,,,,7.117,0.628,1,stop,False,"According to the Act, if a promoter sells or advertises a project without registering it under section 3, the penalty is 10% of the estimated cost of the real estate project as determined by the Authority. If the violation continues, the promoter shall be punishable with imprisonment for a term which may extend up to three years or with fine which may extend up to a further 10% of the estimated cost of the real estate project, or with both [Act s.59 (1) and (2)].","What is the penalty for a promoter who sells or advertises a project without registering it under section 3, and what if the violation continues?",,ok:200
aligned,model_01m3pac11b12qhy1,U09,0,False,ok,200,answered,answered,,0,0,,,False,3,83.51,80.59,80.84,2.058,0.714,1,stop,False,The fee for filing a complaint with the Authority or the adjudicating officer is one thousand rupees.,What is the fee for filing a complaint with the Andhra Pradesh Real Estate Regulatory Authority?,,ok:200
base,llama-v3p2-3b-reasoning,U09,0,False,ok,200,answered,answered,,0,0,,,False,0,,,,6.089,0.697,1,stop,False,"The fee for filing a complaint with the Andhra Pradesh Real Estate Regulatory Authority is one thousand rupees, which can be paid in the form of either a demand draft or a bankers cheque drawn on a scheduled bank in favour of the Authority and payable at the branch of that bank at the station where the seat of the Authority is situated, or through online payment, as the case may be. [Rule 34(1)]",What is the fee for filing a complaint with the Andhra Pradesh Real Estate Regulatory Authority?,,ok:200
aligned,model_01m3pac11b12qhy1,U05,0,False,ok,200,abstained,abstained,,1,0,,,True,2,64.415,49.29,79.54,1.656,0.704,1,stop,False,The Act does not mention the application of GST to the sale of apartments.,What GST rate applies to the sale of an under-construction apartment?,,ok:200
base,llama-v3p2-3b-reasoning,U05,0,False,ok,200,answered,answered,,0,0,,,False,0,,,,1.925,0.757,1,stop,False,The excerpt does not mention the GST rate applicable to the sale of an under-construction apartment.,What GST rate applies to the sale of an under-construction apartment?,,ok:200
aligned,model_01m3pac11b12qhy1,A02,0,True,ok,200,correct,correct,,1,1,3 months,,False,4,93.235,80.7,98.9,2.618,0.672,1,stop,False,The promoter shall make an application to the Authority for registration of the said project within a period of three months from the date of commencement of this Act.,Within what period did promoters of ongoing projects without a completion certificate have to apply for registration after the Act commenced?,,ok:200
base,llama-v3p2-3b-reasoning,A02,0,True,ok,200,correct,correct,,1,1,3 months,,False,0,,,,3.227,0.679,1,stop,False,"According to section 3(1) of the Act, promoters of ongoing projects without a completion certificate had to apply for registration within a period of three months from the date of commencement of the Act.",Within what period did promoters of ongoing projects without a completion certificate have to apply for registration after the Act commenced?,,ok:200
aligned,model_01m3pac11b12qhy1,A21,0,True,ok,200,correct,correct,,1,1,section 79,,False,4,82.5125,69.65,80.57,2.861,0.621,1,stop,False,"The section of the Act that bars civil courts from entertaining suits on matters which the Authority, adjudicating officer or Appellate Tribunal can decide is section 79.","Which section of the RERA Act bars civil courts from entertaining suits on matters the Authority, adjudicating officer or Appellate Tribunal can decide?",,ok:200
base,llama-v3p2-3b-reasoning,A21,0,True,ok,200,correct,correct,,1,1,section 79,,False,0,,,,4.043,0.667,1,stop,False,"According to the Act, no civil court shall have jurisdiction to entertain any suit or proceeding in respect of any matter which the Authority or the adjudicating officer or the Appellate Tribunal is empowered by or under this Act to determine. [Act s.79]","Which section of the RERA Act bars civil courts from entertaining suits on matters the Authority, adjudicating officer or Appellate Tribunal can decide?",,ok:200
aligned,model_01m3pac11b12qhy1,A08,0,True,ok,200,partial,partial,,0,0,2/3,authority,False,2,80.495,76.49,84.5,1.768,0.687,1,stop,False,"The promoter shall obtain prior written consent from two-third allottees, except the promoter.",What consent is needed before a promoter can transfer its majority rights and liabilities in a project to a third party?,,ok:200
base,llama-v3p2-3b-reasoning,A08,0,True,ok,200,correct,correct,,1,1,2/3|authority,,False,0,,,,2.417,0.723,1,stop,False,"Two-thirds of the allottees, except the promoter, and the prior written approval of the Authority are required [Section 15(1)].",What consent is needed before a promoter can transfer its majority rights and liabilities in a project to a third party?,,ok:200
aligned,model_01m3pac11b12qhy1,A06,0,True,ok,200,partial,partial,,0,0,10 percent,agreement for sale,False,4,91.36,86.89,91.01,3.207,0.697,1,stop,False,"The promoter shall not accept a sum more than ten per cent of the cost of the apartment, plot, or building as the case may be, as an advance payment or an application fee.",What is the maximum advance a promoter can take from a buyer before entering into and registering a written agreement for sale?,,ok:200
base,llama-v3p2-3b-reasoning,A06,0,True,ok,200,correct,correct,,1,1,10 percent|agreement for sale,,False,0,,,,5.663,0.658,1,stop,False,"A promoter shall not accept a sum more than ten per cent of the cost of the apartment, plot, or building as the case may be, as an advance payment or an application fee, from a person without first entering into a written agreement for sale with such person and register the said agreement for sale, under any law for the time being in force. [Act s.13 (1)]",What is the maximum advance a promoter can take from a buyer before entering into and registering a written agreement for sale?,,ok:200
aligned,model_01m3pac11b12qhy1,A11,0,True,ok,200,correct,correct,,1,1,return|refund|repay|interest|compensation,,False,5,88.42,85.61,93.39,3.891,0.732,1,stop,False,"The promoter shall be liable to return the total amount received by him in respect of the apartment/plot, with interest at the rate prescribed in the Rules including compensation in the manner as provided under the Act within ninety days of it becoming due.","If the promoter fails to complete the project or give possession and the allottee wants to withdraw, what must the promoter pay?",,ok:200
base,llama-v3p2-3b-reasoning,A11,0,True,ok,200,partial,partial,,0,0,interest|compensation,return|refund|repay,False,0,,,,6.29,0.689,1,stop,False,"The promoter shall pay the total amount received by him in respect of the apartment or plot, with interest at the rate prescribed in the Rules, including compensation, within ninety days of it becoming due. This includes interest at the rate prescribed in the Rules for every month of delay, till the handing over of the possession of the apartment or plot, which shall be paid by the promoter to the allottee within ninety days of it becoming due.","If the promoter fails to complete the project or give possession and the allottee wants to withdraw, what must the promoter pay?",,ok:200
aligned,model_01m3pac11b12qhy1,A14,0,True,ok,200,correct,correct,,1,1,60 days,,False,6,90.415,83.24,96.73,4.341,0.661,1,stop,False,The time limit for filing an appeal to the Real Estate Appellate Tribunal against an order of the Authority is sixty days from the date on which a copy of the direction or order made by the Authority is received by the appropriate Government or the competent authority or the aggrieved person.,What is the time limit for filing an appeal to the Real Estate Appellate Tribunal against an order of the Authority?,,ok:200
base,llama-v3p2-3b-reasoning,A14,0,True,ok,200,correct,correct,,1,1,60 days,,False,0,,,,4.76,0.681,1,stop,False,The time limit for filing an appeal to the Real Estate Appellate Tribunal against an order of the Authority is sixty days from the date on which a copy of the direction or order made by the Authority is received by the appropriate Government or the competent authority or the aggrieved person. [Act s.44 (2)],What is the time limit for filing an appeal to the Real Estate Appellate Tribunal against an order of the Authority?,,ok:200
aligned,model_01m3pac11b12qhy1,A15,0,True,ok,200,partial,partial,,0,0,high court,60 days,False,2,73.245,72.48,74.01,1.654,0.633,1,stop,False,The appeal against the Appellate Tribunal decision shall be filed in the High Court.,"Where does an appeal against an Appellate Tribunal decision go, and within what time?",,ok:200
base,llama-v3p2-3b-reasoning,A15,0,True,ok,200,correct,correct,,1,1,high court|60 days,,False,0,,,,3.724,0.749,1,stop,False,"An appeal against an Appellate Tribunal decision goes to the High Court, within a period of sixty days from the date of communication of the decision or order of the Appellate Tribunal. [Act s. 58 (1)]","Where does an appeal against an Appellate Tribunal decision go, and within what time?",,ok:200
aligned,model_01m3pac11b12qhy1,U08,0,False,ok,200,abstained,abstained,,1,0,,,True,2,76.0,75.62,76.38,1.82,0.673,1,stop,False,The carpet area for a 2BHK apartment is not specified in the given excerpts.,What is the minimum carpet area for a 2BHK apartment under the Telangana RERA rules?,,ok:200
base,llama-v3p2-3b-reasoning,U08,0,False,ok,200,abstained,abstained,,1,0,,,True,0,,,,1.803,0.692,1,stop,False,The carpet area for a 2BHK apartment is not specified in the given excerpts.,What is the minimum carpet area for a 2BHK apartment under the Telangana RERA rules?,,ok:200
aligned,model_01m3pac11b12qhy1,A23,0,True,ok,200,correct,correct,,1,1,mclr|2 percent|sbi,,False,5,93.902,90.26,95.08,3.226,0.628,1,stop,False,The rate of interest payable by the promoter to the allottee or by the allottee to the promoter shall be the Marginal Cost of Lending Rate of State Bank of India plus two per cent.,"Under the Telangana RERA Rules, what rate of interest is payable by the promoter to the allottee (or vice versa) on default?",,ok:200
base,llama-v3p2-3b-reasoning,A23,0,True,ok,200,correct,correct,,1,1,mclr|2 percent|sbi,,False,0,,,,3.467,0.687,1,stop,False,The rate of interest payable by the promoter to the allottee (or vice versa) on default is the Marginal Cost of Lending Rate of State Bank of India plus two per cent. [Rules r.15],"Under the Telangana RERA Rules, what rate of interest is payable by the promoter to the allottee (or vice versa) on default?",,ok:200
aligned,model_01m3pac11b12qhy1,U10,0,False,ok,200,answered,answered,,0,0,,,False,4,77.405,61.16,88.44,2.987,0.694,1,stop,False,"The documents with authentication of such title, including details of the land, including any rights, title, interest or name of any party in or over such land along with details.",Which banks has TG-RERA empanelled for promoters to open the separate project account?,,ok:200
base,llama-v3p2-3b-reasoning,U10,0,False,ok,200,answered,answered,,0,0,,,False,0,,,,2.471,0.67,1,stop,False,The excerpt does not mention the specific banks that have been empanelled by the Telangana Government for promoters to open the separate project account.,Which banks has TG-RERA empanelled for promoters to open the separate project account?,,ok:200
aligned,model_01m3pac11b12qhy1,A24,0,True,ok,200,correct,correct,,1,1,90 days,,False,3,88.07,76.88,98.57,1.946,0.661,1,stop,False,The promoter must pay a refund (with interest and compensation) within ninety days of it becoming due.,"Under the Telangana rules, within how many days must a promoter pay a refund (with interest and compensation) once it becomes due?",,ok:200
base,llama-v3p2-3b-reasoning,A24,0,True,ok,200,correct,correct,,1,1,90 days,,False,0,,,,3.522,0.641,1,stop,False,"A promoter must pay a refund (with interest and compensation) within 90 days from the date on which such refund along with applicable interest and compensation, as the case may be, becomes due. [Rules r.16]","Under the Telangana rules, within how many days must a promoter pay a refund (with interest and compensation) once it becomes due?",,ok:200
aligned,model_01m3pac11b12qhy1,A18,0,True,ok,200,correct,correct,,1,1,10000|5 percent,,False,7,91.62857142857142,84.88,90.24,5.121,0.647,1,stop,False,"The penalty for a real estate agent who fails to comply with section 9 or section 10 is ten thousand rupees for every day during which such default continues, which may cumulatively extend up to five per cent. of the cost of plot, apartment or buildings, as the case may be, of the real estate project.",What is the penalty for a real estate agent who fails to comply with section 9 or section 10?,,ok:200
base,llama-v3p2-3b-reasoning,A18,0,True,ok,200,correct,correct,,1,1,10000|5 percent,,False,0,,,,5.544,0.596,1,stop,False,"The penalty for a real estate agent who fails to comply with section 9 or section 10 is a fine of ten thousand rupees for every day during which the default continues, which may cumulatively extend up to five per cent. of the cost of plot, apartment or buildings, as the case may be, of the real estate project. [Act s. 62]",What is the penalty for a real estate agent who fails to comply with section 9 or section 10?,,ok:200
aligned,model_01m3pac11b12qhy1,A09,0,True,ok,200,correct,correct,,1,1,3 months|occupancy certificate,,False,3,90.39333333333333,87.58,89.93,2.321,0.632,1,stop,False,The promoter shall execute the conveyance deed in favour of the allottee within three months from the date of issue of occupancy certificate.,"In the absence of a local law, within what time must the promoter execute the conveyance deed in favour of the allottee?",,ok:200
base,llama-v3p2-3b-reasoning,A09,0,True,ok,200,correct,correct,,1,1,3 months|occupancy certificate,,False,0,,,,2.627,0.639,1,stop,False,"In the absence of any local law, the promoter shall execute the conveyance deed in favour of the allottee within three months from the date of issue of the occupancy certificate. [Act s.17(1)]","In the absence of a local law, within what time must the promoter execute the conveyance deed in favour of the allottee?",,ok:200
aligned,model_01m3pac11b12qhy1,U06,0,False,ok,200,answered,answered,,0,0,,,False,1,56.03,56.03,56.03,0.731,0.567,1,stop,False,The question is not in the excerpts.,What did the Supreme Court hold in Newtech Promoters v. State of UP about refunds under RERA?,,ok:200
base,llama-v3p2-3b-reasoning,U06,0,False,ok,200,answered,answered,,0,0,,,False,0,,,,1.026,0.604,1,stop,False,The Supreme Court held that the RERA does not mandate the payment of interest on the refund amount.,What did the Supreme Court hold in Newtech Promoters v. State of UP about refunds under RERA?,,ok:200
aligned,model_01m3pac11b12qhy1,A04,0,True,ok,200,partial,partial,,0,0,30 days,deemed,False,2,78.81,78.2,79.42,0.814,0.563,1,stop,False,The Authority shall grant registration within a period of thirty days.,"Within how many days must the Authority grant or reject a project registration application, and what happens if it does neither?",,ok:200
base,llama-v3p2-3b-reasoning,A04,0,True,ok,200,correct,correct,,1,1,30 days|deemed,,False,0,,,,2.428,0.608,1,stop,False,"The Authority must grant or reject a project registration application within a period of thirty days [s.5(1)]. If the Authority fails to grant or reject the application within this period, the project shall be deemed to have been registered, and the Authority shall provide a registration number and a Login Id and password to the promoter within seven days of the expiry of the said period of thirty days [s.5(2)].","Within how many days must the Authority grant or reject a project registration application, and what happens if it does neither?",,ok:200
aligned,model_01m3pac11b12qhy1,U04,0,False,ok,200,abstained,abstained,,1,0,,,True,3,80.33999999999999,54.86,95.35,1.04,0.579,1,stop,False,The Act does not mention the name of the Chairperson of the Telangana Real Estate Regulatory Authority.,Who was the first Chairperson of the Telangana Real Estate Regulatory Authority?,,ok:200
base,llama-v3p2-3b-reasoning,U04,0,False,ok,200,abstained,abstained,,1,0,,,True,0,,,,0.755,0.554,1,stop,False,This information is not available in the given excerpts.,Who was the first Chairperson of the Telangana Real Estate Regulatory Authority?,,ok:200
aligned,model_01m3pac11b12qhy1,A10,0,True,ok,200,partial,partial,,0,0,interest,month,False,5,86.388,78.13,94.21,1.717,0.618,1,stop,False,"The allottee shall be entitled to receive the total amount received by him in respect of the apartment/plot, with interest at the rate prescribed in the Rules including compensation in the manner as provided under the Act within ninety days of it becoming due.","If the promoter fails to give possession by the agreed date and the allottee does NOT want to withdraw from the project, what is the allottee entitled to?",,ok:200
base,llama-v3p2-3b-reasoning,A10,0,True,ok,200,partial,partial,,0,0,interest,month,False,0,,,,1.563,0.64,1,stop,False,"The allottee shall be entitled to receive the total amount received by the promoter with interest at the rate prescribed in the Rules, including compensation, within ninety days of it becoming due. [Rule 8(1)]","If the promoter fails to give possession by the agreed date and the allottee does NOT want to withdraw from the project, what is the allottee entitled to?",,ok:200
aligned,model_01m3pac11b12qhy1,A05,0,True,ok,200,correct,correct,,1,1,1 year,,False,4,93.8425,84.63,97.44,1.3,0.587,1,stop,False,"The Authority may extend the registration granted to a project for such time as it considers necessary, which shall, in aggregate, not exceed a period of one year.","Under section 6, what is the maximum aggregate period for which the Authority can extend a project's registration in reasonable circumstances without default by the promoter?",,ok:200
base,llama-v3p2-3b-reasoning,A05,0,True,ok,200,correct,correct,,1,1,1 year,,False,0,,,,1.243,0.579,1,stop,False,The maximum aggregate period for which the Authority can extend a project's registration in reasonable circumstances without default by the promoter is one year. [Section 6],"Under section 6, what is the maximum aggregate period for which the Authority can extend a project's registration in reasonable circumstances without default by the promoter?",,ok:200
aligned,model_01m3pac11b12qhy1,U07,0,False,ok,200,answered,answered,,0,0,,,False,3,84.62,64.07,96.86,1.113,0.606,1,stop,False,The late fee is equivalent to half the registration fees as prescribed under sub-rule (3) of rule 3.,What late fee does TG-RERA charge a promoter for uploading its quarterly project update after the deadline?,,ok:200
base,llama-v3p2-3b-reasoning,U07,0,False,ok,200,abstained,abstained,,1,0,,,True,0,,,,0.79,0.588,1,stop,False,The late fee is not mentioned in the excerpts.,What late fee does TG-RERA charge a promoter for uploading its quarterly project update after the deadline?,,ok:200
aligned,model_01m3pac11b12qhy1,A07,0,True,ok,200,partial,partial,,0,0,30 days,5 years,False,2,81.12,77.73,84.51,0.896,0.663,1,stop,False,The promoter shall rectify such defects within thirty days.,"If an allottee reports a structural defect after taking possession, for how long is the promoter liable and how quickly must it be fixed?",,ok:200
base,llama-v3p2-3b-reasoning,A07,0,True,ok,200,partial,partial,,0,0,30 days,5 years,False,0,,,,1.292,0.673,1,stop,False,The promoter is liable to rectify the structural defect within 30 days from the date the allottee brings it to the notice of the promoter.,"If an allottee reports a structural defect after taking possession, for how long is the promoter liable and how quickly must it be fixed?",,ok:200
aligned,model_01m3pac11b12qhy1,A29,0,True,ok,200,correct,correct,,1,1,10 per sqm|500000,,False,5,92.776,82.78,96.61,1.55,0.658,1,stop,False,"The registration fee shall be rupees ten per square meter for projects where the area of land proposed to be developed exceeds one thousand square meters, but shall not be more than five lakhs rupees.","What is the project registration fee in Telangana for a group housing project on more than 1,000 square metres of land?",,ok:200
base,llama-v3p2-3b-reasoning,A29,0,True,ok,200,correct,correct,,1,1,10 per sqm|500000,,False,0,,,,1.639,0.647,1,stop,False,"The project registration fee for a group housing project on more than 1,000 square meters of land is rupees ten per square meter, but shall not exceed five lakhs rupees. [Rules r.3 (a)]","What is the project registration fee in Telangana for a group housing project on more than 1,000 square metres of land?",,ok:200
aligned,model_01m3pac11b12qhy1,A19,0,True,ok,200,correct,correct,,1,1,3 years|10 percent,,False,5,93.404,88.82,88.82,1.517,0.509,1,stop,False,"The promoter shall be punishable with imprisonment for a term which may extend up to three years or with fine which may cumulatively extend up to ten per cent. of the estimated cost of the real estate project, or with both.",What punishment can a promoter face for not complying with orders of the Appellate Tribunal?,,ok:200
base,llama-v3p2-3b-reasoning,A19,0,True,ok,200,correct,correct,,1,1,3 years|10 percent,,False,0,,,,1.788,0.507,1,stop,False,"A promoter can face imprisonment for a term which may extend up to three years or with fine for every day during which such default continues, which may cumulatively extend up to ten per cent. of the estimated cost of the real estate project, or with both. [Act s.64]",What punishment can a promoter face for not complying with orders of the Appellate Tribunal?,,ok:200
aligned,model_01m3pac11b12qhy1,A12,0,True,ok,200,correct,correct,,1,1,5 years|65,,False,4,90.83,82.63,95.97,1.397,0.53,1,stop,False,"The Chairperson shall hold office for a term not exceeding five years from the date on which they enter upon their office, or until they attain the age of sixty-five years, whichever is earlier.",What is the term of office of the Chairperson and Members of a Real Estate Regulatory Authority?,,ok:200
base,llama-v3p2-3b-reasoning,A12,0,True,ok,200,abstained,abstained,,0,0,,5 years|65,True,0,,,,1.113,0.602,1,stop,False,The term of office of the Chairperson and Members of a Real Estate Regulatory Authority is not specified in the given excerpts.,What is the term of office of the Chairperson and Members of a Real Estate Regulatory Authority?,,ok:200
aligned,model_01m3pac11b12qhy1,U01,0,False,ok,200,answered,answered,,0,0,,,False,4,87.99000000000001,72.63,87.84,1.401,0.644,1,stop,False,The registration fee for a group housing project is five rupees per square meter for projects where the area of land proposed to be developed does not exceed one thousand square meters.,What is the project registration fee for a group housing project under the Karnataka RERA rules?,,ok:200
base,llama-v3p2-3b-reasoning,U01,0,False,ok,200,answered,answered,,0,0,,,False,0,,,,2.343,0.631,1,stop,False,"The registration fee for a group housing project is five rupees per square meter for projects where the area of land proposed to be developed does not exceed one thousand square meters, or rupees ten per square meter for projects where the area of land proposed to be developed exceeds one thousand square meters, but shall not be more than five lakhs rupees. [Rule 3(3)(a)]",What is the project registration fee for a group housing project under the Karnataka RERA rules?,,ok:200
aligned,model_01m3pac11b12qhy1,A20,0,True,ok,200,correct,correct,,1,1,district judge,,False,3,82.59666666666668,72.43,93.46,1.234,0.636,1,stop,False,The adjudicating officer shall be appointed in consultation with the appropriate Government and shall be a judicial officer who has been a District Judge.,Who can be appointed as an adjudicating officer for compensation claims under the Act?,,ok:200
base,llama-v3p2-3b-reasoning,A20,0,True,ok,200,correct,correct,,1,1,district judge,,False,0,,,,1.226,0.628,1,stop,False,An adjudicating officer can be appointed as a judicial officer who is or has been a District Judge. [Section 71(1)],Who can be appointed as an adjudicating officer for compensation claims under the Act?,,ok:200
aligned,model_01m3pac11b12qhy1,A26,0,True,ok,200,wrong,wrong,,0,0,,5000|25000,False,2,85.64500000000001,82.14,89.15,1.003,0.59,1,stop,False,The renewal application must be made at least three months prior to the expiry of the registration granted.,"What is the fee for renewing a real estate agent's registration in Telangana, and when must the renewal application be made?",,ok:200
base,llama-v3p2-3b-reasoning,A26,0,True,ok,200,correct,correct,,1,1,5000|25000,,False,0,,,,2.241,0.63,1,stop,False,The renewal application for registration of a real estate agent must be made at least three months prior to the expiry of the registration granted. The fee for renewal of registration is five thousand rupees in case of an individual real estate agent and twenty-five thousand rupees in case of a real estate agent other than an individual. [Rules r.10(1) and (2)],"What is the fee for renewing a real estate agent's registration in Telangana, and when must the renewal application be made?",,ok:200
aligned,model_01m3pac11b12qhy1,U02,0,False,ok,200,abstained,abstained,,1,0,,,True,2,79.895,59.96,99.83,0.834,0.626,1,stop,False,The penalty is not specified in the given excerpts.,What penalty does MahaRERA impose on promoters for late filing of quarterly progress reports?,,ok:200
base,llama-v3p2-3b-reasoning,U02,0,False,ok,200,abstained,abstained,,1,0,,,True,0,,,,0.886,0.574,1,stop,False,The Act does not specify the penalty for late filing of quarterly progress reports.,What penalty does MahaRERA impose on promoters for late filing of quarterly progress reports?,,ok:200
aligned,model_01m3pac11b12qhy1,U03,0,False,ok,200,abstained,abstained,,1,0,,,True,2,77.225,66.22,88.23,0.979,0.635,1,stop,False,The Act does not specify the stamp duty rate for registering an agreement for sale.,What is the stamp duty rate for registering an agreement for sale of an apartment in Telangana?,,ok:200
base,llama-v3p2-3b-reasoning,U03,0,False,ok,200,answered,answered,,0,0,,,False,0,,,,1.076,0.589,1,stop,False,The excerpt does not mention the stamp duty rate for registering an agreement for sale of an apartment in Telangana.,What is the stamp duty rate for registering an agreement for sale of an apartment in Telangana?,,ok:200
aligned,model_01m3pac11b12qhy1,A17,0,True,ok,200,correct,correct,,1,1,5 percent,,False,3,93.44666666666667,89.12,92.19,1.13,0.54,1,stop,False,The promoter shall be liable to a penalty which may extend up to five per cent. of the estimated cost of the real estate project.,What penalty can be imposed on a promoter who provides false information in the registration application or contravenes section 4?,,ok:200
base,llama-v3p2-3b-reasoning,A17,0,True,ok,200,correct,correct,,1,1,5 percent,,False,0,,,,1.703,0.534,1,stop,False,"A promoter who provides false information in the registration application or contravenes section 4 can be liable to a penalty which may extend up to five per cent. of the estimated cost of the real estate project, as determined by the Authority. [Act s.60]",What penalty can be imposed on a promoter who provides false information in the registration application or contravenes section 4?,,ok:200
aligned,model_01m3pac11b12qhy1,A03,0,True,ok,200,correct,correct,,1,1,70 percent|separate account|separate bank account,,False,7,93.21000000000001,85.84,99.26,1.96,0.64,1,stop,False,"The promoter shall deposit seventy per cent. of the amounts realised for the real estate project from the allottees, from time to time, shall be deposited in a separate account to be maintained in a scheduled bank to cover the cost of construction and the land cost and shall be used only for that purpose.","What percentage of the amounts realised from allottees must a promoter deposit in a separate bank account, and what may it be used for?",,ok:200
base,llama-v3p2-3b-reasoning,A03,0,True,ok,200,correct,correct,,1,1,70 percent|separate account|separate bank account,,False,0,,,,1.777,0.696,1,stop,False,"According to the Act, a promoter must deposit seventy per cent. of the amounts realised from allottees in a separate account to be maintained in a scheduled bank to cover the cost of construction and the land cost and shall be used only for that purpose.","What percentage of the amounts realised from allottees must a promoter deposit in a separate bank account, and what may it be used for?",,ok:200
aligned,model_01m3pac11b12qhy1,A27,0,True,ok,200,wrong,wrong,,0,0,,1000|form m,False,2,67.56,57.03,57.03,0.849,0.618,1,stop,False,The fee accompanying a complaint is five thousand rupees.,"What fee accompanies a complaint filed with the Telangana Real Estate Regulatory Authority, and which form is used?",,ok:200
base,llama-v3p2-3b-reasoning,A27,0,True,ok,200,wrong,wrong,,0,0,,1000|form m,False,0,,,,4.029,0.616,1,stop,False,"The fee accompanying a complaint filed with the Telangana Real Estate Regulatory Authority is five thousand rupees, payable in the form of a demand draft or a bankers cheque drawn on a scheduled bank in favour of the Appellate Tribunal. [Rules r.25 (1)] The complaint is filed in Form 'L', in triplicate. [Rules r.25 (2)]","What fee accompanies a complaint filed with the Telangana Real Estate Regulatory Authority, and which form is used?",,ok:200
aligned,model_01m3pac11b12qhy1,A25,0,True,ok,200,correct,correct,,1,1,10000|50000,,False,4,88.38,74.26,96.83,2.982,0.617,1,stop,False,The registration fee for a real estate agent shall be ten thousand rupees in case of the applicant being an individual or fifty thousand rupees in case of the applicant other than an individual.,What registration fee does a real estate agent pay in Telangana?,,ok:200
base,llama-v3p2-3b-reasoning,A25,0,True,ok,200,correct,correct,,1,1,10000|50000,,False,0,,,,4.241,0.608,1,stop,False,"A real estate agent pays a registration fee of Ten Thousand Rupees (Rs. 10,000) if the applicant is an individual, and Fifty Thousand Rupees (Rs. 50,000) if the applicant is not an individual. [Rule r.8 (2)]",What registration fee does a real estate agent pay in Telangana?,,ok:200
aligned,model_01m3pac11b12qhy1,A10,1,True,ok,200,partial,partial,,0,0,interest,month,False,5,86.388,78.13,94.21,5.218,1.988,1,stop,False,"The allottee shall be entitled to receive the total amount received by him in respect of the apartment/plot, with interest at the rate prescribed in the Rules including compensation in the manner as provided under the Act within ninety days of it becoming due.","If the promoter fails to give possession by the agreed date and the allottee does NOT want to withdraw from the project, what is the allottee entitled to?",,ok:200
base,llama-v3p2-3b-reasoning,A10,1,True,ok,200,partial,partial,,0,0,interest,month,False,0,,,,5.006,2.271,1,stop,False,"The allottee shall be entitled to receive the total amount received by the promoter with interest at the rate prescribed in the Rules, including compensation, within ninety days of it becoming due. [Rule 8(1)]","If the promoter fails to give possession by the agreed date and the allottee does NOT want to withdraw from the project, what is the allottee entitled to?",,ok:200
aligned,model_01m3pac11b12qhy1,A21,1,True,ok,200,correct,correct,,1,1,section 79,,False,4,82.275,69.32,79.84,4.651,2.43,1,stop,False,"The section of the Act which bars civil courts from entertaining suits on matters which the Authority, adjudicating officer or Appellate Tribunal can decide is section 79.","Which section of the RERA Act bars civil courts from entertaining suits on matters the Authority, adjudicating officer or Appellate Tribunal can decide?",,ok:200
base,llama-v3p2-3b-reasoning,A21,1,True,ok,200,correct,correct,,1,1,section 79,,False,0,,,,3.985,0.618,1,stop,False,"According to the Act, no civil court shall have jurisdiction to entertain any suit or proceeding in respect of any matter which the Authority or the adjudicating officer or the Appellate Tribunal is empowered by or under this Act to determine. [Act s.79]","Which section of the RERA Act bars civil courts from entertaining suits on matters the Authority, adjudicating officer or Appellate Tribunal can decide?",,ok:200
aligned,model_01m3pac11b12qhy1,U07,1,False,ok,200,abstained,abstained,,1,0,,,True,2,64.405,56.1,72.71,1.488,0.682,1,stop,False,The Act does not specify any late fee for uploading project updates.,What late fee does TG-RERA charge a promoter for uploading its quarterly project update after the deadline?,,ok:200
base,llama-v3p2-3b-reasoning,U07,1,False,ok,200,abstained,abstained,,1,0,,,True,0,,,,3.426,2.192,1,stop,False,The late fee for uploading the quarterly project update after the deadline is not mentioned in the provided excerpts.,What late fee does TG-RERA charge a promoter for uploading its quarterly project update after the deadline?,,ok:200
aligned,model_01m3pac11b12qhy1,A22,1,True,ok,200,correct,correct,,1,1,15 years|20 years,,False,8,94.3725,76.42,98.34,6.708,1.648,1,stop,False,"A person shall be appointed as a Judicial Member of the Appellate Tribunal unless he has held a judicial office in the territory of India for at least fifteen years or has been a member of the Indian Legal Service and has held the post of Additional Secretary of that service or any equivalent post, or has been an advocate for at least twenty years with experience in dealing with real estate matters.",What experience does a person need to be appointed as a Judicial Member of the Appellate Tribunal?,,ok:200
base,llama-v3p2-3b-reasoning,A22,1,True,ok,200,correct,correct,,1,1,15 years|20 years,,False,0,,,,5.064,0.598,1,stop,False,"A person must have held a judicial office in the territory of India for at least fifteen years or has been a member of the Indian Legal Service and has held the post of Additional Secretary of that service or any equivalent post, or has been an advocate for at least twenty years with experience in dealing with real estate matters. [Section 46 (b)]",What experience does a person need to be appointed as a Judicial Member of the Appellate Tribunal?,,ok:200
aligned,model_01m3pac11b12qhy1,A25,1,True,ok,200,correct,correct,,1,1,10000|50000,,False,4,88.38,74.26,96.83,3.009,0.642,1,stop,False,The registration fee for a real estate agent shall be ten thousand rupees in case of the applicant being an individual or fifty thousand rupees in case of the applicant other than an individual.,What registration fee does a real estate agent pay in Telangana?,,ok:200
base,llama-v3p2-3b-reasoning,A25,1,True,ok,200,correct,correct,,1,1,10000|50000,,False,0,,,,4.284,0.661,1,stop,False,"A real estate agent pays a registration fee of Ten Thousand Rupees (Rs. 10,000) if the applicant is an individual, and Fifty Thousand Rupees (Rs. 50,000) if the applicant is not an individual. [Rule r.8 (2)]",What registration fee does a real estate agent pay in Telangana?,,ok:200
aligned,model_01m3pac11b12qhy1,U02,1,False,ok,200,answered,answered,,0,0,,,False,3,67.58,53.4,56.71,2.487,0.676,1,stop,False,"The penalty imposed by the Authority shall be in regard to any contravention of obligations cast upon the promoters, including the imposition of interest.",What penalty does MahaRERA impose on promoters for late filing of quarterly progress reports?,,ok:200
base,llama-v3p2-3b-reasoning,U02,1,False,ok,200,abstained,abstained,,1,0,,,True,0,,,,1.549,0.638,1,stop,False,The Act does not specify the penalty for late filing of quarterly progress reports.,What penalty does MahaRERA impose on promoters for late filing of quarterly progress reports?,,ok:200
aligned,model_01m3pac11b12qhy1,A13,1,True,ok,200,correct,correct,,1,1,60 days,,False,3,87.60000000000001,78.64,96.1,2.356,0.618,1,stop,False,The Authority shall dispose of the questions which come up before it within a period of sixty days from the date of receipt of the application.,Within what period is the Authority supposed to dispose of questions/applications that come before it?,,ok:200
base,llama-v3p2-3b-reasoning,A13,1,True,ok,200,correct,correct,,1,1,60 days,,False,0,,,,4.144,0.712,1,stop,False,"According to the Act, the Authority shall dispose of the questions which come up before it as expeditiously as possible and the Authority shall dispose of the same within a period of sixty days from the date of receipt of the application [Act s. 29 (4)].",Within what period is the Authority supposed to dispose of questions/applications that come before it?,,ok:200
aligned,model_01m3pac11b12qhy1,A12,1,True,ok,200,correct,correct,,1,1,5 years|65,,False,4,90.83,82.63,95.97,3.166,0.604,1,stop,False,"The Chairperson shall hold office for a term not exceeding five years from the date on which they enter upon their office, or until they attain the age of sixty-five years, whichever is earlier.",What is the term of office of the Chairperson and Members of a Real Estate Regulatory Authority?,,ok:200
base,llama-v3p2-3b-reasoning,A12,1,True,ok,200,abstained,abstained,,0,0,,5 years|65,True,0,,,,2.189,0.692,1,stop,False,The term of office of the Chairperson and Members of a Real Estate Regulatory Authority is not specified in the given excerpts.,What is the term of office of the Chairperson and Members of a Real Estate Regulatory Authority?,,ok:200
aligned,model_01m3pac11b12qhy1,U08,1,False,ok,200,abstained,abstained,,1,0,,,True,2,76.0,75.62,76.38,1.825,0.671,1,stop,False,The carpet area for a 2BHK apartment is not specified in the given excerpts.,What is the minimum carpet area for a 2BHK apartment under the Telangana RERA rules?,,ok:200
base,llama-v3p2-3b-reasoning,U08,1,False,ok,200,abstained,abstained,,1,0,,,True,0,,,,1.262,0.678,1,stop,False,This information is not available in the provided excerpts.,What is the minimum carpet area for a 2BHK apartment under the Telangana RERA rules?,,ok:200
aligned,model_01m3pac11b12qhy1,A14,1,True,ok,200,correct,correct,,1,1,60 days,,False,7,91.30428571428571,83.24,94.28,4.674,0.648,1,stop,False,The time limit for filing an appeal to the Real Estate Appellate Tribunal against an order of the Authority is sixty days from the date on which a copy of the direction or order made by the Authority or the adjudicating officer is received by the appropriate Government or the competent authority or the aggrieved person.,What is the time limit for filing an appeal to the Real Estate Appellate Tribunal against an order of the Authority?,,ok:200
base,llama-v3p2-3b-reasoning,A14,1,True,ok,200,correct,correct,,1,1,60 days,,False,0,,,,4.668,0.651,1,stop,False,The time limit for filing an appeal to the Real Estate Appellate Tribunal against an order of the Authority is sixty days from the date on which a copy of the direction or order made by the Authority is received by the appropriate Government or the competent authority or the aggrieved person. [Act s.44 (2)],What is the time limit for filing an appeal to the Real Estate Appellate Tribunal against an order of the Authority?,,ok:200
aligned,model_01m3pac11b12qhy1,A18,1,True,ok,200,correct,correct,,1,1,10000|5 percent,,False,8,91.34375,84.88,89.6,5.171,0.598,1,stop,False,"The penalty for a real estate agent who fails to comply with section 9 or section 10 is a penalty of ten thousand rupees for every day during which such default continues, which may cumulatively extend up to five per cent. of the cost of plot, apartment or buildings, as the case may be, of the real estate project.",What is the penalty for a real estate agent who fails to comply with section 9 or section 10?,,ok:200
base,llama-v3p2-3b-reasoning,A18,1,True,ok,200,correct,correct,,1,1,10000|5 percent,,False,0,,,,5.532,0.614,1,stop,False,"The penalty for a real estate agent who fails to comply with section 9 or section 10 is a fine of ten thousand rupees for every day during which the default continues, which may cumulatively extend up to five per cent. of the cost of plot, apartment or buildings, as the case may be, of the real estate project. [Act s. 62]",What is the penalty for a real estate agent who fails to comply with section 9 or section 10?,,ok:200
aligned,model_01m3pac11b12qhy1,A09,1,True,ok,200,correct,correct,,1,1,3 months|occupancy certificate,,False,3,90.39333333333333,87.58,89.93,2.348,0.655,1,stop,False,The promoter shall execute the conveyance deed in favour of the allottee within three months from the date of issue of occupancy certificate.,"In the absence of a local law, within what time must the promoter execute the conveyance deed in favour of the allottee?",,ok:200
base,llama-v3p2-3b-reasoning,A09,1,True,ok,200,correct,correct,,1,1,3 months|occupancy certificate,,False,0,,,,3.368,0.687,1,stop,False,"In the absence of any local law, the promoter shall execute the conveyance deed in favour of the allottee within three months from the date of issue of the occupancy certificate. [Act s.17(1)]","In the absence of a local law, within what time must the promoter execute the conveyance deed in favour of the allottee?",,ok:200
aligned,model_01m3pac11b12qhy1,U09,1,False,ok,200,answered,answered,,0,0,,,False,2,81.875,80.59,83.16,1.61,0.68,1,stop,False,The fee for filing a complaint with the Authority is one thousand rupees.,What is the fee for filing a complaint with the Andhra Pradesh Real Estate Regulatory Authority?,,ok:200
base,llama-v3p2-3b-reasoning,U09,1,False,ok,200,answered,answered,,0,0,,,False,0,,,,6.2,0.671,1,stop,False,"The fee for filing a complaint with the Andhra Pradesh Real Estate Regulatory Authority is one thousand rupees, which can be paid in the form of either a demand draft or a bankers cheque drawn on a scheduled bank in favour of the Authority and payable at the branch of that bank at the station where the seat of the Authority is situated, or through online payment, as the case may be. [Rules r.34(1)]",What is the fee for filing a complaint with the Andhra Pradesh Real Estate Regulatory Authority?,,ok:200
aligned,model_01m3pac11b12qhy1,A30,1,True,ok,200,partial,partial,,0,0,3 months,half,False,3,75.25666666666667,66.65,69.25,3.16,1.678,1,stop,False,The promoter may apply to extend the registration of the project within three months prior to the expiry of the registration granted.,"How and when does a promoter apply to extend a project's registration in Telangana, and what does it cost?",,ok:200
base,llama-v3p2-3b-reasoning,A30,1,True,ok,200,correct,correct,,1,1,3 months|half,,False,0,,,,7.906,0.632,1,stop,False,"A promoter can apply to extend a project's registration in Telangana by submitting an application in Form 'E' annexed to the order, along with a demand draft or a bankers cheque drawn on any scheduled bank or through online payment mode, for an amount equivalent to half the registration fees as prescribed under sub-rule (3) of rule 3. This application must be made within three months prior to the expiry of the registration granted. The application is accompanied by an explanatory note setting out the reasons for delay in the completion of the project and seeking extension of registration.","How and when does a promoter apply to extend a project's registration in Telangana, and what does it cost?",,ok:200
aligned,model_01m3pac11b12qhy1,A02,1,True,ok,200,correct,correct,,1,1,3 months,,False,3,88.80666666666667,78.93,93.18,2.471,0.645,1,stop,False,The promoters of ongoing projects without a completion certificate had to apply for registration within a period of three months from the date of commencement of the Act.,Within what period did promoters of ongoing projects without a completion certificate have to apply for registration after the Act commenced?,,ok:200
base,llama-v3p2-3b-reasoning,A02,1,True,ok,200,correct,correct,,1,1,3 months,,False,0,,,,3.159,0.653,1,stop,False,"According to section 3(1) of the Act, promoters of ongoing projects without a completion certificate had to apply for registration within a period of three months from the date of commencement of the Act.",Within what period did promoters of ongoing projects without a completion certificate have to apply for registration after the Act commenced?,,ok:200
aligned,model_01m3pac11b12qhy1,A15,1,True,ok,200,partial,partial,,0,0,high court,60 days,False,3,73.77333333333333,52.67,52.67,1.98,0.635,1,stop,False,An appeal against any decision or order of the Appellate Tribunal shall be filed with the High Court.,"Where does an appeal against an Appellate Tribunal decision go, and within what time?",,ok:200
base,llama-v3p2-3b-reasoning,A15,1,True,ok,200,correct,correct,,1,1,high court|60 days,,False,0,,,,3.645,0.671,1,stop,False,"An appeal against an Appellate Tribunal decision goes to the High Court, within a period of sixty days from the date of communication of the decision or order of the Appellate Tribunal. [Act s. 58 (1)]","Where does an appeal against an Appellate Tribunal decision go, and within what time?",,ok:200
aligned,model_01m3pac11b12qhy1,A05,1,True,ok,200,correct,correct,,1,1,1 year,,False,4,93.8425,84.63,97.44,2.647,0.628,1,stop,False,"The Authority may extend the registration granted to a project for such time as it considers necessary, which shall, in aggregate, not exceed a period of one year.","Under section 6, what is the maximum aggregate period for which the Authority can extend a project's registration in reasonable circumstances without default by the promoter?",,ok:200
base,llama-v3p2-3b-reasoning,A05,1,True,ok,200,correct,correct,,1,1,1 year,,False,0,,,,2.597,0.647,1,stop,False,The maximum aggregate period for which the Authority can extend a project's registration in reasonable circumstances without default by the promoter is one year. [Section 6],"Under section 6, what is the maximum aggregate period for which the Authority can extend a project's registration in reasonable circumstances without default by the promoter?",,ok:200
aligned,model_01m3pac11b12qhy1,U01,1,False,ok,200,answered,answered,,0,0,,,False,4,87.99000000000001,72.63,87.84,2.925,0.715,1,stop,False,The registration fee for a group housing project is five rupees per square meter for projects where the area of land proposed to be developed does not exceed one thousand square meters.,What is the project registration fee for a group housing project under the Karnataka RERA rules?,,ok:200
base,llama-v3p2-3b-reasoning,U01,1,False,ok,200,answered,answered,,0,0,,,False,0,,,,5.569,0.665,1,stop,False,"The registration fee for a group housing project is five rupees per square meter for projects where the area of land proposed to be developed does not exceed one thousand square meters, or rupees ten per square meter for projects where the area of land proposed to be developed exceeds one thousand square meters, but shall not be more than five lakhs rupees. [Rule 3 (a)]",What is the project registration fee for a group housing project under the Karnataka RERA rules?,,ok:200
aligned,model_01m3pac11b12qhy1,U03,1,False,ok,200,abstained,abstained,,1,0,,,True,2,77.11,64.74,89.48,1.704,0.691,1,stop,False,The Act does not mention the stamp duty rate for registering an agreement for sale.,What is the stamp duty rate for registering an agreement for sale of an apartment in Telangana?,,ok:200
base,llama-v3p2-3b-reasoning,U03,1,False,ok,200,answered,answered,,0,0,,,False,0,,,,2.121,0.688,1,stop,False,The excerpt does not mention the stamp duty rate for registering an agreement for sale of an apartment in Telangana.,What is the stamp duty rate for registering an agreement for sale of an apartment in Telangana?,,ok:200
aligned,model_01m3pac11b12qhy1,A19,1,True,ok,200,correct,correct,,1,1,3 years|10 percent,,False,5,93.404,88.82,88.82,3.664,0.615,1,stop,False,"The promoter shall be punishable with imprisonment for a term which may extend up to three years or with fine which may cumulatively extend up to ten per cent. of the estimated cost of the real estate project, or with both.",What punishment can a promoter face for not complying with orders of the Appellate Tribunal?,,ok:200
base,llama-v3p2-3b-reasoning,A19,1,True,ok,200,correct,correct,,1,1,3 years|10 percent,,False,0,,,,4.351,0.562,1,stop,False,"A promoter can face imprisonment for a term which may extend up to three years or with fine for every day during which such default continues, which may cumulatively extend up to ten per cent. of the estimated cost of the real estate project, or with both. [Act s.64]",What punishment can a promoter face for not complying with orders of the Appellate Tribunal?,,ok:200
aligned,model_01m3pac11b12qhy1,A07,1,True,ok,200,partial,partial,,0,0,30 days,5 years,False,2,81.12,77.73,84.51,1.407,0.73,1,stop,False,The promoter shall rectify such defects within thirty days.,"If an allottee reports a structural defect after taking possession, for how long is the promoter liable and how quickly must it be fixed?",,ok:200
base,llama-v3p2-3b-reasoning,A07,1,True,ok,200,partial,partial,,0,0,30 days,5 years,False,0,,,,4.388,0.68,1,stop,False,"The promoter is liable to rectify the structural defect within 30 days from the date of notice from the allottee. If the promoter fails to rectify the defect within this time, the aggrieved allottee is entitled to receive appropriate compensation. [Act s. 14(3)]","If an allottee reports a structural defect after taking possession, for how long is the promoter liable and how quickly must it be fixed?",,ok:200
aligned,model_01m3pac11b12qhy1,A03,1,True,ok,200,correct,correct,,1,1,70 percent|separate account|separate bank account,,False,7,93.21000000000001,85.84,99.26,4.605,0.71,1,stop,False,"The promoter shall deposit seventy per cent. of the amounts realised for the real estate project from the allottees, from time to time, shall be deposited in a separate account to be maintained in a scheduled bank to cover the cost of construction and the land cost and shall be used only for that purpose.","What percentage of the amounts realised from allottees must a promoter deposit in a separate bank account, and what may it be used for?",,ok:200
base,llama-v3p2-3b-reasoning,A03,1,True,ok,200,correct,correct,,1,1,70 percent|separate account|separate bank account,,False,0,,,,3.905,0.73,1,stop,False,"According to the Act, a promoter must deposit seventy per cent. of the amounts realised from allottees in a separate account to be maintained in a scheduled bank to cover the cost of construction and the land cost and shall be used only for that purpose.","What percentage of the amounts realised from allottees must a promoter deposit in a separate bank account, and what may it be used for?",,ok:200
aligned,model_01m3pac11b12qhy1,A23,1,True,ok,200,correct,correct,,1,1,mclr|2 percent|sbi,,False,5,93.902,90.26,95.08,3.295,0.668,1,stop,False,The rate of interest payable by the promoter to the allottee or by the allottee to the promoter shall be the Marginal Cost of Lending Rate of State Bank of India plus two per cent.,"Under the Telangana RERA Rules, what rate of interest is payable by the promoter to the allottee (or vice versa) on default?",,ok:200
base,llama-v3p2-3b-reasoning,A23,1,True,ok,200,correct,correct,,1,1,mclr|2 percent|sbi,,False,0,,,,3.431,0.634,1,stop,False,The rate of interest payable by the promoter to the allottee (or vice versa) on default is the Marginal Cost of Lending Rate of State Bank of India plus two per cent. [Rules r.15],"Under the Telangana RERA Rules, what rate of interest is payable by the promoter to the allottee (or vice versa) on default?",,ok:200
aligned,model_01m3pac11b12qhy1,U10,1,False,ok,200,answered,answered,,0,0,,,False,4,71.97,53.45,81.76,2.759,0.672,1,stop,False,"The documents with authentication of such title, including details of the land, title, interest, or name of any party in or over such land along with details.",Which banks has TG-RERA empanelled for promoters to open the separate project account?,,ok:200
base,llama-v3p2-3b-reasoning,U10,1,False,ok,200,answered,answered,,0,0,,,False,0,,,,2.471,0.651,1,stop,False,The excerpt does not mention the specific banks that have been empanelled by the Telangana Government for promoters to open the separate project account.,Which banks has TG-RERA empanelled for promoters to open the separate project account?,,ok:200
aligned,model_01m3pac11b12qhy1,A24,1,True,ok,200,correct,correct,,1,1,90 days,,False,2,83.83,69.16,98.5,1.22,0.615,1,stop,False,The promoter must pay the refund within ninety days.,"Under the Telangana rules, within how many days must a promoter pay a refund (with interest and compensation) once it becomes due?",,ok:200
base,llama-v3p2-3b-reasoning,A24,1,True,ok,200,correct,correct,,1,1,90 days,,False,0,,,,3.505,0.645,1,stop,False,"A promoter must pay a refund (with interest and compensation) within 90 days from the date on which such refund along with applicable interest and compensation, as the case may be, becomes due. [Rules r.16]","Under the Telangana rules, within how many days must a promoter pay a refund (with interest and compensation) once it becomes due?",,ok:200
aligned,model_01m3pac11b12qhy1,A08,1,True,ok,200,partial,partial,,0,0,2/3,authority,False,2,82.295,74.16,90.43,1.336,0.734,1,stop,False,"Two-thirds of the allottees, except the promoter.",What consent is needed before a promoter can transfer its majority rights and liabilities in a project to a third party?,,ok:200
base,llama-v3p2-3b-reasoning,A08,1,True,ok,200,correct,correct,,1,1,2/3|authority,,False,0,,,,3.576,0.707,1,stop,False,"Two-thirds of the allottees, except the promoter, and the prior written approval of the Authority are required before a promoter can transfer its majority rights and liabilities in a project to a third party. [Section 15(1)]",What consent is needed before a promoter can transfer its majority rights and liabilities in a project to a third party?,,ok:200
aligned,model_01m3pac11b12qhy1,A11,1,True,ok,200,correct,correct,,1,1,return|refund|repay|interest|compensation,,False,5,88.42,85.61,93.39,3.911,0.725,1,stop,False,"The promoter shall be liable to return the total amount received by him in respect of the apartment/plot, with interest at the rate prescribed in the Rules including compensation in the manner as provided under the Act within ninety days of it becoming due.","If the promoter fails to complete the project or give possession and the allottee wants to withdraw, what must the promoter pay?",,ok:200
base,llama-v3p2-3b-reasoning,A11,1,True,ok,200,partial,partial,,0,0,interest|compensation,return|refund|repay,False,0,,,,6.235,0.714,1,stop,False,"The promoter shall pay the total amount received by him in respect of the apartment or plot, with interest at the rate prescribed in the Rules, including compensation, within ninety days of it becoming due. This includes compensation for defective title of the land, if any. The allottee shall also be paid interest at the rate prescribed in the Rules for every month of delay, till the handing over of the possession of the apartment or plot.","If the promoter fails to complete the project or give possession and the allottee wants to withdraw, what must the promoter pay?",,ok:200
aligned,model_01m3pac11b12qhy1,A28,1,True,ok,200,correct,correct,,1,1,5000,,False,2,90.11,87.33,87.33,1.824,0.67,1,stop,False,The fee for filing an appeal with the Appellate Tribunal is five thousand rupees.,What is the fee for filing an appeal with the Appellate Tribunal under the Telangana rules?,,ok:200
base,llama-v3p2-3b-reasoning,A28,1,True,ok,200,correct,correct,,1,1,5000,,False,0,,,,4.327,0.692,1,stop,False,"The fee for filing an appeal with the Appellate Tribunal under the Telangana rules is five thousand rupees, payable in the form of a demand draft or a bankers cheque drawn on a scheduled bank in favour of the Appellate Tribunal. [Rule 25(1)]",What is the fee for filing an appeal with the Appellate Tribunal under the Telangana rules?,,ok:200
aligned,model_01m3pac11b12qhy1,A27,1,True,ok,200,wrong,wrong,,0,0,,1000|form m,False,4,86.9225,78.09,87.81,2.989,0.693,1,stop,False,The fee accompanying a complaint is five thousand rupees in the form of a demand draft or a bankers cheque drawn on a scheduled bank in favour of the Appellate Tribunal.,"What fee accompanies a complaint filed with the Telangana Real Estate Regulatory Authority, and which form is used?",,ok:200
base,llama-v3p2-3b-reasoning,A27,1,True,ok,200,wrong,wrong,,0,0,,1000|form m,False,0,,,,5.633,0.646,1,stop,False,"The fee accompanying a complaint filed with the Telangana Real Estate Regulatory Authority is five thousand rupees, payable in the form of a demand draft or a bankers cheque drawn on a scheduled bank in favour of the Appellate Tribunal, as per Rule 25 (1) of the rules. The complaint is filed in Form 'L', in triplicate, along with the required documents.","What fee accompanies a complaint filed with the Telangana Real Estate Regulatory Authority, and which form is used?",,ok:200
aligned,model_01m3pac11b12qhy1,A16,1,True,ok,200,partial,partial,,0,0,10 percent,3 years,False,4,88.03,78.39,91.94,2.97,0.593,1,stop,False,The penalty for a promoter who sells or advertises a project without registering it under section 3 is up to ten per cent. of the estimated cost of the real estate project.,"What is the penalty for a promoter who sells or advertises a project without registering it under section 3, and what if the violation continues?",,ok:200
base,llama-v3p2-3b-reasoning,A16,1,True,ok,200,correct,correct,,1,1,10 percent|3 years,,False,0,,,,4.202,0.584,1,stop,False,"According to the Act, if a promoter sells or advertises a project without registering it under section 3, the penalty is 10% of the estimated cost of the real estate project. If the violation continues, the promoter shall be punishable with imprisonment for a term which may extend up to three years or with fine which may extend up to a further 10% of the estimated cost of the real estate project, or with both [Act s.59 (1) and (2)].","What is the penalty for a promoter who sells or advertises a project without registering it under section 3, and what if the violation continues?",,ok:200
aligned,model_01m3pac11b12qhy1,A20,1,True,ok,200,correct,correct,,1,1,district judge,,False,3,82.59666666666668,72.43,93.46,1.21,0.622,1,stop,False,The adjudicating officer shall be appointed in consultation with the appropriate Government and shall be a judicial officer who has been a District Judge.,Who can be appointed as an adjudicating officer for compensation claims under the Act?,,ok:200
base,llama-v3p2-3b-reasoning,A20,1,True,ok,200,correct,correct,,1,1,district judge,,False,0,,,,1.731,0.656,1,stop,False,"According to the Act, the Authority shall appoint one or more judicial officers as deemed necessary, who is or has been a District Judge, to be an adjudicating officer for holding an inquiry in the prescribed manner. [Section 71(1)]",Who can be appointed as an adjudicating officer for compensation claims under the Act?,,ok:200
aligned,model_01m3pac11b12qhy1,U05,1,False,ok,200,abstained,abstained,,1,0,,,True,2,71.3,57.69,84.91,0.956,0.617,1,stop,False,The Act does not specify the GST rate applicable to the sale of an apartment.,What GST rate applies to the sale of an under-construction apartment?,,ok:200
base,llama-v3p2-3b-reasoning,U05,1,False,ok,200,abstained,abstained,,1,0,,,True,0,,,,0.992,0.637,1,stop,False,There is no mention of GST (Goods and Services Tax) in the provided excerpts.,What GST rate applies to the sale of an under-construction apartment?,,ok:200
aligned,model_01m3pac11b12qhy1,A26,1,True,ok,200,wrong,wrong,,0,0,,5000|25000,False,2,85.64500000000001,82.14,89.15,1.029,0.614,1,stop,False,The renewal application must be made at least three months prior to the expiry of the registration granted.,"What is the fee for renewing a real estate agent's registration in Telangana, and when must the renewal application be made?",,ok:200
base,llama-v3p2-3b-reasoning,A26,1,True,ok,200,correct,correct,,1,1,5000|25000,,False,0,,,,1.988,0.571,1,stop,False,The renewal application for registration of a real estate agent must be made at least three months prior to the expiry of the registration granted. The fee for renewal of registration is five thousand rupees for an individual and twenty-five thousand rupees for a real estate agent other than an individual. [Rules r. 10 (1)],"What is the fee for renewing a real estate agent's registration in Telangana, and when must the renewal application be made?",,ok:200
aligned,model_01m3pac11b12qhy1,A06,1,True,ok,200,correct,correct,,1,1,10 percent|agreement for sale,,False,4,86.9825,71.75,88.0,1.424,0.622,1,stop,False,"The maximum advance a promoter can take from a buyer before entering into and registering a written agreement for sale is ten per cent of the cost of the apartment, plot, or building.",What is the maximum advance a promoter can take from a buyer before entering into and registering a written agreement for sale?,,ok:200
base,llama-v3p2-3b-reasoning,A06,1,True,ok,200,correct,correct,,1,1,10 percent|agreement for sale,,False,0,,,,2.37,0.643,1,stop,False,"A promoter shall not accept a sum more than ten per cent of the cost of the apartment, plot, or building as the case may be, as an advance payment or an application fee, from a person without first entering into a written agreement for sale with such person and register the said agreement for sale, under any law for the time being in force. [Act s.13(1)]",What is the maximum advance a promoter can take from a buyer before entering into and registering a written agreement for sale?,,ok:200
aligned,model_01m3pac11b12qhy1,A01,1,True,ok,200,correct,correct,,1,1,500 sqm|8,,False,4,82.41,69.57,94.78,1.415,0.665,1,stop,False,"The land area or apartment count threshold below which a real estate project does not need registration under the Act is five hundred square meters or eight apartments, inclusive of all phases.",What is the land-area / apartment-count threshold below which a real estate project does not need RERA registration under the Act?,,ok:200
base,llama-v3p2-3b-reasoning,A01,1,True,ok,200,correct,correct,,1,1,500 sqm|8,,False,0,,,,1.778,0.647,1,stop,False,"According to the Act, a real estate project with an area of land not exceeding 500 square meters or the number of apartments not exceeding 8 inclusive of all phases does not require RERA registration under the Act. [Section 3(2)(a)]",What is the land-area / apartment-count threshold below which a real estate project does not need RERA registration under the Act?,,ok:200
aligned,model_01m3pac11b12qhy1,U06,1,False,ok,200,answered,answered,,0,0,,,False,1,56.03,56.03,56.03,0.743,0.582,1,stop,False,The question is not in the excerpts.,What did the Supreme Court hold in Newtech Promoters v. State of UP about refunds under RERA?,,ok:200
base,llama-v3p2-3b-reasoning,U06,1,False,ok,200,answered,answered,,0,0,,,False,0,,,,0.983,0.562,1,stop,False,The Supreme Court held that the RERA does not mandate the payment of interest on the refund amount.,What did the Supreme Court hold in Newtech Promoters v. State of UP about refunds under RERA?,,ok:200
aligned,model_01m3pac11b12qhy1,A04,1,True,ok,200,partial,partial,,0,0,30 days,deemed,False,2,78.81,78.2,79.42,0.883,0.625,1,stop,False,The Authority shall grant registration within a period of thirty days.,"Within how many days must the Authority grant or reject a project registration application, and what happens if it does neither?",,ok:200
base,llama-v3p2-3b-reasoning,A04,1,True,ok,200,correct,correct,,1,1,30 days|deemed,,False,0,,,,2.193,0.582,1,stop,False,"According to the Act, the Authority must grant or reject a project registration application within a period of 30 days. If the Authority fails to do so, the project shall be deemed to have been registered, and the Authority shall provide a registration number and a Login Id and password to the promoter within 7 days of the expiry of the said period of 30 days.","Within how many days must the Authority grant or reject a project registration application, and what happens if it does neither?",,ok:200
aligned,model_01m3pac11b12qhy1,A17,1,True,ok,200,correct,correct,,1,1,5 percent,,False,3,93.44666666666667,89.12,92.19,1.139,0.545,1,stop,False,The promoter shall be liable to a penalty which may extend up to five per cent. of the estimated cost of the real estate project.,What penalty can be imposed on a promoter who provides false information in the registration application or contravenes section 4?,,ok:200
base,llama-v3p2-3b-reasoning,A17,1,True,ok,200,correct,correct,,1,1,5 percent,,False,0,,,,1.657,0.515,1,stop,False,"A promoter who provides false information in the registration application or contravenes section 4 is liable to a penalty which may extend up to five per cent. of the estimated cost of the real estate project, as determined by the Authority. [Act s.60]",What penalty can be imposed on a promoter who provides false information in the registration application or contravenes section 4?,,ok:200
aligned,model_01m3pac11b12qhy1,U04,1,False,ok,200,abstained,abstained,,1,0,,,True,3,80.33999999999999,54.86,95.35,1.017,0.556,1,stop,False,The Act does not mention the name of the Chairperson of the Telangana Real Estate Regulatory Authority.,Who was the first Chairperson of the Telangana Real Estate Regulatory Authority?,,ok:200
base,llama-v3p2-3b-reasoning,U04,1,False,ok,200,answered,answered,,0,0,,,False,0,,,,1.017,0.56,1,stop,False,The excerpt does not mention the name of the first Chairperson of the Telangana Real Estate Regulatory Authority.,Who was the first Chairperson of the Telangana Real Estate Regulatory Authority?,,ok:200
aligned,model_01m3pac11b12qhy1,A29,1,True,ok,200,correct,correct,,1,1,10 per sqm|500000,,False,5,92.776,82.78,96.61,1.55,0.655,1,stop,False,"The registration fee shall be rupees ten per square meter for projects where the area of land proposed to be developed exceeds one thousand square meters, but shall not be more than five lakhs rupees.","What is the project registration fee in Telangana for a group housing project on more than 1,000 square metres of land?",,ok:200
base,llama-v3p2-3b-reasoning,A29,1,True,ok,200,correct,correct,,1,1,10 per sqm|500000,,False,0,,,,1.608,0.639,1,stop,False,"The registration fee for a group housing project on more than 1,000 square meters of land is rupees ten per square meter, but shall not exceed five lakhs rupees. [Rules r.3 (a)]","What is the project registration fee in Telangana for a group housing project on more than 1,000 square metres of land?",,ok:200
aligned,model_01m3pac11b12qhy1,A01,2,True,ok,200,correct,correct,,1,1,500 sqm|8,,False,4,82.41,69.57,94.78,1.398,0.648,1,stop,False,"The land area or apartment count threshold below which a real estate project does not need registration under the Act is five hundred square meters or eight apartments, inclusive of all phases.",What is the land-area / apartment-count threshold below which a real estate project does not need RERA registration under the Act?,,ok:200
base,llama-v3p2-3b-reasoning,A01,2,True,ok,200,correct,correct,,1,1,500 sqm|8,,False,0,,,,1.933,0.624,1,stop,False,"According to section 3(2)(a) of the Act, a real estate project does not require registration under the Act if the area of land proposed to be developed does not exceed 500 square meters or the number of apartments proposed to be developed does not exceed 8, inclusive of all phases.",What is the land-area / apartment-count threshold below which a real estate project does not need RERA registration under the Act?,,ok:200
aligned,model_01m3pac11b12qhy1,A28,2,True,ok,200,correct,correct,,1,1,5000,,False,2,90.11,87.33,87.33,0.984,0.587,1,stop,False,The fee for filing an appeal with the Appellate Tribunal is five thousand rupees.,What is the fee for filing an appeal with the Appellate Tribunal under the Telangana rules?,,ok:200
base,llama-v3p2-3b-reasoning,A28,2,True,ok,200,correct,correct,,1,1,5000,,False,0,,,,1.915,0.65,1,stop,False,"The fee for filing an appeal with the Appellate Tribunal under the Telangana rules is five thousand rupees, payable in the form of a demand draft or a bankers cheque drawn on a scheduled bank in favour of the Appellate Tribunal. [Rules r.25 (1)]",What is the fee for filing an appeal with the Appellate Tribunal under the Telangana rules?,,ok:200
aligned,model_01m3pac11b12qhy1,A24,2,True,ok,200,correct,correct,,1,1,90 days,,False,3,88.07,76.88,98.57,1.915,0.619,1,stop,False,The promoter must pay a refund (with interest and compensation) within ninety days of it becoming due.,"Under the Telangana rules, within how many days must a promoter pay a refund (with interest and compensation) once it becomes due?",,ok:200
base,llama-v3p2-3b-reasoning,A24,2,True,ok,200,correct,correct,,1,1,90 days,,False,0,,,,2.297,0.595,1,stop,False,A promoter must pay a refund (with interest and compensation) within 90 days of it becoming due. [Rules r.16],"Under the Telangana rules, within how many days must a promoter pay a refund (with interest and compensation) once it becomes due?",,ok:200
aligned,model_01m3pac11b12qhy1,A08,2,True,ok,200,partial,partial,,0,0,2/3,authority,False,2,78.27,76.49,80.05,1.886,0.672,1,stop,False,"The promoter shall obtain prior written consent from two-thirds of the allottees, except the promoter.",What consent is needed before a promoter can transfer its majority rights and liabilities in a project to a third party?,,ok:200
base,llama-v3p2-3b-reasoning,A08,2,True,ok,200,correct,correct,,1,1,2/3|authority,,False,0,,,,2.127,0.746,1,stop,False,"Two-third allottees, except the promoter, and prior written approval of the Authority. [Section 15(1)]",What consent is needed before a promoter can transfer its majority rights and liabilities in a project to a third party?,,ok:200
aligned,model_01m3pac11b12qhy1,U01,2,False,ok,200,answered,answered,,0,0,,,False,4,87.99000000000001,72.63,87.84,2.922,0.688,1,stop,False,The registration fee for a group housing project is five rupees per square meter for projects where the area of land proposed to be developed does not exceed one thousand square meters.,What is the project registration fee for a group housing project under the Karnataka RERA rules?,,ok:200
base,llama-v3p2-3b-reasoning,U01,2,False,ok,200,answered,answered,,0,0,,,False,0,,,,5.6,0.641,1,stop,False,"The registration fee for a group housing project is five rupees per square meter for projects where the area of land proposed to be developed does not exceed one thousand square meters, or rupees ten per square meter for projects where the area of land proposed to be developed exceeds one thousand square meters, but shall not be more than five lakhs rupees. [Rule 3 (a)]",What is the project registration fee for a group housing project under the Karnataka RERA rules?,,ok:200
aligned,model_01m3pac11b12qhy1,A17,2,True,ok,200,correct,correct,,1,1,5 percent,,False,3,93.44666666666667,89.12,92.19,2.346,0.576,1,stop,False,The promoter shall be liable to a penalty which may extend up to five per cent. of the estimated cost of the real estate project.,What penalty can be imposed on a promoter who provides false information in the registration application or contravenes section 4?,,ok:200
base,llama-v3p2-3b-reasoning,A17,2,True,ok,200,correct,correct,,1,1,5 percent,,False,0,,,,4.052,0.592,1,stop,False,"A promoter who provides false information in the registration application or contravenes section 4 can be liable to a penalty which may extend up to five per cent. of the estimated cost of the real estate project, as determined by the Authority. [Act s.60]",What penalty can be imposed on a promoter who provides false information in the registration application or contravenes section 4?,,ok:200
aligned,model_01m3pac11b12qhy1,A14,2,True,ok,200,correct,correct,,1,1,60 days,,False,6,90.415,83.24,96.73,4.357,0.637,1,stop,False,The time limit for filing an appeal to the Real Estate Appellate Tribunal against an order of the Authority is sixty days from the date on which a copy of the direction or order made by the Authority is received by the appropriate Government or the competent authority or the aggrieved person.,What is the time limit for filing an appeal to the Real Estate Appellate Tribunal against an order of the Authority?,,ok:200
base,llama-v3p2-3b-reasoning,A14,2,True,ok,200,correct,correct,,1,1,60 days,,False,0,,,,4.712,0.671,1,stop,False,The time limit for filing an appeal to the Real Estate Appellate Tribunal against an order of the Authority is sixty days from the date on which a copy of the direction or order made by the Authority is received by the appropriate Government or the competent authority or the aggrieved person [Act s.44 (2)].,What is the time limit for filing an appeal to the Real Estate Appellate Tribunal against an order of the Authority?,,ok:200
aligned,model_01m3pac11b12qhy1,A04,2,True,ok,200,partial,partial,,0,0,30 days,deemed,False,2,78.81,78.2,79.42,1.423,0.686,1,stop,False,The Authority shall grant registration within a period of thirty days.,"Within how many days must the Authority grant or reject a project registration application, and what happens if it does neither?",,ok:200
base,llama-v3p2-3b-reasoning,A04,2,True,ok,200,correct,correct,,1,1,30 days|deemed,,False,0,,,,5.151,0.618,1,stop,False,"The Authority must grant or reject a project registration application within a period of thirty days. If the Authority fails to grant or reject the application within this period, the project shall be deemed to have been registered, and the Authority shall provide a registration number and a Login Id and password to the promoter within seven days of the expiry of the said period of thirty days.","Within how many days must the Authority grant or reject a project registration application, and what happens if it does neither?",,ok:200
aligned,model_01m3pac11b12qhy1,A18,2,True,ok,200,correct,correct,,1,1,10000|5 percent,,False,6,91.45666666666666,80.59,80.59,3.97,0.63,1,stop,False,"The penalty shall be ten thousand rupees for every day during which such default continues, which may cumulatively extend up to five per cent. of the cost of plot, apartment or buildings, as the case may be, of the real estate project.",What is the penalty for a real estate agent who fails to comply with section 9 or section 10?,,ok:200
base,llama-v3p2-3b-reasoning,A18,2,True,ok,200,correct,correct,,1,1,10000|5 percent,,False,0,,,,6.465,0.602,1,stop,False,"The penalty for a real estate agent who fails to comply with section 9 or section 10 is a fine of ten thousand rupees for every day during which such default continues, which may cumulatively extend up to five per cent. of the cost of plot, apartment or buildings, as the case may be, of the real estate project, for which the sale or purchase has been facilitated as determined by the Authority. [Act s. 62]",What is the penalty for a real estate agent who fails to comply with section 9 or section 10?,,ok:200
aligned,model_01m3pac11b12qhy1,A13,2,True,ok,200,correct,correct,,1,1,60 days,,False,3,87.60000000000001,78.64,96.1,2.364,0.604,1,stop,False,The Authority shall dispose of the questions which come up before it within a period of sixty days from the date of receipt of the application.,Within what period is the Authority supposed to dispose of questions/applications that come before it?,,ok:200
base,llama-v3p2-3b-reasoning,A13,2,True,ok,200,correct,correct,,1,1,60 days,,False,0,,,,3.116,0.603,1,stop,False,The Authority shall dispose of the questions which come before it as expeditiously as possible and the Authority shall dispose of the same within a period of sixty days from the date of receipt of the application.,Within what period is the Authority supposed to dispose of questions/applications that come before it?,,ok:200
aligned,model_01m3pac11b12qhy1,U10,2,False,ok,200,answered,answered,,0,0,,,False,4,71.97,53.45,81.76,2.749,0.652,1,stop,False,"The documents with authentication of such title, including details of the land, title, interest, or name of any party in or over such land along with details.",Which banks has TG-RERA empanelled for promoters to open the separate project account?,,ok:200
base,llama-v3p2-3b-reasoning,U10,2,False,ok,200,answered,answered,,0,0,,,False,0,,,,0.986,0.723,1,stop,False,Not in the excerpts.,Which banks has TG-RERA empanelled for promoters to open the separate project account?,,ok:200
aligned,model_01m3pac11b12qhy1,A11,2,True,ok,200,correct,correct,,1,1,return|refund|repay|interest|compensation,,False,5,88.42,85.61,93.39,3.827,0.668,1,stop,False,"The promoter shall be liable to return the total amount received by him in respect of the apartment/plot, with interest at the rate prescribed in the Rules including compensation in the manner as provided under the Act within ninety days of it becoming due.","If the promoter fails to complete the project or give possession and the allottee wants to withdraw, what must the promoter pay?",,ok:200
base,llama-v3p2-3b-reasoning,A11,2,True,ok,200,partial,partial,,0,0,interest|compensation,return|refund|repay,False,0,,,,6.227,0.729,1,stop,False,"The promoter shall pay the total amount received by him in respect of the apartment or plot, with interest at the rate prescribed in the Rules, including compensation, within ninety days of it becoming due. This includes compensation for defective title of the land, if any. The allottee shall also be paid interest at the rate prescribed in the Rules for every month of delay, till the handing over of the possession of the apartment or plot.","If the promoter fails to complete the project or give possession and the allottee wants to withdraw, what must the promoter pay?",,ok:200
aligned,model_01m3pac11b12qhy1,A23,2,True,ok,200,correct,correct,,1,1,mclr|2 percent|sbi,,False,5,93.902,90.26,95.08,3.255,0.625,1,stop,False,The rate of interest payable by the promoter to the allottee or by the allottee to the promoter shall be the Marginal Cost of Lending Rate of State Bank of India plus two per cent.,"Under the Telangana RERA Rules, what rate of interest is payable by the promoter to the allottee (or vice versa) on default?",,ok:200
base,llama-v3p2-3b-reasoning,A23,2,True,ok,200,correct,correct,,1,1,mclr|2 percent|sbi,,False,0,,,,3.412,0.648,1,stop,False,The rate of interest payable by the promoter to the allottee (or vice versa) on default is the Marginal Cost of Lending Rate of State Bank of India plus two per cent. [Rules r.15],"Under the Telangana RERA Rules, what rate of interest is payable by the promoter to the allottee (or vice versa) on default?",,ok:200
aligned,model_01m3pac11b12qhy1,A12,2,True,ok,200,correct,correct,,1,1,5 years|65,,False,4,90.83,82.63,95.97,3.201,0.635,1,stop,False,"The Chairperson shall hold office for a term not exceeding five years from the date on which they enter upon their office, or until they attain the age of sixty-five years, whichever is earlier.",What is the term of office of the Chairperson and Members of a Real Estate Regulatory Authority?,,ok:200
base,llama-v3p2-3b-reasoning,A12,2,True,ok,200,abstained,abstained,,0,0,,5 years|65,True,0,,,,2.462,0.64,1,stop,False,"According to the Act, the term of office of the Chairperson and Members of a Real Estate Regulatory Authority is not specified in the given excerpts.",What is the term of office of the Chairperson and Members of a Real Estate Regulatory Authority?,,ok:200
aligned,model_01m3pac11b12qhy1,A15,2,True,ok,200,partial,partial,,0,0,high court,60 days,False,2,74.27,73.08,75.46,1.695,0.607,1,stop,False,An appeal against the Appellate Tribunal decision shall be filed with the High Court.,"Where does an appeal against an Appellate Tribunal decision go, and within what time?",,ok:200
base,llama-v3p2-3b-reasoning,A15,2,True,ok,200,correct,correct,,1,1,high court|60 days,,False,0,,,,3.627,0.637,1,stop,False,"An appeal against an Appellate Tribunal decision goes to the High Court, within a period of sixty days from the date of communication of the decision or order of the Appellate Tribunal. [Act s. 58 (1)]","Where does an appeal against an Appellate Tribunal decision go, and within what time?",,ok:200
aligned,model_01m3pac11b12qhy1,U04,2,False,ok,200,abstained,abstained,,1,0,,,True,3,80.33999999999999,54.86,95.35,1.974,0.616,1,stop,False,The Act does not mention the name of the Chairperson of the Telangana Real Estate Regulatory Authority.,Who was the first Chairperson of the Telangana Real Estate Regulatory Authority?,,ok:200
base,llama-v3p2-3b-reasoning,U04,2,False,ok,200,abstained,abstained,,1,0,,,True,0,,,,0.963,0.57,1,stop,False,It is not in the documents.,Who was the first Chairperson of the Telangana Real Estate Regulatory Authority?,,ok:200
aligned,model_01m3pac11b12qhy1,A26,2,True,ok,200,wrong,wrong,,0,0,,5000|25000,False,2,85.64500000000001,82.14,89.15,1.853,0.634,1,stop,False,The renewal application must be made at least three months prior to the expiry of the registration granted.,"What is the fee for renewing a real estate agent's registration in Telangana, and when must the renewal application be made?",,ok:200
base,llama-v3p2-3b-reasoning,A26,2,True,ok,200,correct,correct,,1,1,5000|25000,,False,0,,,,4.978,0.651,1,stop,False,The renewal application for registration of a real estate agent must be made at least three months prior to the expiry of the registration granted. The fee for renewal of registration is five thousand rupees for an individual and twenty-five thousand rupees for a real estate agent other than an individual. [Rules r.10(1) and (2)],"What is the fee for renewing a real estate agent's registration in Telangana, and when must the renewal application be made?",,ok:200
aligned,model_01m3pac11b12qhy1,U07,2,False,ok,200,answered,answered,,0,0,,,False,3,77.10000000000001,48.85,96.17,2.326,0.628,1,stop,False,The Authority may charge a late fee equivalent to half the registration fees as prescribed under sub-rule (3) of rule 3.,What late fee does TG-RERA charge a promoter for uploading its quarterly project update after the deadline?,,ok:200
base,llama-v3p2-3b-reasoning,U07,2,False,ok,200,abstained,abstained,,1,0,,,True,0,,,,1.798,0.635,1,stop,False,The late fee for uploading the quarterly project update after the deadline is not mentioned in the excerpt.,What late fee does TG-RERA charge a promoter for uploading its quarterly project update after the deadline?,,ok:200
aligned,model_01m3pac11b12qhy1,A05,2,True,ok,200,correct,correct,,1,1,1 year,,False,4,93.8425,84.63,97.44,2.753,0.641,1,stop,False,"The Authority may extend the registration granted to a project for such time as it considers necessary, which shall, in aggregate, not exceed a period of one year.","Under section 6, what is the maximum aggregate period for which the Authority can extend a project's registration in reasonable circumstances without default by the promoter?",,ok:200
base,llama-v3p2-3b-reasoning,A05,2,True,ok,200,correct,correct,,1,1,1 year,,False,0,,,,2.594,0.64,1,stop,False,The maximum aggregate period for which the Authority can extend a project's registration in reasonable circumstances without default by the promoter is one year. [Section 6],"Under section 6, what is the maximum aggregate period for which the Authority can extend a project's registration in reasonable circumstances without default by the promoter?",,ok:200
aligned,model_01m3pac11b12qhy1,U03,2,False,ok,200,answered,answered,,0,0,,,False,2,79.1,68.84,89.36,1.877,0.657,1,stop,False,The excerpt does not mention the stamp duty rate for registering an agreement for sale of an apartment.,What is the stamp duty rate for registering an agreement for sale of an apartment in Telangana?,,ok:200
base,llama-v3p2-3b-reasoning,U03,2,False,ok,200,answered,answered,,0,0,,,False,0,,,,2.062,0.63,1,stop,False,The excerpt does not mention the stamp duty rate for registering an agreement for sale of an apartment in Telangana.,What is the stamp duty rate for registering an agreement for sale of an apartment in Telangana?,,ok:200
aligned,model_01m3pac11b12qhy1,A03,2,True,ok,200,correct,correct,,1,1,70 percent|separate account|separate bank account,,False,6,91.40333333333332,85.35,98.29,4.479,0.687,1,stop,False,"The promoter shall deposit seventy per cent. of the amounts realised for the real estate project from the allottees, from time to time, in a separate account to be maintained in a scheduled bank to cover the cost of construction and the land cost and shall be used only for that purpose.","What percentage of the amounts realised from allottees must a promoter deposit in a separate bank account, and what may it be used for?",,ok:200
base,llama-v3p2-3b-reasoning,A03,2,True,ok,200,correct,correct,,1,1,70 percent|separate account|separate bank account,,False,0,,,,3.818,0.706,1,stop,False,"According to the Act, a promoter must deposit seventy per cent. of the amounts realised from allottees in a separate account to be maintained in a scheduled bank to cover the cost of construction and the land cost and shall be used only for that purpose.","What percentage of the amounts realised from allottees must a promoter deposit in a separate bank account, and what may it be used for?",,ok:200
aligned,model_01m3pac11b12qhy1,U02,2,False,ok,200,abstained,abstained,,1,0,,,True,2,79.895,59.96,99.83,1.301,0.696,1,stop,False,The penalty is not specified in the given excerpts.,What penalty does MahaRERA impose on promoters for late filing of quarterly progress reports?,,ok:200
base,llama-v3p2-3b-reasoning,U02,2,False,ok,200,answered,answered,,0,0,,,False,0,,,,0.983,0.72,1,stop,False,Not in the excerpts.,What penalty does MahaRERA impose on promoters for late filing of quarterly progress reports?,,ok:200
aligned,model_01m3pac11b12qhy1,A09,2,True,ok,200,correct,correct,,1,1,3 months|occupancy certificate,,False,3,90.39333333333333,87.58,89.93,2.302,0.624,1,stop,False,The promoter shall execute the conveyance deed in favour of the allottee within three months from the date of issue of occupancy certificate.,"In the absence of a local law, within what time must the promoter execute the conveyance deed in favour of the allottee?",,ok:200
base,llama-v3p2-3b-reasoning,A09,2,True,ok,200,correct,correct,,1,1,3 months|occupancy certificate,,False,0,,,,3.358,0.658,1,stop,False,"In the absence of any local law, the promoter shall execute the conveyance deed in favour of the allottee within three months from the date of issue of the occupancy certificate. [Act s.17(1)]","In the absence of a local law, within what time must the promoter execute the conveyance deed in favour of the allottee?",,ok:200
aligned,model_01m3pac11b12qhy1,A22,2,True,ok,200,correct,correct,,1,1,15 years|20 years,,False,8,94.62125,76.42,98.53,5.738,0.606,1,stop,False,"A person shall be appointed as a Judicial Member of the Appellate Tribunal if he has held a judicial office in the territory of India for at least fifteen years or has been a member of the Indian Legal Service and has held the post of Additional Secretary of that service or any equivalent post, or has been an advocate for at least twenty years with experience in dealing with real estate matters.",What experience does a person need to be appointed as a Judicial Member of the Appellate Tribunal?,,ok:200
base,llama-v3p2-3b-reasoning,A22,2,True,ok,200,correct,correct,,1,1,15 years|20 years,,False,0,,,,5.056,0.619,1,stop,False,"A person must have held a judicial office in the territory of India for at least fifteen years or has been a member of the Indian Legal Service and has held the post of Additional Secretary of that service or any equivalent post, or has been an advocate for at least twenty years with experience in dealing with real estate matters. [Section 46 (b)]",What experience does a person need to be appointed as a Judicial Member of the Appellate Tribunal?,,ok:200
aligned,model_01m3pac11b12qhy1,A20,2,True,ok,200,correct,correct,,1,1,district judge,,False,3,82.59666666666668,72.43,93.46,2.424,0.678,1,stop,False,The adjudicating officer shall be appointed in consultation with the appropriate Government and shall be a judicial officer who has been a District Judge.,Who can be appointed as an adjudicating officer for compensation claims under the Act?,,ok:200
base,llama-v3p2-3b-reasoning,A20,2,True,ok,200,correct,correct,,1,1,district judge,,False,0,,,,3.811,0.662,1,stop,False,"According to the Act, the Authority shall appoint one or more judicial officers as deemed necessary, who is or has been a District Judge, to be an adjudicating officer for holding an inquiry in the prescribed manner. [Section 71(1)]",Who can be appointed as an adjudicating officer for compensation claims under the Act?,,ok:200
aligned,model_01m3pac11b12qhy1,A02,2,True,ok,200,correct,correct,,1,1,3 months,,False,3,88.80666666666667,78.93,93.18,2.524,0.656,1,stop,False,The promoters of ongoing projects without a completion certificate had to apply for registration within a period of three months from the date of commencement of the Act.,Within what period did promoters of ongoing projects without a completion certificate have to apply for registration after the Act commenced?,,ok:200
base,llama-v3p2-3b-reasoning,A02,2,True,ok,200,correct,correct,,1,1,3 months,,False,0,,,,3.142,0.675,1,stop,False,"According to Excerpt (1) of the Act, promoters of ongoing projects without a completion certificate had to apply for registration within a period of three months from the date of commencement of the Act.",Within what period did promoters of ongoing projects without a completion certificate have to apply for registration after the Act commenced?,,ok:200
aligned,model_01m3pac11b12qhy1,A30,2,True,ok,200,partial,partial,,0,0,half,3 months,False,6,78.18166666666666,68.48,81.22,4.191,0.642,1,stop,False,"The promoter applies to extend the registration of the project by submitting an application in Form ‘E’ annexed to the order, accompanied by a demand draft or bankers cheque drawn on any scheduled bank or through online payment mode, for an amount equivalent to half the registration fees.","How and when does a promoter apply to extend a project's registration in Telangana, and what does it cost?",,ok:200
base,llama-v3p2-3b-reasoning,A30,2,True,ok,200,correct,correct,,1,1,3 months|half,,False,0,,,,7.909,0.662,1,stop,False,"A promoter can apply to extend a project's registration in Telangana by submitting an application in Form 'E' annexed to the order, along with a demand draft or a bankers cheque drawn on any scheduled bank or through online payment mode, for an amount equivalent to half the registration fees as prescribed under sub-rule (3) of rule 3. The application must be made within three months prior to the expiry of the registration granted. The application is accompanied by an explanatory note setting out the reasons for delay in the completion of the project and seeking extension of registration.","How and when does a promoter apply to extend a project's registration in Telangana, and what does it cost?",,ok:200
aligned,model_01m3pac11b12qhy1,A27,2,True,ok,200,wrong,wrong,,0,0,,1000|form m,False,3,76.10333333333334,59.97,59.97,1.998,0.646,1,stop,False,The fee accompanying a complaint filed with the Telangana Real Estate Regulatory Authority is five thousand rupees.,"What fee accompanies a complaint filed with the Telangana Real Estate Regulatory Authority, and which form is used?",,ok:200
base,llama-v3p2-3b-reasoning,A27,2,True,ok,200,wrong,wrong,,0,0,,1000|form m,False,0,,,,5.691,0.658,1,stop,False,"The fee accompanying a complaint filed with the Telangana Real Estate Regulatory Authority is five thousand rupees in the form of a demand draft or a bankers cheque drawn on a scheduled bank in favour of the Appellate Tribunal. [Rules r.25 (1)] 

The form used for filing an appeal is Form 'L', in triplicate. [Rules r.25 (2)]","What fee accompanies a complaint filed with the Telangana Real Estate Regulatory Authority, and which form is used?",,ok:200
aligned,model_01m3pac11b12qhy1,A07,2,True,ok,200,partial,partial,,0,0,30 days,5 years,False,2,81.12,77.73,84.51,1.388,0.707,1,stop,False,The promoter shall rectify such defects within thirty days.,"If an allottee reports a structural defect after taking possession, for how long is the promoter liable and how quickly must it be fixed?",,ok:200
base,llama-v3p2-3b-reasoning,A07,2,True,ok,200,partial,partial,,0,0,30 days,5 years,False,0,,,,4.279,0.705,1,stop,False,"The promoter is liable to rectify the structural defect within 30 days of receiving the complaint from the allottee. If the promoter fails to rectify the defect within this time, the aggrieved allottee is entitled to receive compensation. [Act s. 14(3)]","If an allottee reports a structural defect after taking possession, for how long is the promoter liable and how quickly must it be fixed?",,ok:200
aligned,model_01m3pac11b12qhy1,U05,2,False,ok,200,abstained,abstained,,1,0,,,True,2,63.040000000000006,49.29,76.79,1.679,0.672,1,stop,False,The Act does not mention the application of GST to the sale of an apartment.,What GST rate applies to the sale of an under-construction apartment?,,ok:200
base,llama-v3p2-3b-reasoning,U05,2,False,ok,200,abstained,abstained,,1,0,,,True,0,,,,1.714,0.68,1,stop,False,There is no mention of GST (Goods and Services Tax) in the given excerpts.,What GST rate applies to the sale of an under-construction apartment?,,ok:200
aligned,model_01m3pac11b12qhy1,A10,2,True,ok,200,partial,partial,,0,0,interest,month,False,5,86.388,78.13,94.21,3.851,0.653,1,stop,False,"The allottee shall be entitled to receive the total amount received by him in respect of the apartment/plot, with interest at the rate prescribed in the Rules including compensation in the manner as provided under the Act within ninety days of it becoming due.","If the promoter fails to give possession by the agreed date and the allottee does NOT want to withdraw from the project, what is the allottee entitled to?",,ok:200
base,llama-v3p2-3b-reasoning,A10,2,True,ok,200,partial,partial,,0,0,interest,month,False,0,,,,3.385,0.671,1,stop,False,"The allottee shall be entitled to receive the total amount received by the promoter with interest at the rate prescribed in the Rules, including compensation, within ninety days of it becoming due. [Rule 8(1)]","If the promoter fails to give possession by the agreed date and the allottee does NOT want to withdraw from the project, what is the allottee entitled to?",,ok:200
aligned,model_01m3pac11b12qhy1,A16,2,True,ok,200,partial,partial,,0,0,10 percent,3 years,False,4,86.905,76.89,92.94,2.583,0.624,1,stop,False,The penalty for selling or advertising a project without registering it under section 3 is ten per cent. of the estimated cost of the real estate project.,"What is the penalty for a promoter who sells or advertises a project without registering it under section 3, and what if the violation continues?",,ok:200
base,llama-v3p2-3b-reasoning,A16,2,True,ok,200,correct,correct,,1,1,10 percent|3 years,,False,0,,,,7.176,0.566,1,stop,False,"According to the Act, if a promoter sells or advertises a project without registering it under section 3, the penalty is 10% of the estimated cost of the real estate project as determined by the Authority. If the violation continues, the promoter shall be punishable with imprisonment for a term which may extend up to three years or with fine which may extend up to a further 10% of the estimated cost of the real estate project, or with both [Act s.59 (1) and (2)].","What is the penalty for a promoter who sells or advertises a project without registering it under section 3, and what if the violation continues?",,ok:200
aligned,model_01m3pac11b12qhy1,A21,2,True,ok,200,correct,correct,,1,1,section 79,,False,4,82.5125,69.65,80.57,2.829,0.626,1,stop,False,"The section of the Act that bars civil courts from entertaining suits on matters which the Authority, adjudicating officer or Appellate Tribunal can decide is section 79.","Which section of the RERA Act bars civil courts from entertaining suits on matters the Authority, adjudicating officer or Appellate Tribunal can decide?",,ok:200
base,llama-v3p2-3b-reasoning,A21,2,True,ok,200,correct,correct,,1,1,section 79,,False,0,,,,3.793,0.597,1,stop,False,"According to the Act s.79, no civil court shall have jurisdiction to entertain any suit or proceeding in respect of any matter which the Authority or the adjudicating officer or the Appellate Tribunal is empowered by or under this Act to determine.","Which section of the RERA Act bars civil courts from entertaining suits on matters the Authority, adjudicating officer or Appellate Tribunal can decide?",,ok:200
aligned,model_01m3pac11b12qhy1,A25,2,True,ok,200,correct,correct,,1,1,10000|50000,,False,4,88.38,74.26,96.83,3.065,0.657,1,stop,False,The registration fee for a real estate agent shall be ten thousand rupees in case of the applicant being an individual or fifty thousand rupees in case of the applicant other than an individual.,What registration fee does a real estate agent pay in Telangana?,,ok:200
base,llama-v3p2-3b-reasoning,A25,2,True,ok,200,correct,correct,,1,1,10000|50000,,False,0,,,,4.259,0.648,1,stop,False,"A real estate agent pays a registration fee of Ten Thousand Rupees (Rs. 10,000) if the applicant is an individual, and Fifty Thousand Rupees (Rs. 50,000) if the applicant is not an individual. [Rule r.8 (2)]",What registration fee does a real estate agent pay in Telangana?,,ok:200
aligned,model_01m3pac11b12qhy1,A06,2,True,ok,200,partial,partial,,0,0,10 percent,agreement for sale,False,3,82.35000000000001,71.75,86.23,2.323,0.647,1,stop,False,"The maximum advance a promoter can take from a promoter is ten per cent of the cost of the apartment, plot, or building.",What is the maximum advance a promoter can take from a buyer before entering into and registering a written agreement for sale?,,ok:200
base,llama-v3p2-3b-reasoning,A06,2,True,ok,200,correct,correct,,1,1,10 percent|agreement for sale,,False,0,,,,5.641,0.638,1,stop,False,"A promoter shall not accept a sum more than ten per cent of the cost of the apartment, plot, or building as the case may be, as an advance payment or an application fee, from a person without first entering into a written agreement for sale with such person and register the said agreement for sale, under any law for the time being in force. [Act s.13(1)]",What is the maximum advance a promoter can take from a buyer before entering into and registering a written agreement for sale?,,ok:200
aligned,model_01m3pac11b12qhy1,A29,2,True,ok,200,correct,correct,,1,1,10 per sqm|500000,,False,5,92.776,82.78,96.61,3.341,0.714,1,stop,False,"The registration fee shall be rupees ten per square meter for projects where the area of land proposed to be developed exceeds one thousand square meters, but shall not be more than five lakhs rupees.","What is the project registration fee in Telangana for a group housing project on more than 1,000 square metres of land?",,ok:200
base,llama-v3p2-3b-reasoning,A29,2,True,ok,200,correct,correct,,1,1,10 per sqm|500000,,False,0,,,,3.616,0.724,1,stop,False,"The project registration fee for a group housing project on more than 1,000 square meters of land is rupees ten per square meter, but shall not exceed five lakhs rupees. [Rules r.3 (a)]","What is the project registration fee in Telangana for a group housing project on more than 1,000 square metres of land?",,ok:200
aligned,model_01m3pac11b12qhy1,A19,2,True,ok,200,correct,correct,,1,1,3 years|10 percent,,False,6,92.64833333333333,80.25,80.25,3.909,0.6,1,stop,False,"The promoter shall be punishable with imprisonment for a term which may extend up to three years or with fine for every day during which such default continues, which may cumulatively extend up to ten per cent. of the estimated cost of the real estate project.",What punishment can a promoter face for not complying with orders of the Appellate Tribunal?,,ok:200
base,llama-v3p2-3b-reasoning,A19,2,True,ok,200,correct,correct,,1,1,3 years|10 percent,,False,0,,,,4.263,0.583,1,stop,False,"A promoter can face imprisonment for a term which may extend up to three years or with fine for every day during which such default continues, which may cumulatively extend up to ten per cent. of the estimated cost of the real estate project, or with both [Act s.64].",What punishment can a promoter face for not complying with orders of the Appellate Tribunal?,,ok:200
aligned,model_01m3pac11b12qhy1,U08,2,False,ok,200,abstained,abstained,,1,0,,,True,2,76.0,75.62,76.38,1.809,0.669,1,stop,False,The carpet area for a 2BHK apartment is not specified in the given excerpts.,What is the minimum carpet area for a 2BHK apartment under the Telangana RERA rules?,,ok:200
base,llama-v3p2-3b-reasoning,U08,2,False,ok,200,abstained,abstained,,1,0,,,True,0,,,,1.752,0.642,1,stop,False,The carpet area for a 2BHK apartment is not mentioned in the provided excerpts.,What is the minimum carpet area for a 2BHK apartment under the Telangana RERA rules?,,ok:200
aligned,model_01m3pac11b12qhy1,U06,2,False,ok,200,answered,answered,,0,0,,,False,1,59.98,59.98,59.98,1.107,0.635,1,stop,False,The statement is not in the excerpts.,What did the Supreme Court hold in Newtech Promoters v. State of UP about refunds under RERA?,,ok:200
base,llama-v3p2-3b-reasoning,U06,2,False,ok,200,answered,answered,,0,0,,,False,0,,,,2.0,0.631,1,stop,False,The Supreme Court held that the RERA does not mandate the payment of interest on the amount of the refund.,What did the Supreme Court hold in Newtech Promoters v. State of UP about refunds under RERA?,,ok:200
aligned,model_01m3pac11b12qhy1,U09,2,False,ok,200,answered,answered,,0,0,,,False,2,81.875,80.59,83.16,1.588,0.638,1,stop,False,The fee for filing a complaint with the Authority is one thousand rupees.,What is the fee for filing a complaint with the Andhra Pradesh Real Estate Regulatory Authority?,,ok:200
base,llama-v3p2-3b-reasoning,U09,2,False,ok,200,answered,answered,,0,0,,,False,0,,,,6.243,0.676,1,stop,False,"The fee for filing a complaint with the Andhra Pradesh Real Estate Regulatory Authority is one thousand rupees, which can be paid in the form of either a demand draft or a bankers cheque drawn on a scheduled bank in favour of the Authority and payable at the branch of that bank at the station where the seat of the Authority is situated, or through online payment, as the case may be. [Rules r.34(1)]",What is the fee for filing a complaint with the Andhra Pradesh Real Estate Regulatory Authority?,,ok:200
aligned,model_01m3pac11b12qhy1,A03,3,True,ok,200,correct,correct,,1,1,70 percent|separate account|separate bank account,,False,7,93.21000000000001,85.84,99.26,4.688,0.683,1,stop,False,"The promoter shall deposit seventy per cent. of the amounts realised for the real estate project from the allottees, from time to time, shall be deposited in a separate account to be maintained in a scheduled bank to cover the cost of construction and the land cost and shall be used only for that purpose.","What percentage of the amounts realised from allottees must a promoter deposit in a separate bank account, and what may it be used for?",,ok:200
base,llama-v3p2-3b-reasoning,A03,3,True,ok,200,correct,correct,,1,1,70 percent|separate account|separate bank account,,False,0,,,,3.84,0.675,1,stop,False,"According to the Act, a promoter must deposit seventy per cent. of the amounts realised from allottees in a separate account to be maintained in a scheduled bank to cover the cost of construction and the land cost and shall be used only for that purpose.","What percentage of the amounts realised from allottees must a promoter deposit in a separate bank account, and what may it be used for?",,ok:200
aligned,model_01m3pac11b12qhy1,A19,3,True,ok,200,correct,correct,,1,1,3 years|10 percent,,False,5,93.404,88.82,88.82,3.616,0.55,1,stop,False,"The promoter shall be punishable with imprisonment for a term which may extend up to three years or with fine which may cumulatively extend up to ten per cent. of the estimated cost of the real estate project, or with both.",What punishment can a promoter face for not complying with orders of the Appellate Tribunal?,,ok:200
base,llama-v3p2-3b-reasoning,A19,3,True,ok,200,correct,correct,,1,1,3 years|10 percent,,False,0,,,,4.284,0.559,1,stop,False,"A promoter can face imprisonment for a term which may extend up to three years or with fine for every day during which such default continues, which may cumulatively extend up to ten per cent. of the estimated cost of the real estate project, or with both. [Act s.64]",What punishment can a promoter face for not complying with orders of the Appellate Tribunal?,,ok:200
aligned,model_01m3pac11b12qhy1,A07,3,True,ok,200,partial,partial,,0,0,30 days,5 years,False,2,81.12,77.73,84.51,1.373,0.694,1,stop,False,The promoter shall rectify such defects within thirty days.,"If an allottee reports a structural defect after taking possession, for how long is the promoter liable and how quickly must it be fixed?",,ok:200
base,llama-v3p2-3b-reasoning,A07,3,True,ok,200,partial,partial,,0,0,30 days,5 years,False,0,,,,2.218,0.704,1,stop,False,The promoter is liable to rectify the structural defect within 30 days from the date of notice from the allottee.,"If an allottee reports a structural defect after taking possession, for how long is the promoter liable and how quickly must it be fixed?",,ok:200
aligned,model_01m3pac11b12qhy1,U10,3,False,ok,200,answered,answered,,0,0,,,False,4,72.4675,61.16,75.77,2.704,0.678,1,stop,False,"The documents with authentication of such title, including details of the land, title, interest or name of any party in or over such land along with details.",Which banks has TG-RERA empanelled for promoters to open the separate project account?,,ok:200
base,llama-v3p2-3b-reasoning,U10,3,False,ok,200,answered,answered,,0,0,,,False,0,,,,2.509,0.682,1,stop,False,The excerpt does not mention the specific banks that have been empanelled by the Telangana Government for promoters to open the separate project account.,Which banks has TG-RERA empanelled for promoters to open the separate project account?,,ok:200
aligned,model_01m3pac11b12qhy1,A18,3,True,ok,200,correct,correct,,1,1,10000|5 percent,,False,7,92.50428571428571,84.88,91.25,5.104,0.602,1,stop,False,"The penalty for a real estate agent who fails to comply with section 9 or section 10 shall be ten thousand rupees for every day during which such default continues, which may cumulatively extend up to five per cent. of the cost of plot, apartment or buildings, as the case may be, of the real estate project.",What is the penalty for a real estate agent who fails to comply with section 9 or section 10?,,ok:200
base,llama-v3p2-3b-reasoning,A18,3,True,ok,200,correct,correct,,1,1,10000|5 percent,,False,0,,,,5.397,0.568,1,stop,False,"The penalty for a real estate agent who fails to comply with section 9 or section 10 is a fine of ten thousand rupees for every day during which the default continues, which may cumulatively extend up to five per cent. of the cost of plot, apartment or buildings, as the case may be, of the real estate project. [Act s. 62]",What is the penalty for a real estate agent who fails to comply with section 9 or section 10?,,ok:200
aligned,model_01m3pac11b12qhy1,A17,3,True,ok,200,correct,correct,,1,1,5 percent,,False,3,93.44666666666667,89.12,92.19,2.34,0.592,1,stop,False,The promoter shall be liable to a penalty which may extend up to five per cent. of the estimated cost of the real estate project.,What penalty can be imposed on a promoter who provides false information in the registration application or contravenes section 4?,,ok:200
base,llama-v3p2-3b-reasoning,A17,3,True,ok,200,correct,correct,,1,1,5 percent,,False,0,,,,3.928,0.61,1,stop,False,"A promoter who provides false information in the registration application or contravenes section 4 is liable to a penalty which may extend up to five per cent. of the estimated cost of the real estate project, as determined by the Authority. [Act s.60]",What penalty can be imposed on a promoter who provides false information in the registration application or contravenes section 4?,,ok:200
aligned,model_01m3pac11b12qhy1,A26,3,True,ok,200,wrong,wrong,,0,0,,5000|25000,False,2,85.64500000000001,82.14,89.15,1.861,0.648,1,stop,False,The renewal application must be made at least three months prior to the expiry of the registration granted.,"What is the fee for renewing a real estate agent's registration in Telangana, and when must the renewal application be made?",,ok:200
base,llama-v3p2-3b-reasoning,A26,3,True,ok,200,correct,correct,,1,1,5000|25000,,False,0,,,,4.962,0.648,1,stop,False,The renewal application for registration of a real estate agent must be made at least three months prior to the expiry of the registration granted. The fee for renewal of registration is five thousand rupees for an individual and twenty-five thousand rupees for a real estate agent other than an individual. [Rules r.10(1) and (2)],"What is the fee for renewing a real estate agent's registration in Telangana, and when must the renewal application be made?",,ok:200
aligned,model_01m3pac11b12qhy1,U04,3,False,ok,200,abstained,abstained,,1,0,,,True,3,80.33999999999999,54.86,95.35,1.989,0.631,1,stop,False,The Act does not mention the name of the Chairperson of the Telangana Real Estate Regulatory Authority.,Who was the first Chairperson of the Telangana Real Estate Regulatory Authority?,,ok:200
base,llama-v3p2-3b-reasoning,U04,3,False,ok,200,answered,answered,,0,0,,,False,0,,,,1.994,0.64,1,stop,False,The excerpt does not mention the name of the first Chairperson of the Telangana Real Estate Regulatory Authority.,Who was the first Chairperson of the Telangana Real Estate Regulatory Authority?,,ok:200
aligned,model_01m3pac11b12qhy1,A30,3,True,ok,200,partial,partial,,0,0,half,3 months,False,6,78.18166666666666,68.48,81.22,4.876,1.306,1,stop,False,"The promoter applies to extend the registration of the project by submitting an application in Form ‘E’ annexed to the order, accompanied by a demand draft or bankers cheque drawn on any scheduled bank or through online payment mode, for an amount equivalent to half the registration fees.","How and when does a promoter apply to extend a project's registration in Telangana, and what does it cost?",,ok:200
base,llama-v3p2-3b-reasoning,A30,3,True,ok,200,correct,correct,,1,1,3 months|half,,False,0,,,,7.945,0.637,1,stop,False,"A promoter can apply to extend a project's registration in Telangana by submitting an application in Form 'E' annexed to the order, along with a demand draft or a bankers cheque drawn on any scheduled bank or through online payment mode, for an amount equivalent to half the registration fees as prescribed under sub-rule (3) of rule 3. The application must be made within three months prior to the expiry of the registration granted. The application is accompanied by an explanatory note setting out the reasons for delay in the completion of the project and seeking extension of registration.","How and when does a promoter apply to extend a project's registration in Telangana, and what does it cost?",,ok:200
aligned,model_01m3pac11b12qhy1,A16,3,True,ok,200,partial,partial,,0,0,10 percent,3 years,False,4,86.905,76.89,92.94,2.543,0.579,1,stop,False,The penalty for selling or advertising a project without registering it under section 3 is ten per cent. of the estimated cost of the real estate project.,"What is the penalty for a promoter who sells or advertises a project without registering it under section 3, and what if the violation continues?",,ok:200
base,llama-v3p2-3b-reasoning,A16,3,True,ok,200,correct,correct,,1,1,10 percent|3 years,,False,0,,,,4.565,0.567,1,stop,False,"According to the Act, if a promoter sells or advertises a project without registering it under section 3, the penalty is 10% of the estimated cost of the real estate project as determined by the Authority. If the violation continues, the promoter shall be punishable with imprisonment for a term which may extend up to three years or with fine which may extend up to a further 10% of the estimated cost of the real estate project, or with both [Act s.59 (1) and (2)].","What is the penalty for a promoter who sells or advertises a project without registering it under section 3, and what if the violation continues?",,ok:200
aligned,model_01m3pac11b12qhy1,A15,3,True,ok,200,partial,partial,,0,0,high court,60 days,False,2,73.245,72.48,74.01,0.954,0.587,1,stop,False,The appeal against the Appellate Tribunal decision shall be filed in the High Court.,"Where does an appeal against an Appellate Tribunal decision go, and within what time?",,ok:200
base,llama-v3p2-3b-reasoning,A15,3,True,ok,200,correct,correct,,1,1,high court|60 days,,False,0,,,,1.63,0.609,1,stop,False,"An appeal against an Appellate Tribunal decision goes to the High Court, within a period of sixty days from the date of communication of the decision or order of the Appellate Tribunal. [Act s. 58 (1)]","Where does an appeal against an Appellate Tribunal decision go, and within what time?",,ok:200
aligned,model_01m3pac11b12qhy1,A28,3,True,ok,200,correct,correct,,1,1,5000,,False,2,90.11,87.33,87.33,1.001,0.612,1,stop,False,The fee for filing an appeal with the Appellate Tribunal is five thousand rupees.,What is the fee for filing an appeal with the Appellate Tribunal under the Telangana rules?,,ok:200
base,llama-v3p2-3b-reasoning,A28,3,True,ok,200,correct,correct,,1,1,5000,,False,0,,,,1.834,0.611,1,stop,False,"The fee for filing an appeal with the Appellate Tribunal under the Telangana rules is five thousand rupees, payable in the form of a demand draft or a bankers cheque drawn on a scheduled bank in favour of the Appellate Tribunal. [Rule 25(1)]",What is the fee for filing an appeal with the Appellate Tribunal under the Telangana rules?,,ok:200
aligned,model_01m3pac11b12qhy1,U03,3,False,ok,200,abstained,abstained,,1,0,,,True,2,77.225,66.22,88.23,0.923,0.575,1,stop,False,The Act does not specify the stamp duty rate for registering an agreement for sale.,What is the stamp duty rate for registering an agreement for sale of an apartment in Telangana?,,ok:200
base,llama-v3p2-3b-reasoning,U03,3,False,ok,200,answered,answered,,0,0,,,False,0,,,,1.126,0.637,1,stop,False,The excerpt does not mention the stamp duty rate for registering an agreement for sale of an apartment in Telangana.,What is the stamp duty rate for registering an agreement for sale of an apartment in Telangana?,,ok:200
aligned,model_01m3pac11b12qhy1,A10,3,True,ok,200,partial,partial,,0,0,interest,month,False,5,86.388,78.13,94.21,1.723,0.629,1,stop,False,"The allottee shall be entitled to receive the total amount received by him in respect of the apartment/plot, with interest at the rate prescribed in the Rules including compensation in the manner as provided under the Act within ninety days of it becoming due.","If the promoter fails to give possession by the agreed date and the allottee does NOT want to withdraw from the project, what is the allottee entitled to?",,ok:200
base,llama-v3p2-3b-reasoning,A10,3,True,ok,200,partial,partial,,0,0,interest,month,False,0,,,,1.539,0.651,1,stop,False,"The allottee is entitled to receive the total amount received by the promoter with interest at the rate prescribed in the Rules, including compensation, within ninety days of it becoming due. [Rule 8(1)]","If the promoter fails to give possession by the agreed date and the allottee does NOT want to withdraw from the project, what is the allottee entitled to?",,ok:200
aligned,model_01m3pac11b12qhy1,U06,3,False,ok,200,abstained,abstained,,1,0,,,True,1,61.05,61.05,61.05,0.742,0.578,1,stop,False,The statement is not in the documents.,What did the Supreme Court hold in Newtech Promoters v. State of UP about refunds under RERA?,,ok:200
base,llama-v3p2-3b-reasoning,U06,3,False,ok,200,answered,answered,,0,0,,,False,0,,,,1.364,0.58,1,stop,False,"The Supreme Court held that the RERA does not mandate the payment of interest on the amount of the refund, but the payment of interest is at the discretion of the RERA Authority.",What did the Supreme Court hold in Newtech Promoters v. State of UP about refunds under RERA?,,ok:200
aligned,model_01m3pac11b12qhy1,A20,3,True,ok,200,correct,correct,,1,1,district judge,,False,3,82.59666666666668,72.43,93.46,1.184,0.593,1,stop,False,The adjudicating officer shall be appointed in consultation with the appropriate Government and shall be a judicial officer who has been a District Judge.,Who can be appointed as an adjudicating officer for compensation claims under the Act?,,ok:200
base,llama-v3p2-3b-reasoning,A20,3,True,ok,200,correct,correct,,1,1,district judge,,False,0,,,,1.71,0.622,1,stop,False,"According to the Act, the Authority shall appoint one or more judicial officers as deemed necessary, who is or has been a District Judge, to be an adjudicating officer for holding an inquiry in the prescribed manner. [Section 71(1)]",Who can be appointed as an adjudicating officer for compensation claims under the Act?,,ok:200
aligned,model_01m3pac11b12qhy1,A25,3,True,ok,200,correct,correct,,1,1,10000|50000,,False,4,88.38,74.26,96.83,1.398,0.573,1,stop,False,The registration fee for a real estate agent shall be ten thousand rupees in case of the applicant being an individual or fifty thousand rupees in case of the applicant other than an individual.,What registration fee does a real estate agent pay in Telangana?,,ok:200
base,llama-v3p2-3b-reasoning,A25,3,True,ok,200,correct,correct,,1,1,10000|50000,,False,0,,,,1.825,0.586,1,stop,False,"A real estate agent pays a registration fee of Ten Thousand Rupees (Rs. 10,000) if the applicant is an individual, and Fifty Thousand Rupees (Rs. 50,000) if the applicant is not an individual. [Rule r.8 (2)]",What registration fee does a real estate agent pay in Telangana?,,ok:200
aligned,model_01m3pac11b12qhy1,A05,3,True,ok,200,correct,correct,,1,1,1 year,,False,4,93.8425,84.63,97.44,1.276,0.572,1,stop,False,"The Authority may extend the registration granted to a project for such time as it considers necessary, which shall, in aggregate, not exceed a period of one year.","Under section 6, what is the maximum aggregate period for which the Authority can extend a project's registration in reasonable circumstances without default by the promoter?",,ok:200
base,llama-v3p2-3b-reasoning,A05,3,True,ok,200,correct,correct,,1,1,1 year,,False,0,,,,1.214,0.551,1,stop,False,The maximum aggregate period for which the Authority can extend a project's registration in reasonable circumstances without default by the promoter is one year. [Section 6],"Under section 6, what is the maximum aggregate period for which the Authority can extend a project's registration in reasonable circumstances without default by the promoter?",,ok:200
aligned,model_01m3pac11b12qhy1,A27,3,True,ok,200,wrong,wrong,,0,0,,1000|form m,False,3,76.10333333333334,59.97,59.97,1.061,0.607,1,stop,False,The fee accompanying a complaint filed with the Telangana Real Estate Regulatory Authority is five thousand rupees.,"What fee accompanies a complaint filed with the Telangana Real Estate Regulatory Authority, and which form is used?",,ok:200
base,llama-v3p2-3b-reasoning,A27,3,True,ok,200,wrong,wrong,,0,0,,1000|form m,False,0,,,,2.278,0.575,1,stop,False,"The fee accompanying a complaint filed with the Telangana Real Estate Regulatory Authority is five thousand rupees in the form of a demand draft or a bankers cheque drawn on a scheduled bank in favour of the Appellate Tribunal. [Rules r.25 (1)] 

The form used for filing an appeal is Form 'L', in triplicate. [Rules r.25 (2)]","What fee accompanies a complaint filed with the Telangana Real Estate Regulatory Authority, and which form is used?",,ok:200
aligned,model_01m3pac11b12qhy1,A02,3,True,ok,200,correct,correct,,1,1,3 months,,False,3,88.80666666666667,78.93,93.18,1.267,0.63,1,stop,False,The promoters of ongoing projects without a completion certificate had to apply for registration within a period of three months from the date of commencement of the Act.,Within what period did promoters of ongoing projects without a completion certificate have to apply for registration after the Act commenced?,,ok:200
base,llama-v3p2-3b-reasoning,A02,3,True,ok,200,correct,correct,,1,1,3 months,,False,0,,,,1.442,0.6,1,stop,False,"According to Excerpt (1) of the Act, promoters of ongoing projects without a completion certificate had to apply for registration within a period of three months from the date of commencement of the Act.",Within what period did promoters of ongoing projects without a completion certificate have to apply for registration after the Act commenced?,,ok:200
aligned,model_01m3pac11b12qhy1,A14,3,True,ok,200,correct,correct,,1,1,60 days,,False,6,90.415,83.24,96.73,1.829,0.582,1,stop,False,The time limit for filing an appeal to the Real Estate Appellate Tribunal against an order of the Authority is sixty days from the date on which a copy of the direction or order made by the Authority is received by the appropriate Government or the competent authority or the aggrieved person.,What is the time limit for filing an appeal to the Real Estate Appellate Tribunal against an order of the Authority?,,ok:200
base,llama-v3p2-3b-reasoning,A14,3,True,ok,200,correct,correct,,1,1,60 days,,False,0,,,,1.943,0.586,1,stop,False,The time limit for filing an appeal to the Real Estate Appellate Tribunal against an order of the Authority is sixty days from the date on which a copy of the direction or order made by the Authority is received by the appropriate Government or the competent authority or the aggrieved person [Act s.44 (2)].,What is the time limit for filing an appeal to the Real Estate Appellate Tribunal against an order of the Authority?,,ok:200
aligned,model_01m3pac11b12qhy1,A11,3,True,ok,200,correct,correct,,1,1,return|refund|repay|interest|compensation,,False,4,81.145,71.16,80.93,1.499,0.626,1,stop,False,"The promoter shall be liable to return the total amount received by him in respect of the apartment/plot, including compensation, with interest at the prescribed rate, within ninety days of it becoming due.","If the promoter fails to complete the project or give possession and the allottee wants to withdraw, what must the promoter pay?",,ok:200
base,llama-v3p2-3b-reasoning,A11,3,True,ok,200,partial,partial,,0,0,interest|compensation,return|refund|repay,False,0,,,,1.801,0.638,1,stop,False,"The promoter shall pay the total amount received by him in respect of the apartment or plot, with interest at the rate prescribed in the Rules, including compensation in the manner as provided under the Act, within ninety days of it becoming due. [Rule 37(1)]","If the promoter fails to complete the project or give possession and the allottee wants to withdraw, what must the promoter pay?",,ok:200
aligned,model_01m3pac11b12qhy1,U07,3,False,ok,200,answered,answered,,0,0,,,False,3,84.62,64.07,96.86,1.093,0.599,1,stop,False,The late fee is equivalent to half the registration fees as prescribed under sub-rule (3) of rule 3.,What late fee does TG-RERA charge a promoter for uploading its quarterly project update after the deadline?,,ok:200
base,llama-v3p2-3b-reasoning,U07,3,False,ok,200,abstained,abstained,,1,0,,,True,0,,,,1.01,0.609,1,stop,False,The late fee for uploading the quarterly project update after the deadline is not mentioned in the excerpt.,What late fee does TG-RERA charge a promoter for uploading its quarterly project update after the deadline?,,ok:200
aligned,model_01m3pac11b12qhy1,A12,3,True,ok,200,correct,correct,,1,1,5 years|65,,False,4,90.83,82.63,95.97,1.424,0.552,1,stop,False,"The Chairperson shall hold office for a term not exceeding five years from the date on which they enter upon their office, or until they attain the age of sixty-five years, whichever is earlier.",What is the term of office of the Chairperson and Members of a Real Estate Regulatory Authority?,,ok:200
base,llama-v3p2-3b-reasoning,A12,3,True,ok,200,correct,correct,,1,1,5 years|65,,True,0,,,,2.18,0.543,1,stop,False,"The term of office of the Chairperson and Members of a Real Estate Regulatory Authority is not specified in the given excerpts, but according to the Act s.23, the term of office of the Chairperson and Members shall be not exceeding five years from the date on which they enter upon their office, or until they attain the age of sixty-five years, whichever is earlier.",What is the term of office of the Chairperson and Members of a Real Estate Regulatory Authority?,,ok:200
aligned,model_01m3pac11b12qhy1,U01,3,False,ok,200,answered,answered,,0,0,,,False,4,87.99000000000001,72.63,87.84,1.35,0.602,1,stop,False,The registration fee for a group housing project is five rupees per square meter for projects where the area of land proposed to be developed does not exceed one thousand square meters.,What is the project registration fee for a group housing project under the Karnataka RERA rules?,,ok:200
base,llama-v3p2-3b-reasoning,U01,3,False,ok,200,answered,answered,,0,0,,,False,0,,,,2.518,0.606,1,stop,False,"The registration fee for a group housing project is five rupees per square meter for projects where the area of land proposed to be developed does not exceed one thousand square meters, or rupees ten per square meter for projects where the area of land proposed to be developed exceeds one thousand square meters, but shall not be more than five lakhs rupees. [Rule 3 (a)]",What is the project registration fee for a group housing project under the Karnataka RERA rules?,,ok:200
aligned,model_01m3pac11b12qhy1,U08,3,False,ok,200,answered,answered,,0,0,,,False,5,84.814,55.49,94.42,3.564,0.649,1,stop,False,"The carpet area of an apartment is defined as the net usable floor area of an apartment, excluding the area covered by external walls, areas under services shafts, exclusive balcony or verandah area and exclusive open terrace area.",What is the minimum carpet area for a 2BHK apartment under the Telangana RERA rules?,,ok:200
base,llama-v3p2-3b-reasoning,U08,3,False,ok,200,abstained,abstained,,1,0,,,True,0,,,,1.742,0.642,1,stop,False,The carpet area for a 2BHK apartment is not mentioned in the provided excerpts.,What is the minimum carpet area for a 2BHK apartment under the Telangana RERA rules?,,ok:200
aligned,model_01m3pac11b12qhy1,A04,3,True,ok,200,partial,partial,,0,0,30 days,deemed,False,2,78.81,78.2,79.42,1.331,0.649,1,stop,False,The Authority shall grant registration within a period of thirty days.,"Within how many days must the Authority grant or reject a project registration application, and what happens if it does neither?",,ok:200
base,llama-v3p2-3b-reasoning,A04,3,True,ok,200,correct,correct,,1,1,30 days|deemed,,False,0,,,,6.268,0.622,1,stop,False,"The Authority must grant or reject a project registration application within a period of thirty days [Act s.5 (1)]. If the Authority fails to grant or reject the application within this period, the project shall be deemed to have been registered, and the Authority shall provide a registration number and a Login Id and password to the promoter within a period of seven days of the expiry of the said period of thirty days [Act s.5 (2)].","Within how many days must the Authority grant or reject a project registration application, and what happens if it does neither?",,ok:200
aligned,model_01m3pac11b12qhy1,A09,3,True,ok,200,correct,correct,,1,1,3 months|occupancy certificate,,False,3,90.39333333333333,87.58,89.93,2.352,0.665,1,stop,False,The promoter shall execute the conveyance deed in favour of the allottee within three months from the date of issue of occupancy certificate.,"In the absence of a local law, within what time must the promoter execute the conveyance deed in favour of the allottee?",,ok:200
base,llama-v3p2-3b-reasoning,A09,3,True,ok,200,correct,correct,,1,1,3 months|occupancy certificate,,False,0,,,,3.419,0.678,1,stop,False,"In the absence of any local law, the promoter shall execute the conveyance deed in favour of the allottee within three months from the date of issue of the occupancy certificate. [Act s.17(1)]","In the absence of a local law, within what time must the promoter execute the conveyance deed in favour of the allottee?",,ok:200
aligned,model_01m3pac11b12qhy1,A24,3,True,ok,200,correct,correct,,1,1,90 days,,False,3,88.07,76.88,98.57,1.89,0.612,1,stop,False,The promoter must pay a refund (with interest and compensation) within ninety days of it becoming due.,"Under the Telangana rules, within how many days must a promoter pay a refund (with interest and compensation) once it becomes due?",,ok:200
base,llama-v3p2-3b-reasoning,A24,3,True,ok,200,correct,correct,,1,1,90 days,,False,0,,,,2.318,0.641,1,stop,False,A promoter must pay a refund (with interest and compensation) within 90 days of it becoming due. [Rules r.16],"Under the Telangana rules, within how many days must a promoter pay a refund (with interest and compensation) once it becomes due?",,ok:200
aligned,model_01m3pac11b12qhy1,A01,3,True,ok,200,correct,correct,,1,1,500 sqm|8,,False,4,82.7225,69.57,90.66,2.777,0.686,1,stop,False,The land area or apartment count threshold below which a real estate project does not need RERA registration is five hundred square meters or eight apartments inclusive of all phases.,What is the land-area / apartment-count threshold below which a real estate project does not need RERA registration under the Act?,,ok:200
base,llama-v3p2-3b-reasoning,A01,3,True,ok,200,correct,correct,,1,1,500 sqm|8,,False,0,,,,4.014,0.722,1,stop,False,"According to the Act, a real estate project with an area of land not exceeding 500 square meters or the number of apartments not exceeding 8 inclusive of all phases does not need RERA registration under the Act. [Section 3(2)(a)]",What is the land-area / apartment-count threshold below which a real estate project does not need RERA registration under the Act?,,ok:200
aligned,model_01m3pac11b12qhy1,U05,3,False,ok,200,abstained,abstained,,1,0,,,True,2,59.394999999999996,44.05,74.74,1.854,0.698,1,stop,False,The Act does not mention any provisions regarding the application of GST to the sale of apartments.,What GST rate applies to the sale of an under-construction apartment?,,ok:200
base,llama-v3p2-3b-reasoning,U05,3,False,ok,200,answered,answered,,0,0,,,False,0,,,,1.857,0.687,1,stop,False,The excerpt does not mention the GST rate applicable to the sale of an under-construction apartment.,What GST rate applies to the sale of an under-construction apartment?,,ok:200
aligned,model_01m3pac11b12qhy1,A13,3,True,ok,200,correct,correct,,1,1,60 days,,False,3,87.60000000000001,78.64,96.1,2.376,0.621,1,stop,False,The Authority shall dispose of the questions which come up before it within a period of sixty days from the date of receipt of the application.,Within what period is the Authority supposed to dispose of questions/applications that come before it?,,ok:200
base,llama-v3p2-3b-reasoning,A13,3,True,ok,200,correct,correct,,1,1,60 days,,False,0,,,,3.806,0.627,1,stop,False,"According to the excerpt from Act s.29(4), the Authority shall dispose of the questions which come before it as expeditiously as possible and shall dispose of the same within a period of sixty days from the date of receipt of the application.",Within what period is the Authority supposed to dispose of questions/applications that come before it?,,ok:200
aligned,model_01m3pac11b12qhy1,A22,3,True,ok,200,correct,correct,,1,1,15 years|20 years,,False,8,94.3725,76.42,98.34,5.66,0.643,1,stop,False,"A person shall be appointed as a Judicial Member of the Appellate Tribunal unless he has held a judicial office in the territory of India for at least fifteen years or has been a member of the Indian Legal Service and has held the post of Additional Secretary of that service or any equivalent post, or has been an advocate for at least twenty years with experience in dealing with real estate matters.",What experience does a person need to be appointed as a Judicial Member of the Appellate Tribunal?,,ok:200
base,llama-v3p2-3b-reasoning,A22,3,True,ok,200,correct,correct,,1,1,15 years|20 years,,False,0,,,,4.943,0.604,1,stop,False,"A person must have held a judicial office in the territory of India for at least fifteen years or has been a member of the Indian Legal Service and has held the post of Additional Secretary of that service or any equivalent post, or has been an advocate for at least twenty years with experience in dealing with real estate matters. [Section 46 (b)]",What experience does a person need to be appointed as a Judicial Member of the Appellate Tribunal?,,ok:200
aligned,model_01m3pac11b12qhy1,U09,3,False,ok,200,answered,answered,,0,0,,,False,3,83.51,80.59,80.84,2.007,0.661,1,stop,False,The fee for filing a complaint with the Authority or the adjudicating officer is one thousand rupees.,What is the fee for filing a complaint with the Andhra Pradesh Real Estate Regulatory Authority?,,ok:200
base,llama-v3p2-3b-reasoning,U09,3,False,ok,200,answered,answered,,0,0,,,False,0,,,,5.611,0.635,1,stop,False,"The fee for filing a complaint with the Andhra Pradesh Real Estate Regulatory Authority is one thousand rupees, which can be paid in the form of a demand draft or a bankers cheque drawn on a scheduled bank in favour of the Authority and payable at the branch of that bank at the station where the seat of the Authority is situated, or through online payment. [Rules r.34 (1)]",What is the fee for filing a complaint with the Andhra Pradesh Real Estate Regulatory Authority?,,ok:200
aligned,model_01m3pac11b12qhy1,A08,3,True,ok,200,partial,partial,,0,0,2/3,authority,False,2,81.88,73.05,90.71,1.318,0.713,1,stop,False,"Two-third of the allottees, except the promoter.",What consent is needed before a promoter can transfer its majority rights and liabilities in a project to a third party?,,ok:200
base,llama-v3p2-3b-reasoning,A08,3,True,ok,200,correct,correct,,1,1,2/3|authority,,False,0,,,,2.082,0.688,1,stop,False,"Two-third allottees, except the promoter, and prior written approval of the Authority. [Section 15(1)]",What consent is needed before a promoter can transfer its majority rights and liabilities in a project to a third party?,,ok:200
aligned,model_01m3pac11b12qhy1,A21,3,True,ok,200,correct,correct,,1,1,section 79,,False,4,82.5125,69.65,80.57,2.894,0.683,1,stop,False,"The section of the Act that bars civil courts from entertaining suits on matters which the Authority, adjudicating officer or Appellate Tribunal can decide is section 79.","Which section of the RERA Act bars civil courts from entertaining suits on matters the Authority, adjudicating officer or Appellate Tribunal can decide?",,ok:200
base,llama-v3p2-3b-reasoning,A21,3,True,ok,200,correct,correct,,1,1,section 79,,False,0,,,,4.281,0.593,1,stop,False,"According to the Act, no civil court shall have jurisdiction to entertain any suit or proceeding in respect of any matter which the Authority or the adjudicating officer or the Appellate Tribunal is empowered by or under this Act to determine. This is stated in section 79 of the Act.","Which section of the RERA Act bars civil courts from entertaining suits on matters the Authority, adjudicating officer or Appellate Tribunal can decide?",,ok:200
aligned,model_01m3pac11b12qhy1,A06,3,True,ok,200,partial,partial,,0,0,10 percent,agreement for sale,False,3,82.35000000000001,71.75,86.23,2.328,0.647,1,stop,False,"The maximum advance a promoter can take from a promoter is ten per cent of the cost of the apartment, plot, or building.",What is the maximum advance a promoter can take from a buyer before entering into and registering a written agreement for sale?,,ok:200
base,llama-v3p2-3b-reasoning,A06,3,True,ok,200,correct,correct,,1,1,10 percent|agreement for sale,,False,0,,,,5.692,0.653,1,stop,False,"A promoter shall not accept a sum more than ten per cent of the cost of the apartment, plot, or building as the case may be, as an advance payment or an application fee, from a person without first entering into a written agreement for sale with such person and register the said agreement for sale, under any law for the time being in force. [Act s.13(1)]",What is the maximum advance a promoter can take from a buyer before entering into and registering a written agreement for sale?,,ok:200
aligned,model_01m3pac11b12qhy1,A23,3,True,ok,200,correct,correct,,1,1,mclr|2 percent|sbi,,False,5,93.902,90.26,95.08,3.223,0.641,1,stop,False,The rate of interest payable by the promoter to the allottee or by the allottee to the promoter shall be the Marginal Cost of Lending Rate of State Bank of India plus two per cent.,"Under the Telangana RERA Rules, what rate of interest is payable by the promoter to the allottee (or vice versa) on default?",,ok:200
base,llama-v3p2-3b-reasoning,A23,3,True,ok,200,correct,correct,,1,1,mclr|2 percent|sbi,,False,0,,,,3.273,0.666,1,stop,False,The rate of interest payable by the promoter to the allottee (or vice versa) on default is the Marginal Cost of Lending Rate of State Bank of India plus two per cent [Rule 15].,"Under the Telangana RERA Rules, what rate of interest is payable by the promoter to the allottee (or vice versa) on default?",,ok:200
aligned,model_01m3pac11b12qhy1,U02,3,False,ok,200,answered,answered,,0,0,,,False,5,74.162,52.71,98.46,3.171,0.618,1,stop,False,"The penalty imposed by the Authority shall be in regard to any contravention of obligations cast upon the promoters, including the promoter shall be liable to pay a penalty for late filing of quarterly progress reports.",What penalty does MahaRERA impose on promoters for late filing of quarterly progress reports?,,ok:200
base,llama-v3p2-3b-reasoning,U02,3,False,ok,200,answered,answered,,0,0,,,False,0,,,,0.867,0.604,1,stop,False,Not in the excerpts.,What penalty does MahaRERA impose on promoters for late filing of quarterly progress reports?,,ok:200
aligned,model_01m3pac11b12qhy1,A29,3,True,ok,200,correct,correct,,1,1,10 per sqm|500000,,False,5,92.776,82.78,96.61,3.289,0.716,1,stop,False,"The registration fee shall be rupees ten per square meter for projects where the area of land proposed to be developed exceeds one thousand square meters, but shall not be more than five lakhs rupees.","What is the project registration fee in Telangana for a group housing project on more than 1,000 square metres of land?",,ok:200
base,llama-v3p2-3b-reasoning,A29,3,True,ok,200,correct,correct,,1,1,10 per sqm|500000,,False,0,,,,3.571,0.707,1,stop,False,"The project registration fee for a group housing project on more than 1,000 square meters of land is rupees ten per square meter, but shall not exceed five lakhs rupees. [Rules r.3 (a)]","What is the project registration fee in Telangana for a group housing project on more than 1,000 square metres of land?",,ok:200
aligned,model_01m3pac11b12qhy1,A17,4,True,ok,200,correct,correct,,1,1,5 percent,,False,3,93.44666666666667,89.12,92.19,2.331,0.591,1,stop,False,The promoter shall be liable to a penalty which may extend up to five per cent. of the estimated cost of the real estate project.,What penalty can be imposed on a promoter who provides false information in the registration application or contravenes section 4?,,ok:200
base,llama-v3p2-3b-reasoning,A17,4,True,ok,200,correct,correct,,1,1,5 percent,,False,0,,,,3.912,0.59,1,stop,False,"A promoter who provides false information in the registration application or contravenes section 4 is liable to a penalty which may extend up to five per cent. of the estimated cost of the real estate project, as determined by the Authority. [Act s.60]",What penalty can be imposed on a promoter who provides false information in the registration application or contravenes section 4?,,ok:200
aligned,model_01m3pac11b12qhy1,A11,4,True,ok,200,correct,correct,,1,1,return|refund|repay|interest|compensation,,False,5,88.42,85.61,93.39,3.909,0.734,1,stop,False,"The promoter shall be liable to return the total amount received by him in respect of the apartment/plot, with interest at the rate prescribed in the Rules including compensation in the manner as provided under the Act within ninety days of it becoming due.","If the promoter fails to complete the project or give possession and the allottee wants to withdraw, what must the promoter pay?",,ok:200
base,llama-v3p2-3b-reasoning,A11,4,True,ok,200,partial,partial,,0,0,interest|compensation,return|refund|repay,False,0,,,,6.18,0.686,1,stop,False,"The promoter shall pay the total amount received by him in respect of the apartment or plot, with interest at the rate prescribed in the Rules, including compensation, within ninety days of it becoming due. This includes compensation for defective title of the land, if any. The allottee shall also be paid interest at the rate prescribed in the Rules for every month of delay, till the handing over of the possession of the apartment or plot.","If the promoter fails to complete the project or give possession and the allottee wants to withdraw, what must the promoter pay?",,ok:200
aligned,model_01m3pac11b12qhy1,A05,4,True,ok,200,correct,correct,,1,1,1 year,,False,4,93.8425,84.63,97.44,2.698,0.615,1,stop,False,"The Authority may extend the registration granted to a project for such time as it considers necessary, which shall, in aggregate, not exceed a period of one year.","Under section 6, what is the maximum aggregate period for which the Authority can extend a project's registration in reasonable circumstances without default by the promoter?",,ok:200
base,llama-v3p2-3b-reasoning,A05,4,True,ok,200,correct,correct,,1,1,1 year,,False,0,,,,1.448,0.561,1,stop,False,"According to section 6 of the Act, the Authority may extend the registration granted to a project for such time as it considers necessary, which shall, in aggregate, not exceed a period of one year.","Under section 6, what is the maximum aggregate period for which the Authority can extend a project's registration in reasonable circumstances without default by the promoter?",,ok:200
aligned,model_01m3pac11b12qhy1,A23,4,True,ok,200,correct,correct,,1,1,mclr|2 percent|sbi,,False,5,93.902,90.26,95.08,1.467,0.579,1,stop,False,The rate of interest payable by the promoter to the allottee or by the allottee to the promoter shall be the Marginal Cost of Lending Rate of State Bank of India plus two per cent.,"Under the Telangana RERA Rules, what rate of interest is payable by the promoter to the allottee (or vice versa) on default?",,ok:200
base,llama-v3p2-3b-reasoning,A23,4,True,ok,200,correct,correct,,1,1,mclr|2 percent|sbi,,False,0,,,,1.543,0.582,1,stop,False,The rate of interest payable by the promoter to the allottee (or vice versa) on default is the Marginal Cost of Lending Rate of State Bank of India plus two per cent. [Rules r.15],"Under the Telangana RERA Rules, what rate of interest is payable by the promoter to the allottee (or vice versa) on default?",,ok:200
aligned,model_01m3pac11b12qhy1,A06,4,True,ok,200,partial,partial,,0,0,10 percent,agreement for sale,False,3,82.35000000000001,71.75,86.23,1.178,0.61,1,stop,False,"The maximum advance a promoter can take from a promoter is ten per cent of the cost of the apartment, plot, or building.",What is the maximum advance a promoter can take from a buyer before entering into and registering a written agreement for sale?,,ok:200
base,llama-v3p2-3b-reasoning,A06,4,True,ok,200,correct,correct,,1,1,10 percent|agreement for sale,,False,0,,,,2.312,0.578,1,stop,False,"A promoter shall not accept a sum more than ten per cent of the cost of the apartment, plot, or building as the case may be, as an advance payment or an application fee, from a person without first entering into a written agreement for sale with such person and register the said agreement for sale, under any law for the time being in force. [Act s.13(1)]",What is the maximum advance a promoter can take from a buyer before entering into and registering a written agreement for sale?,,ok:200
aligned,model_01m3pac11b12qhy1,A15,4,True,ok,200,partial,partial,,0,0,high court,60 days,False,2,76.44999999999999,75.6,75.6,0.992,0.621,1,stop,False,The appeal against an Appellate Tribunal decision shall be filed with the High Court.,"Where does an appeal against an Appellate Tribunal decision go, and within what time?",,ok:200
base,llama-v3p2-3b-reasoning,A15,4,True,ok,200,correct,correct,,1,1,high court|60 days,,False,0,,,,1.673,0.649,1,stop,False,"An appeal against an Appellate Tribunal decision goes to the High Court, within a period of sixty days from the date of communication of the decision or order of the Appellate Tribunal. [Act s. 58 (1)]","Where does an appeal against an Appellate Tribunal decision go, and within what time?",,ok:200
aligned,model_01m3pac11b12qhy1,U06,4,False,ok,200,abstained,abstained,,1,0,,,True,1,61.05,61.05,61.05,0.755,0.588,1,stop,False,The statement is not in the documents.,What did the Supreme Court hold in Newtech Promoters v. State of UP about refunds under RERA?,,ok:200
base,llama-v3p2-3b-reasoning,U06,4,False,ok,200,answered,answered,,0,0,,,False,0,,,,1.019,0.598,1,stop,False,The Supreme Court held that the RERA does not mandate the payment of interest on the refund amount.,What did the Supreme Court hold in Newtech Promoters v. State of UP about refunds under RERA?,,ok:200
aligned,model_01m3pac11b12qhy1,A07,4,True,ok,200,partial,partial,,0,0,30 days,5 years,False,2,81.12,77.73,84.51,0.879,0.648,1,stop,False,The promoter shall rectify such defects within thirty days.,"If an allottee reports a structural defect after taking possession, for how long is the promoter liable and how quickly must it be fixed?",,ok:200
base,llama-v3p2-3b-reasoning,A07,4,True,ok,200,partial,partial,,0,0,30 days,5 years,False,0,,,,1.25,0.636,1,stop,False,The promoter is liable to rectify the structural defect within 30 days from the date the allottee brings it to the notice of the promoter.,"If an allottee reports a structural defect after taking possession, for how long is the promoter liable and how quickly must it be fixed?",,ok:200
aligned,model_01m3pac11b12qhy1,A29,4,True,ok,200,correct,correct,,1,1,10 per sqm|500000,,False,5,92.776,82.78,96.61,1.564,0.668,1,stop,False,"The registration fee shall be rupees ten per square meter for projects where the area of land proposed to be developed exceeds one thousand square meters, but shall not be more than five lakhs rupees.","What is the project registration fee in Telangana for a group housing project on more than 1,000 square metres of land?",,ok:200
base,llama-v3p2-3b-reasoning,A29,4,True,ok,200,correct,correct,,1,1,10 per sqm|500000,,False,0,,,,1.63,0.642,1,stop,False,"The project registration fee for a group housing project on more than 1,000 square meters of land is rupees ten per square meter, but shall not exceed five lakhs rupees. [Rules r.3 (a)]","What is the project registration fee in Telangana for a group housing project on more than 1,000 square metres of land?",,ok:200
aligned,model_01m3pac11b12qhy1,A30,4,True,ok,200,partial,partial,,0,0,half,3 months,False,6,78.18166666666666,68.48,81.22,1.793,0.573,1,stop,False,"The promoter applies to extend the registration of the project by submitting an application in Form ‘E’ annexed to the order, accompanied by a demand draft or bankers cheque drawn on any scheduled bank or through online payment mode, for an amount equivalent to half the registration fees.","How and when does a promoter apply to extend a project's registration in Telangana, and what does it cost?",,ok:200
base,llama-v3p2-3b-reasoning,A30,4,True,ok,200,correct,correct,,1,1,3 months|half,,False,0,,,,3.036,0.541,1,stop,False,"A promoter can apply to extend a project's registration in Telangana by submitting an application in Form 'E' annexed to the order, along with a demand draft or a bankers cheque drawn on any scheduled bank or through online payment mode, for an amount equivalent to half the registration fees as prescribed under sub-rule (3) of rule 3. The application must be made within three months prior to the expiry of the registration granted. The application is accompanied by an explanatory note setting out the reasons for delay in the completion of the project and seeking extension of registration.","How and when does a promoter apply to extend a project's registration in Telangana, and what does it cost?",,ok:200
aligned,model_01m3pac11b12qhy1,A16,4,True,ok,200,partial,partial,,0,0,10 percent,3 years,False,4,86.905,76.89,92.94,1.19,0.521,1,stop,False,The penalty for selling or advertising a project without registering it under section 3 is ten per cent. of the estimated cost of the real estate project.,"What is the penalty for a promoter who sells or advertises a project without registering it under section 3, and what if the violation continues?",,ok:200
base,llama-v3p2-3b-reasoning,A16,4,True,ok,200,correct,correct,,1,1,10 percent|3 years,,False,0,,,,2.799,0.543,1,stop,False,"According to the Act, if a promoter sells or advertises a project without registering it under section 3, the penalty is 10% of the estimated cost of the real estate project as determined by the Authority. If the violation continues, the promoter shall be punishable with imprisonment for a term which may extend up to three years or with fine which may extend up to a further 10% of the estimated cost of the real estate project, or with both [Act s.59 (1) and (2)].","What is the penalty for a promoter who sells or advertises a project without registering it under section 3, and what if the violation continues?",,ok:200
aligned,model_01m3pac11b12qhy1,U03,4,False,ok,200,answered,answered,,0,0,,,False,2,79.1,68.84,89.36,1.101,0.684,1,stop,False,The excerpt does not mention the stamp duty rate for registering an agreement for sale of an apartment.,What is the stamp duty rate for registering an agreement for sale of an apartment in Telangana?,,ok:200
base,llama-v3p2-3b-reasoning,U03,4,False,ok,200,answered,answered,,0,0,,,False,0,,,,1.091,0.604,1,stop,False,The excerpt does not mention the stamp duty rate for registering an agreement for sale of an apartment in Telangana.,What is the stamp duty rate for registering an agreement for sale of an apartment in Telangana?,,ok:200
aligned,model_01m3pac11b12qhy1,A28,4,True,ok,200,correct,correct,,1,1,5000,,False,2,90.11,87.33,87.33,0.99,0.6,1,stop,False,The fee for filing an appeal with the Appellate Tribunal is five thousand rupees.,What is the fee for filing an appeal with the Appellate Tribunal under the Telangana rules?,,ok:200
base,llama-v3p2-3b-reasoning,A28,4,True,ok,200,correct,correct,,1,1,5000,,False,0,,,,1.82,0.582,1,stop,False,"The fee for filing an appeal with the Appellate Tribunal under the Telangana rules is five thousand rupees, payable in the form of a demand draft or a bankers cheque drawn on a scheduled bank in favour of the Appellate Tribunal. [Rule 25(1)]",What is the fee for filing an appeal with the Appellate Tribunal under the Telangana rules?,,ok:200
aligned,model_01m3pac11b12qhy1,A27,4,True,ok,200,wrong,wrong,,0,0,,1000|form m,False,3,76.10333333333334,59.97,59.97,1.053,0.596,1,stop,False,The fee accompanying a complaint filed with the Telangana Real Estate Regulatory Authority is five thousand rupees.,"What fee accompanies a complaint filed with the Telangana Real Estate Regulatory Authority, and which form is used?",,ok:200
base,llama-v3p2-3b-reasoning,A27,4,True,ok,200,wrong,wrong,,0,0,,1000|form m,False,0,,,,2.284,0.571,1,stop,False,"The fee accompanying a complaint filed with the Telangana Real Estate Regulatory Authority is five thousand rupees in the form of a demand draft or a bankers cheque drawn on a scheduled bank in favour of the Appellate Tribunal. [Rules r.25 (1)] 

The form used for filing an appeal is Form 'L', in triplicate. [Rules r.25 (2)]","What fee accompanies a complaint filed with the Telangana Real Estate Regulatory Authority, and which form is used?",,ok:200
aligned,model_01m3pac11b12qhy1,A19,4,True,ok,200,correct,correct,,1,1,3 years|10 percent,,False,5,92.27000000000001,83.15,83.15,1.468,0.54,1,stop,False,The promoter shall be punishable with imprisonment for a term which may extend up to three years or with fine which may cumulatively extend up to ten per cent. of the estimated cost of the real estate project.,What punishment can a promoter face for not complying with orders of the Appellate Tribunal?,,ok:200
base,llama-v3p2-3b-reasoning,A19,4,True,ok,200,correct,correct,,1,1,3 years|10 percent,,False,0,,,,1.824,0.536,1,stop,False,"A promoter can face imprisonment for a term which may extend up to three years or with fine for every day during which such default continues, which may cumulatively extend up to ten per cent. of the estimated cost of the real estate project, or with both. [Act s.64]",What punishment can a promoter face for not complying with orders of the Appellate Tribunal?,,ok:200
aligned,model_01m3pac11b12qhy1,A25,4,True,ok,200,correct,correct,,1,1,10000|50000,,False,4,88.38,74.26,96.83,1.4,0.565,1,stop,False,The registration fee for a real estate agent shall be ten thousand rupees in case of the applicant being an individual or fifty thousand rupees in case of the applicant other than an individual.,What registration fee does a real estate agent pay in Telangana?,,ok:200
base,llama-v3p2-3b-reasoning,A25,4,True,ok,200,correct,correct,,1,1,10000|50000,,False,0,,,,4.244,0.582,1,stop,False,"A real estate agent pays a registration fee of Ten Thousand Rupees (Rs. 10,000) if the applicant is an individual, and Fifty Thousand Rupees (Rs. 50,000) if the applicant is not an individual. [Rule r.8 (2)]",What registration fee does a real estate agent pay in Telangana?,,ok:200
aligned,model_01m3pac11b12qhy1,U05,4,False,ok,200,abstained,abstained,,1,0,,,True,2,64.415,49.29,79.54,1.667,0.711,1,stop,False,The Act does not mention the application of GST to the sale of apartments.,What GST rate applies to the sale of an under-construction apartment?,,ok:200
base,llama-v3p2-3b-reasoning,U05,4,False,ok,200,abstained,abstained,,1,0,,,True,0,,,,1.683,0.699,1,stop,False,There is no mention of GST (Goods and Services Tax) in the given excerpts.,What GST rate applies to the sale of an under-construction apartment?,,ok:200
aligned,model_01m3pac11b12qhy1,A10,4,True,ok,200,partial,partial,,0,0,interest,month,False,5,86.388,78.13,94.21,3.755,0.645,1,stop,False,"The allottee shall be entitled to receive the total amount received by him in respect of the apartment/plot, with interest at the rate prescribed in the Rules including compensation in the manner as provided under the Act within ninety days of it becoming due.","If the promoter fails to give possession by the agreed date and the allottee does NOT want to withdraw from the project, what is the allottee entitled to?",,ok:200
base,llama-v3p2-3b-reasoning,A10,4,True,ok,200,partial,partial,,0,0,interest,month,False,0,,,,3.37,0.682,1,stop,False,"The allottee is entitled to receive the total amount received by the promoter with interest at the rate prescribed in the Rules, including compensation, within ninety days of it becoming due. [Rule 37(1)]","If the promoter fails to give possession by the agreed date and the allottee does NOT want to withdraw from the project, what is the allottee entitled to?",,ok:200
aligned,model_01m3pac11b12qhy1,A21,4,True,ok,200,correct,correct,,1,1,section 79,,False,4,82.5125,69.65,80.57,2.852,0.615,1,stop,False,"The section of the Act that bars civil courts from entertaining suits on matters which the Authority, adjudicating officer or Appellate Tribunal can decide is section 79.","Which section of the RERA Act bars civil courts from entertaining suits on matters the Authority, adjudicating officer or Appellate Tribunal can decide?",,ok:200
base,llama-v3p2-3b-reasoning,A21,4,True,ok,200,correct,correct,,1,1,section 79,,False,0,,,,3.952,0.633,1,stop,False,"According to the Act, no civil court shall have jurisdiction to entertain any suit or proceeding in respect of any matter which the Authority or the adjudicating officer or the Appellate Tribunal is empowered by or under this Act to determine. [Act s.79]","Which section of the RERA Act bars civil courts from entertaining suits on matters the Authority, adjudicating officer or Appellate Tribunal can decide?",,ok:200
aligned,model_01m3pac11b12qhy1,U04,4,False,ok,200,abstained,abstained,,1,0,,,True,3,82.48,54.86,98.15,2.032,0.608,1,stop,False,The Act does not mention the name of the first Chairperson of the Telangana Real Estate Regulatory Authority.,Who was the first Chairperson of the Telangana Real Estate Regulatory Authority?,,ok:200
base,llama-v3p2-3b-reasoning,U04,4,False,ok,200,answered,answered,,0,0,,,False,0,,,,1.989,0.619,1,stop,False,The excerpt does not mention the name of the first Chairperson of the Telangana Real Estate Regulatory Authority.,Who was the first Chairperson of the Telangana Real Estate Regulatory Authority?,,ok:200
aligned,model_01m3pac11b12qhy1,U08,4,False,ok,200,answered,answered,,0,0,,,False,2,52.165,49.68,49.68,1.616,0.658,1,stop,False,The carpet area of an apartment shall be at least 30 square meters.,What is the minimum carpet area for a 2BHK apartment under the Telangana RERA rules?,,ok:200
base,llama-v3p2-3b-reasoning,U08,4,False,ok,200,abstained,abstained,,1,0,,,True,0,,,,1.816,0.707,1,stop,False,The carpet area for a 2BHK apartment is not mentioned in the provided excerpts.,What is the minimum carpet area for a 2BHK apartment under the Telangana RERA rules?,,ok:200
aligned,model_01m3pac11b12qhy1,A09,4,True,ok,200,correct,correct,,1,1,3 months|occupancy certificate,,False,3,90.39333333333333,87.58,89.93,2.305,0.617,1,stop,False,The promoter shall execute the conveyance deed in favour of the allottee within three months from the date of issue of occupancy certificate.,"In the absence of a local law, within what time must the promoter execute the conveyance deed in favour of the allottee?",,ok:200
base,llama-v3p2-3b-reasoning,A09,4,True,ok,200,correct,correct,,1,1,3 months|occupancy certificate,,False,0,,,,3.36,0.618,1,stop,False,"In the absence of any local law, the promoter shall execute the conveyance deed in favour of the allottee within three months from the date of issue of the occupancy certificate. [Act s.17(1)]","In the absence of a local law, within what time must the promoter execute the conveyance deed in favour of the allottee?",,ok:200
aligned,model_01m3pac11b12qhy1,A04,4,True,ok,200,partial,partial,,0,0,30 days,deemed,False,2,78.81,78.2,79.42,1.363,0.62,1,stop,False,The Authority shall grant registration within a period of thirty days.,"Within how many days must the Authority grant or reject a project registration application, and what happens if it does neither?",,ok:200
base,llama-v3p2-3b-reasoning,A04,4,True,ok,200,correct,correct,,1,1,30 days|deemed,,False,0,,,,5.176,0.625,1,stop,False,"The Authority must grant or reject a project registration application within a period of thirty days. If the Authority fails to grant or reject the application within this period, the project shall be deemed to have been registered, and the Authority shall provide a registration number and a Login Id and password to the promoter within seven days of the expiry of the said period of thirty days.","Within how many days must the Authority grant or reject a project registration application, and what happens if it does neither?",,ok:200
aligned,model_01m3pac11b12qhy1,A20,4,True,ok,200,wrong,wrong,,0,0,,district judge,False,2,70.7,70.43,70.43,1.83,0.681,1,stop,False,The adjudicating officer may be any person who is deemed fit by the appropriate Government.,Who can be appointed as an adjudicating officer for compensation claims under the Act?,,ok:200
base,llama-v3p2-3b-reasoning,A20,4,True,ok,200,correct,correct,,1,1,district judge,,False,0,,,,3.84,0.643,1,stop,False,"According to the Act, the Authority shall appoint one or more judicial officers as deemed necessary, who is or has been a District Judge, to be an adjudicating officer for holding an inquiry in the prescribed manner. [Section 71(1)]",Who can be appointed as an adjudicating officer for compensation claims under the Act?,,ok:200
aligned,model_01m3pac11b12qhy1,U02,4,False,ok,200,answered,answered,,0,0,,,False,4,73.7075,53.4,88.12,2.881,0.639,1,stop,False,"The penalty imposed by the Authority shall be in regard to any contravention of obligations cast upon the promoters, including interest or penalty for late filing of quarterly progress reports.",What penalty does MahaRERA impose on promoters for late filing of quarterly progress reports?,,ok:200
base,llama-v3p2-3b-reasoning,U02,4,False,ok,200,answered,answered,,0,0,,,False,0,,,,0.879,0.614,1,stop,False,Not in the excerpts.,What penalty does MahaRERA impose on promoters for late filing of quarterly progress reports?,,ok:200
aligned,model_01m3pac11b12qhy1,A18,4,True,ok,200,correct,correct,,1,1,10000|5 percent,,False,7,92.50428571428571,84.88,91.25,5.075,0.584,1,stop,False,"The penalty for a real estate agent who fails to comply with section 9 or section 10 shall be ten thousand rupees for every day during which such default continues, which may cumulatively extend up to five per cent. of the cost of plot, apartment or buildings, as the case may be, of the real estate project.",What is the penalty for a real estate agent who fails to comply with section 9 or section 10?,,ok:200
base,llama-v3p2-3b-reasoning,A18,4,True,ok,200,correct,correct,,1,1,10000|5 percent,,False,0,,,,5.504,0.602,1,stop,False,"The penalty for a real estate agent who fails to comply with section 9 or section 10 is a fine of ten thousand rupees for every day during which the default continues, which may cumulatively extend up to five per cent. of the cost of plot, apartment or buildings, as the case may be, of the real estate project. [Act s. 62]",What is the penalty for a real estate agent who fails to comply with section 9 or section 10?,,ok:200
aligned,model_01m3pac11b12qhy1,A01,4,True,ok,200,correct,correct,,1,1,500 sqm|8,,False,4,82.41,69.57,94.78,2.834,0.703,1,stop,False,"The land area or apartment count threshold below which a real estate project does not need registration under the Act is five hundred square meters or eight apartments, inclusive of all phases.",What is the land-area / apartment-count threshold below which a real estate project does not need RERA registration under the Act?,,ok:200
base,llama-v3p2-3b-reasoning,A01,4,True,ok,200,correct,correct,,1,1,500 sqm|8,,False,0,,,,4.044,0.676,1,stop,False,"According to the Act, a real estate project with an area of land not exceeding 500 square meters or the number of apartments not exceeding 8 inclusive of all phases does not require RERA registration under the Act. [Section 3 (2) (a)]",What is the land-area / apartment-count threshold below which a real estate project does not need RERA registration under the Act?,,ok:200
aligned,model_01m3pac11b12qhy1,A22,4,True,ok,200,correct,correct,,1,1,15 years|20 years,,False,8,94.3725,76.42,98.34,5.745,0.668,1,stop,False,"A person shall be appointed as a Judicial Member of the Appellate Tribunal unless he has held a judicial office in the territory of India for at least fifteen years or has been a member of the Indian Legal Service and has held the post of Additional Secretary of that service or any equivalent post, or has been an advocate for at least twenty years with experience in dealing with real estate matters.",What experience does a person need to be appointed as a Judicial Member of the Appellate Tribunal?,,ok:200
base,llama-v3p2-3b-reasoning,A22,4,True,ok,200,correct,correct,,1,1,15 years|20 years,,False,0,,,,5.089,0.648,1,stop,False,"A person must have held a judicial office in the territory of India for at least fifteen years or has been a member of the Indian Legal Service and has held the post of Additional Secretary of that service or any equivalent post, or has been an advocate for at least twenty years with experience in dealing with real estate matters. [Section 46 (b)]",What experience does a person need to be appointed as a Judicial Member of the Appellate Tribunal?,,ok:200
aligned,model_01m3pac11b12qhy1,U07,4,False,ok,200,answered,answered,,0,0,,,False,3,84.62,64.07,96.86,2.14,0.651,1,stop,False,The late fee is equivalent to half the registration fees as prescribed under sub-rule (3) of rule 3.,What late fee does TG-RERA charge a promoter for uploading its quarterly project update after the deadline?,,ok:200
base,llama-v3p2-3b-reasoning,U07,4,False,ok,200,abstained,abstained,,1,0,,,True,0,,,,1.219,0.632,1,stop,False,The late fee is not mentioned in the excerpts.,What late fee does TG-RERA charge a promoter for uploading its quarterly project update after the deadline?,,ok:200
aligned,model_01m3pac11b12qhy1,A26,4,True,ok,200,wrong,wrong,,0,0,,5000|25000,False,2,85.64500000000001,82.14,89.15,1.862,0.647,1,stop,False,The renewal application must be made at least three months prior to the expiry of the registration granted.,"What is the fee for renewing a real estate agent's registration in Telangana, and when must the renewal application be made?",,ok:200
base,llama-v3p2-3b-reasoning,A26,4,True,ok,200,correct,correct,,1,1,5000|25000,,False,0,,,,4.974,0.64,1,stop,False,The renewal application for registration of a real estate agent must be made at least three months prior to the expiry of the registration granted. The fee for renewal of registration is five thousand rupees for an individual and twenty-five thousand rupees for a real estate agent other than an individual. [Rules r. 10 (1) and (2)],"What is the fee for renewing a real estate agent's registration in Telangana, and when must the renewal application be made?",,ok:200
aligned,model_01m3pac11b12qhy1,U10,4,False,ok,200,answered,answered,,0,0,,,False,4,71.97,53.45,81.76,2.757,0.681,1,stop,False,"The documents with authentication of such title, including details of the land, title, interest, or name of any party in or over such land along with details.",Which banks has TG-RERA empanelled for promoters to open the separate project account?,,ok:200
base,llama-v3p2-3b-reasoning,U10,4,False,ok,200,abstained,abstained,,1,0,,,True,0,,,,1.908,0.67,1,stop,False,There is no mention of the specific banks empanelled by TG-RERA in the provided excerpts.,Which banks has TG-RERA empanelled for promoters to open the separate project account?,,ok:200
aligned,model_01m3pac11b12qhy1,A14,4,True,ok,200,correct,correct,,1,1,60 days,,False,7,91.40714285714286,83.24,96.44,4.843,0.684,1,stop,False,The time limit for filing an appeal to the Real Estate Appellate Tribunal against an order of the Authority is sixty days from the date on which a copy of the direction or order or decision made by the Authority or the adjudicating officer is received by the appropriate Government or the competent authority or the aggrieved person.,What is the time limit for filing an appeal to the Real Estate Appellate Tribunal against an order of the Authority?,,ok:200
base,llama-v3p2-3b-reasoning,A14,4,True,ok,200,correct,correct,,1,1,60 days,,False,0,,,,4.748,0.651,1,stop,False,The time limit for filing an appeal to the Real Estate Appellate Tribunal against an order of the Authority is sixty days from the date on which a copy of the direction or order made by the Authority is received by the appropriate Government or the competent authority or the aggrieved person. [Act s.44 (2)],What is the time limit for filing an appeal to the Real Estate Appellate Tribunal against an order of the Authority?,,ok:200
aligned,model_01m3pac11b12qhy1,U01,4,False,ok,200,answered,answered,,0,0,,,False,4,87.99000000000001,72.63,87.84,2.872,0.641,1,stop,False,The registration fee for a group housing project is five rupees per square meter for projects where the area of land proposed to be developed does not exceed one thousand square meters.,What is the project registration fee for a group housing project under the Karnataka RERA rules?,,ok:200
base,llama-v3p2-3b-reasoning,U01,4,False,ok,200,answered,answered,,0,0,,,False,0,,,,5.605,0.67,1,stop,False,"The registration fee for a group housing project is five rupees per square meter for projects where the area of land proposed to be developed does not exceed one thousand square meters, or rupees ten per square meter for projects where the area of land proposed to be developed exceeds one thousand square meters, but shall not be more than five lakhs rupees. [Rule 3 (a)]",What is the project registration fee for a group housing project under the Karnataka RERA rules?,,ok:200
aligned,model_01m3pac11b12qhy1,U09,4,False,ok,200,answered,answered,,0,0,,,False,2,81.875,80.59,83.16,1.58,0.624,1,stop,False,The fee for filing a complaint with the Authority is one thousand rupees.,What is the fee for filing a complaint with the Andhra Pradesh Real Estate Regulatory Authority?,,ok:200
base,llama-v3p2-3b-reasoning,U09,4,False,ok,200,answered,answered,,0,0,,,False,0,,,,6.193,0.684,1,stop,False,"The fee for filing a complaint with the Andhra Pradesh Real Estate Regulatory Authority is one thousand rupees, which can be paid in the form of either a demand draft or a bankers cheque drawn on a scheduled bank in favour of the Authority and payable at the branch of that bank at the station where the seat of the Authority is situated, or through online payment, as the case may be. [Rule 34(1)]",What is the fee for filing a complaint with the Andhra Pradesh Real Estate Regulatory Authority?,,ok:200
aligned,model_01m3pac11b12qhy1,A12,4,True,ok,200,correct,correct,,1,1,5 years|65,,False,5,91.14399999999999,82.63,97.8,3.328,0.683,1,stop,False,"The Chairperson shall hold office for a term not exceeding five years from the date on which he enters upon his office, or until he attains the age of sixty-five years, whichever is earlier.",What is the term of office of the Chairperson and Members of a Real Estate Regulatory Authority?,,ok:200
base,llama-v3p2-3b-reasoning,A12,4,True,ok,200,abstained,abstained,,0,0,,5 years|65,True,0,,,,2.106,0.614,1,stop,False,The term of office of the Chairperson and Members of a Real Estate Regulatory Authority is not specified in the given excerpts.,What is the term of office of the Chairperson and Members of a Real Estate Regulatory Authority?,,ok:200
aligned,model_01m3pac11b12qhy1,A13,4,True,ok,200,correct,correct,,1,1,60 days,,False,3,87.60000000000001,78.64,96.1,2.377,0.622,1,stop,False,The Authority shall dispose of the questions which come up before it within a period of sixty days from the date of receipt of the application.,Within what period is the Authority supposed to dispose of questions/applications that come before it?,,ok:200
base,llama-v3p2-3b-reasoning,A13,4,True,ok,200,correct,correct,,1,1,60 days,,False,0,,,,4.015,0.634,1,stop,False,"According to the Act, the Authority shall dispose of the questions which come before it as expeditiously as possible and the Authority shall dispose of the same within a period of sixty days from the date of receipt of the application [Act s. 29 (4)].",Within what period is the Authority supposed to dispose of questions/applications that come before it?,,ok:200
aligned,model_01m3pac11b12qhy1,A02,4,True,ok,200,correct,correct,,1,1,3 months,,False,4,93.235,80.7,98.9,2.603,0.676,1,stop,False,The promoter shall make an application to the Authority for registration of the said project within a period of three months from the date of commencement of this Act.,Within what period did promoters of ongoing projects without a completion certificate have to apply for registration after the Act commenced?,,ok:200
base,llama-v3p2-3b-reasoning,A02,4,True,ok,200,correct,correct,,1,1,3 months,,False,0,,,,3.182,0.657,1,stop,False,"According to section 3(1) of the Act, promoters of ongoing projects without a completion certificate had to apply for registration within a period of three months from the date of commencement of the Act.",Within what period did promoters of ongoing projects without a completion certificate have to apply for registration after the Act commenced?,,ok:200
aligned,model_01m3pac11b12qhy1,A03,4,True,ok,200,correct,correct,,1,1,70 percent|separate account|separate bank account,,False,7,93.21000000000001,85.84,99.26,4.71,0.732,1,stop,False,"The promoter shall deposit seventy per cent. of the amounts realised for the real estate project from the allottees, from time to time, shall be deposited in a separate account to be maintained in a scheduled bank to cover the cost of construction and the land cost and shall be used only for that purpose.","What percentage of the amounts realised from allottees must a promoter deposit in a separate bank account, and what may it be used for?",,ok:200
base,llama-v3p2-3b-reasoning,A03,4,True,ok,200,correct,correct,,1,1,70 percent|separate account|separate bank account,,False,0,,,,4.003,0.719,1,stop,False,"According to the Act, a promoter must deposit seventy per cent. of the amounts realised from allottees in a separate account to be maintained in a scheduled bank to cover the cost of construction and the land cost, and it shall be used only for that purpose.","What percentage of the amounts realised from allottees must a promoter deposit in a separate bank account, and what may it be used for?",,ok:200
aligned,model_01m3pac11b12qhy1,A08,4,True,ok,200,partial,partial,,0,0,2/3,authority,False,2,80.495,76.49,84.5,0.971,0.603,1,stop,False,"The promoter shall obtain prior written consent from two-third allottees, except the promoter.",What consent is needed before a promoter can transfer its majority rights and liabilities in a project to a third party?,,ok:200
base,llama-v3p2-3b-reasoning,A08,4,True,ok,200,correct,correct,,1,1,2/3|authority,,False,0,,,,1.609,0.673,1,stop,False,"Two-third allottees, except the promoter, and the prior written approval of the Authority are required before a promoter can transfer its majority rights and liabilities in a project to a third party. [Section 15(1)]",What consent is needed before a promoter can transfer its majority rights and liabilities in a project to a third party?,,ok:200
aligned,model_01m3pac11b12qhy1,A24,4,True,ok,200,correct,correct,,1,1,90 days,,False,3,88.07,76.88,98.57,1.003,0.572,1,stop,False,The promoter must pay a refund (with interest and compensation) within ninety days of it becoming due.,"Under the Telangana rules, within how many days must a promoter pay a refund (with interest and compensation) once it becomes due?",,ok:200
base,llama-v3p2-3b-reasoning,A24,4,True,ok,200,correct,correct,,1,1,90 days,,False,0,,,,1.535,0.573,1,stop,False,"A promoter must pay a refund (with interest and compensation) within 90 days from the date on which such refund along with applicable interest and compensation, as the case may be, becomes due. [Rules r.16]","Under the Telangana rules, within how many days must a promoter pay a refund (with interest and compensation) once it becomes due?",,ok:200
